ISO-10303-21;
HEADER;
/* Generated by software containing ST-Developer
 * from STEP Tools, Inc. (www.steptools.com) 
 */

FILE_DESCRIPTION(
/* description */ (''),
/* implementation_level */ '2;1');

FILE_NAME(
/* name */ 'Hand assebly.step',
/* time_stamp */ '2026-09-28T17:45:43+02:00',
/* author */ (''),
/* organization */ (''),
/* preprocessor_version */ 'ST-DEVELOPER v20.2',
/* originating_system */ 'Autodesk Translation Framework v15.15.0.0',
/* authorisation */ '');

FILE_SCHEMA (('AUTOMOTIVE_DESIGN { 1 0 10303 214 3 1 1 }'));
ENDSEC;

DATA;
#10=MECHANICAL_DESIGN_GEOMETRIC_PRESENTATION_REPRESENTATION('',(#59,#60),
#5880);
#11=ITEM_DEFINED_TRANSFORMATION($,$,#3467,#3711);
#12=ITEM_DEFINED_TRANSFORMATION($,$,#3585,#3712);
#13=(
REPRESENTATION_RELATIONSHIP($,$,#5894,#5893)
REPRESENTATION_RELATIONSHIP_WITH_TRANSFORMATION(#11)
SHAPE_REPRESENTATION_RELATIONSHIP()
);
#14=(
REPRESENTATION_RELATIONSHIP($,$,#5895,#5893)
REPRESENTATION_RELATIONSHIP_WITH_TRANSFORMATION(#12)
SHAPE_REPRESENTATION_RELATIONSHIP()
);
#15=CONTEXT_DEPENDENT_SHAPE_REPRESENTATION(#13,#5891);
#16=CONTEXT_DEPENDENT_SHAPE_REPRESENTATION(#14,#5892);
#17=NEXT_ASSEMBLY_USAGE_OCCURRENCE('Body30 (2):1','Body30 (2):1',
'Body30 (2):1',#5897,#5898,'Body30 (2):1');
#18=NEXT_ASSEMBLY_USAGE_OCCURRENCE('Body30 (1):1','Body30 (1):1',
'Body30 (1):1',#5897,#5899,'Body30 (1):1');
#19=B_SPLINE_SURFACE_WITH_KNOTS('',3,3,((#5154,#5155,#5156,#5157),(#5158,
#5159,#5160,#5161),(#5162,#5163,#5164,#5165),(#5166,#5167,#5168,#5169)),
 .UNSPECIFIED.,.F.,.F.,.F.,(4,4),(4,4),(0.,1.),(0.,0.375380430776686),
 .UNSPECIFIED.);
#20=B_SPLINE_SURFACE_WITH_KNOTS('',3,3,((#5184,#5185,#5186,#5187),(#5188,
#5189,#5190,#5191),(#5192,#5193,#5194,#5195),(#5196,#5197,#5198,#5199)),
 .UNSPECIFIED.,.F.,.F.,.F.,(4,4),(4,4),(0.215481084438818,1.),(0.445146977578746,
0.749999869614831),.UNSPECIFIED.);
#21=B_SPLINE_SURFACE_WITH_KNOTS('',3,1,((#5214,#5215),(#5216,#5217),(#5218,
#5219),(#5220,#5221)),.UNSPECIFIED.,.F.,.F.,.F.,(4,4),(2,2),(-1.23249422397767,
-0.00119509412264118),(0.,0.01),.UNSPECIFIED.);
#22=B_SPLINE_SURFACE_WITH_KNOTS('',3,3,((#5333,#5334,#5335,#5336),(#5337,
#5338,#5339,#5340),(#5341,#5342,#5343,#5344),(#5345,#5346,#5347,#5348)),
 .UNSPECIFIED.,.F.,.F.,.F.,(4,4),(4,4),(0.,1.),(0.,0.375483207310482),
 .UNSPECIFIED.);
#23=B_SPLINE_SURFACE_WITH_KNOTS('',3,3,((#5361,#5362,#5363,#5364),(#5365,
#5366,#5367,#5368),(#5369,#5370,#5371,#5372),(#5373,#5374,#5375,#5376)),
 .UNSPECIFIED.,.F.,.F.,.F.,(4,4),(4,4),(0.,1.),(0.,0.375483207312502),
 .UNSPECIFIED.);
#24=B_SPLINE_SURFACE_WITH_KNOTS('',3,3,((#5378,#5379,#5380,#5381),(#5382,
#5383,#5384,#5385),(#5386,#5387,#5388,#5389),(#5390,#5391,#5392,#5393)),
 .UNSPECIFIED.,.F.,.F.,.F.,(4,4),(4,4),(0.,1.),(0.437914930576467,1.),
 .UNSPECIFIED.);
#25=B_SPLINE_SURFACE_WITH_KNOTS('',3,1,((#5487,#5488),(#5489,#5490),(#5491,
#5492),(#5493,#5494)),.UNSPECIFIED.,.F.,.F.,.F.,(4,4),(2,2),(-1.23249422397767,
-0.00119509412264118),(0.,0.01),.UNSPECIFIED.);
#26=B_SPLINE_SURFACE_WITH_KNOTS('',3,3,((#5511,#5512,#5513,#5514),(#5515,
#5516,#5517,#5518),(#5519,#5520,#5521,#5522),(#5523,#5524,#5525,#5526)),
 .UNSPECIFIED.,.F.,.F.,.F.,(4,4),(4,4),(0.,1.),(0.,0.0133538723574772),
 .UNSPECIFIED.);
#27=B_SPLINE_SURFACE_WITH_KNOTS('',3,3,((#5530,#5531,#5532,#5533),(#5534,
#5535,#5536,#5537),(#5538,#5539,#5540,#5541),(#5542,#5543,#5544,#5545)),
 .UNSPECIFIED.,.F.,.F.,.F.,(4,4),(4,4),(0.,1.),(0.790679102589665,1.),
 .UNSPECIFIED.);
#28=B_SPLINE_SURFACE_WITH_KNOTS('',3,3,((#5559,#5560,#5561,#5562),(#5563,
#5564,#5565,#5566),(#5567,#5568,#5569,#5570),(#5571,#5572,#5573,#5574)),
 .UNSPECIFIED.,.F.,.F.,.F.,(4,4),(4,4),(0.,1.),(0.445146977578746,0.761828145807598),
 .UNSPECIFIED.);
#29=B_SPLINE_SURFACE_WITH_KNOTS('',3,3,((#5590,#5591,#5592,#5593),(#5594,
#5595,#5596,#5597),(#5598,#5599,#5600,#5601),(#5602,#5603,#5604,#5605)),
 .UNSPECIFIED.,.F.,.F.,.F.,(4,4),(4,4),(0.,1.),(0.874148078253381,1.),
 .UNSPECIFIED.);
#30=B_SPLINE_SURFACE_WITH_KNOTS('',3,3,((#5612,#5613,#5614,#5615),(#5616,
#5617,#5618,#5619),(#5620,#5621,#5622,#5623),(#5624,#5625,#5626,#5627)),
 .UNSPECIFIED.,.F.,.F.,.F.,(4,4),(4,4),(0.,1.),(0.873418162469119,1.),
 .UNSPECIFIED.);
#31=B_SPLINE_CURVE_WITH_KNOTS('',3,(#5079,#5080,#5081,#5082,#5083,#5084,
#5085),.UNSPECIFIED.,.F.,.F.,(4,3,4),(-0.00426738234751471,-0.00280754571404926,
0.),.UNSPECIFIED.);
#32=B_SPLINE_CURVE_WITH_KNOTS('',3,(#5087,#5088,#5089,#5090,#5091,#5092),
 .UNSPECIFIED.,.F.,.F.,(4,2,4),(-0.00195985131454423,-0.000979925629281506,
-0.00062003205221924),.UNSPECIFIED.);
#33=B_SPLINE_CURVE_WITH_KNOTS('',3,(#5110,#5111,#5112,#5113,#5114,#5115),
 .UNSPECIFIED.,.F.,.F.,(4,2,4),(-0.00152960341339099,-0.000979925677251232,
0.),.UNSPECIFIED.);
#34=B_SPLINE_CURVE_WITH_KNOTS('',3,(#5117,#5118,#5119,#5120,#5121,#5122,
#5123),.UNSPECIFIED.,.F.,.F.,(4,3,4),(-0.00630636183399958,-0.00315222956138132,
-0.00153271618190965),.UNSPECIFIED.);
#35=B_SPLINE_CURVE_WITH_KNOTS('',3,(#5171,#5172,#5173,#5174,#5175,#5176,
#5177,#5178,#5179,#5180),.UNSPECIFIED.,.F.,.F.,(4,2,2,2,4),(-0.613813614945168,
-0.424561737708402,-0.188481416969267,-0.0926737947844544,-4.08635580928518E-9),
 .UNSPECIFIED.);
#36=B_SPLINE_CURVE_WITH_KNOTS('',3,(#5201,#5202,#5203,#5204,#5205,#5206),
 .UNSPECIFIED.,.F.,.F.,(4,2,4),(0.000586495888462474,0.00136089877675323,
0.00272179755350663),.UNSPECIFIED.);
#37=B_SPLINE_CURVE_WITH_KNOTS('',3,(#5207,#5208,#5209,#5210,#5211,#5212,
#5213),.UNSPECIFIED.,.F.,.F.,(4,3,4),(-1.11595455968843,-0.805186854030011,
-0.731146871565592),.UNSPECIFIED.);
#38=B_SPLINE_CURVE_WITH_KNOTS('',3,(#5222,#5223,#5224,#5225),
 .UNSPECIFIED.,.F.,.F.,(4,4),(-0.609976140998537,-0.00119509412264118),
 .UNSPECIFIED.);
#39=B_SPLINE_CURVE_WITH_KNOTS('',3,(#5236,#5237,#5238,#5239,#5240,#5241,
#5242),.UNSPECIFIED.,.F.,.F.,(4,3,4),(0.,0.102566557837197,0.194066919123028),
 .UNSPECIFIED.);
#40=B_SPLINE_CURVE_WITH_KNOTS('',3,(#5252,#5253,#5254,#5255,#5256,#5257,
#5258),.UNSPECIFIED.,.F.,.F.,(4,3,4),(-0.00632126902257144,-0.00316173424616643,
0.),.UNSPECIFIED.);
#41=B_SPLINE_CURVE_WITH_KNOTS('',3,(#5260,#5261,#5262,#5263,#5264,#5265),
 .UNSPECIFIED.,.F.,.F.,(4,2,4),(-0.274234101714432,-0.137535679185244,0.),
 .UNSPECIFIED.);
#42=B_SPLINE_CURVE_WITH_KNOTS('',3,(#5279,#5280,#5281,#5282,#5283,#5284),
 .UNSPECIFIED.,.F.,.F.,(4,2,4),(-0.288338071640767,-0.143780082333614,0.),
 .UNSPECIFIED.);
#43=B_SPLINE_CURVE_WITH_KNOTS('',3,(#5286,#5287,#5288,#5289,#5290,#5291,
#5292),.UNSPECIFIED.,.F.,.F.,(4,3,4),(-0.0056288795072077,-0.0028135586858454,
0.),.UNSPECIFIED.);
#44=B_SPLINE_CURVE_WITH_KNOTS('',3,(#5326,#5327,#5328,#5329,#5330,#5331),
 .UNSPECIFIED.,.F.,.F.,(4,2,4),(0.,0.18745844236433,0.374831711451127),
 .UNSPECIFIED.);
#45=B_SPLINE_CURVE_WITH_KNOTS('',3,(#5395,#5396,#5397,#5398),
 .UNSPECIFIED.,.F.,.F.,(4,4),(0.,1.),.UNSPECIFIED.);
#46=B_SPLINE_CURVE_WITH_KNOTS('',3,(#5402,#5403,#5404,#5405),
 .UNSPECIFIED.,.F.,.F.,(4,4),(0.0499999535233482,0.0581641351143597),
 .UNSPECIFIED.);
#47=B_SPLINE_CURVE_WITH_KNOTS('',3,(#5407,#5408,#5409,#5410),
 .UNSPECIFIED.,.F.,.F.,(4,4),(0.,0.0703857771699023),.UNSPECIFIED.);
#48=B_SPLINE_CURVE_WITH_KNOTS('',3,(#5497,#5498,#5499,#5500),
 .UNSPECIFIED.,.F.,.F.,(4,4),(-1.23249422397767,-0.720140141814404),
 .UNSPECIFIED.);
#49=B_SPLINE_CURVE_WITH_KNOTS('',3,(#5547,#5548,#5549,#5550,#5551,#5552),
 .UNSPECIFIED.,.F.,.F.,(4,2,4),(0.,0.00119473003628136,0.00239002826696585),
 .UNSPECIFIED.);
#50=B_SPLINE_CURVE_WITH_KNOTS('',3,(#5554,#5555,#5556,#5557),
 .UNSPECIFIED.,.F.,.F.,(4,4),(0.,1.),.UNSPECIFIED.);
#51=B_SPLINE_CURVE_WITH_KNOTS('',3,(#5575,#5576,#5577,#5578,#5579,#5580),
 .UNSPECIFIED.,.F.,.F.,(4,2,4),(0.,0.010165735633661,0.0208332992064355),
 .UNSPECIFIED.);
#52=B_SPLINE_CURVE_WITH_KNOTS('',3,(#5608,#5609,#5610,#5611),
 .UNSPECIFIED.,.F.,.F.,(4,4),(0.,1.),.UNSPECIFIED.);
#53=B_SPLINE_CURVE_WITH_KNOTS('',3,(#5628,#5629,#5630,#5631,#5632,#5633),
 .UNSPECIFIED.,.F.,.F.,(4,2,4),(0.,0.00153406798324223,0.00306649035797047),
 .UNSPECIFIED.);
#54=B_SPLINE_CURVE_WITH_KNOTS('',3,(#5634,#5635,#5636,#5637),
 .UNSPECIFIED.,.F.,.F.,(4,4),(0.,1.),.UNSPECIFIED.);
#55=SHAPE_REPRESENTATION_RELATIONSHIP('SRR','None',#5894,#57);
#56=SHAPE_REPRESENTATION_RELATIONSHIP('SRR','None',#5895,#58);
#57=ADVANCED_BREP_SHAPE_REPRESENTATION('',(#61),#5878);
#58=ADVANCED_BREP_SHAPE_REPRESENTATION('',(#62),#5879);
#59=STYLED_ITEM('',(#5912),#61);
#60=STYLED_ITEM('',(#5912),#62);
#61=MANIFOLD_SOLID_BREP('Body30 (2)',#3441);
#62=MANIFOLD_SOLID_BREP('Body30 (1)',#3442);
#63=FACE_BOUND('',#394,.T.);
#64=FACE_BOUND('',#395,.T.);
#65=FACE_BOUND('',#403,.T.);
#66=FACE_BOUND('',#404,.T.);
#67=FACE_BOUND('',#414,.T.);
#68=FACE_BOUND('',#421,.T.);
#69=FACE_BOUND('',#516,.T.);
#70=FACE_BOUND('',#527,.T.);
#71=FACE_BOUND('',#528,.T.);
#72=FACE_BOUND('',#531,.T.);
#73=FACE_BOUND('',#536,.T.);
#74=FACE_BOUND('',#537,.T.);
#75=CIRCLE('',#3471,0.7);
#76=CIRCLE('',#3472,0.7);
#77=CIRCLE('',#3479,0.7);
#78=CIRCLE('',#3488,7.5);
#79=CIRCLE('',#3489,3.50000000000001);
#80=CIRCLE('',#3495,5.5);
#81=CIRCLE('',#3496,5.5);
#82=CIRCLE('',#3498,7.50000005960465);
#83=CIRCLE('',#3501,7.50000005960465);
#84=CIRCLE('',#3512,4.05);
#85=CIRCLE('',#3513,4.05);
#86=CIRCLE('',#3515,7.50000005960465);
#87=CIRCLE('',#3517,7.50000005960465);
#88=CIRCLE('',#3519,1.98);
#89=CIRCLE('',#3521,8.5);
#90=CIRCLE('',#3522,8.5);
#91=CIRCLE('',#3524,7.5);
#92=CIRCLE('',#3525,7.5);
#93=CIRCLE('',#3526,1.98);
#94=CIRCLE('',#3527,6.);
#95=CIRCLE('',#3529,7.5);
#96=CIRCLE('',#3531,6.);
#97=CIRCLE('',#3532,6.);
#98=CIRCLE('',#3536,7.5);
#99=CIRCLE('',#3538,6.);
#100=CIRCLE('',#3539,6.);
#101=CIRCLE('',#3542,7.5);
#102=CIRCLE('',#3543,7.5);
#103=CIRCLE('',#3544,7.5);
#104=CIRCLE('',#3546,8.5);
#105=CIRCLE('',#3547,1.98);
#106=CIRCLE('',#3549,1.98);
#107=CIRCLE('',#3554,8.5);
#108=CIRCLE('',#3556,6.);
#109=CIRCLE('',#3564,3.50000000000001);
#110=CIRCLE('',#3572,7.50000005960465);
#111=CIRCLE('',#3573,4.05);
#112=CIRCLE('',#3574,7.50000005960465);
#113=CIRCLE('',#3579,4.05);
#114=CIRCLE('',#3581,7.50000005960465);
#115=CIRCLE('',#3583,7.50000005960465);
#116=CIRCLE('',#3620,5.5);
#117=CIRCLE('',#3621,5.5);
#118=CIRCLE('',#3623,7.50000005960465);
#119=CIRCLE('',#3626,7.50000005960465);
#120=CIRCLE('',#3633,7.5);
#121=CIRCLE('',#3636,6.);
#122=CIRCLE('',#3637,6.);
#123=CIRCLE('',#3638,6.);
#124=CIRCLE('',#3639,6.);
#125=CIRCLE('',#3640,6.);
#126=CIRCLE('',#3649,7.5);
#127=CIRCLE('',#3659,7.5);
#128=CIRCLE('',#3661,1.98);
#129=CIRCLE('',#3662,1.98);
#130=CIRCLE('',#3664,1.98);
#131=CIRCLE('',#3665,1.98);
#132=CIRCLE('',#3668,4.05);
#133=CIRCLE('',#3669,4.05);
#134=CIRCLE('',#3672,4.05);
#135=CIRCLE('',#3673,4.05);
#136=CIRCLE('',#3676,7.50000005960465);
#137=CIRCLE('',#3677,7.50000005960465);
#138=CIRCLE('',#3679,7.50000005960465);
#139=CIRCLE('',#3681,7.5);
#140=CIRCLE('',#3684,7.5);
#141=CIRCLE('',#3690,7.5);
#142=CIRCLE('',#3699,7.50000005960465);
#143=CIRCLE('',#3700,7.50000005960465);
#144=CIRCLE('',#3706,7.50000005960465);
#145=ELLIPSE('',#3470,5.64358042380896,0.7);
#146=ELLIPSE('',#3477,0.724693326287058,0.7);
#147=ELLIPSE('',#3482,5.64358042380896,0.7);
#148=ELLIPSE('',#3587,0.402995539207708,0.4);
#149=ELLIPSE('',#3588,0.402716054458924,0.4);
#150=ELLIPSE('',#3591,0.402716054458924,0.4);
#151=ELLIPSE('',#3592,0.402995539207708,0.4);
#152=ELLIPSE('',#3594,0.402995539207708,0.4);
#153=ELLIPSE('',#3595,0.402716054458924,0.4);
#154=ELLIPSE('',#3598,0.402716054458924,0.4);
#155=ELLIPSE('',#3599,0.402995539207708,0.4);
#156=ELLIPSE('',#3603,6.04493308811561,6.);
#157=ELLIPSE('',#3606,217.603594136214,6.);
#158=ELLIPSE('',#3629,425.717694280715,6.);
#159=CYLINDRICAL_SURFACE('',#3469,0.7);
#160=CYLINDRICAL_SURFACE('',#3481,0.7);
#161=CYLINDRICAL_SURFACE('',#3494,5.5);
#162=CYLINDRICAL_SURFACE('',#3500,7.50000005960465);
#163=CYLINDRICAL_SURFACE('',#3511,4.05);
#164=CYLINDRICAL_SURFACE('',#3516,7.50000005960465);
#165=CYLINDRICAL_SURFACE('',#3520,8.5);
#166=CYLINDRICAL_SURFACE('',#3528,7.5);
#167=CYLINDRICAL_SURFACE('',#3530,6.);
#168=CYLINDRICAL_SURFACE('',#3535,7.5);
#169=CYLINDRICAL_SURFACE('',#3541,7.5);
#170=CYLINDRICAL_SURFACE('',#3553,8.5);
#171=CYLINDRICAL_SURFACE('',#3557,6.);
#172=CYLINDRICAL_SURFACE('',#3565,3.50000000000001);
#173=CYLINDRICAL_SURFACE('',#3569,1.98);
#174=CYLINDRICAL_SURFACE('',#3570,1.98);
#175=CYLINDRICAL_SURFACE('',#3578,4.05);
#176=CYLINDRICAL_SURFACE('',#3580,7.50000005960465);
#177=CYLINDRICAL_SURFACE('',#3584,7.50000005960465);
#178=CYLINDRICAL_SURFACE('',#3586,0.4);
#179=CYLINDRICAL_SURFACE('',#3590,0.4);
#180=CYLINDRICAL_SURFACE('',#3593,0.4);
#181=CYLINDRICAL_SURFACE('',#3597,0.4);
#182=CYLINDRICAL_SURFACE('',#3619,5.5);
#183=CYLINDRICAL_SURFACE('',#3625,7.50000005960465);
#184=CYLINDRICAL_SURFACE('',#3635,6.);
#185=CYLINDRICAL_SURFACE('',#3660,1.98);
#186=CYLINDRICAL_SURFACE('',#3663,1.98);
#187=CYLINDRICAL_SURFACE('',#3667,4.05);
#188=CYLINDRICAL_SURFACE('',#3671,4.05);
#189=CYLINDRICAL_SURFACE('',#3689,7.5);
#190=CYLINDRICAL_SURFACE('',#3695,7.5);
#191=CYLINDRICAL_SURFACE('',#3705,7.50000005960465);
#192=CYLINDRICAL_SURFACE('',#3707,7.50000005960465);
#193=CYLINDRICAL_SURFACE('',#3709,7.50000005960465);
#194=FACE_OUTER_BOUND('',#364,.T.);
#195=FACE_OUTER_BOUND('',#365,.T.);
#196=FACE_OUTER_BOUND('',#366,.T.);
#197=FACE_OUTER_BOUND('',#367,.T.);
#198=FACE_OUTER_BOUND('',#368,.T.);
#199=FACE_OUTER_BOUND('',#369,.T.);
#200=FACE_OUTER_BOUND('',#370,.T.);
#201=FACE_OUTER_BOUND('',#371,.T.);
#202=FACE_OUTER_BOUND('',#372,.T.);
#203=FACE_OUTER_BOUND('',#373,.T.);
#204=FACE_OUTER_BOUND('',#374,.T.);
#205=FACE_OUTER_BOUND('',#375,.T.);
#206=FACE_OUTER_BOUND('',#376,.T.);
#207=FACE_OUTER_BOUND('',#377,.T.);
#208=FACE_OUTER_BOUND('',#378,.T.);
#209=FACE_OUTER_BOUND('',#379,.T.);
#210=FACE_OUTER_BOUND('',#380,.T.);
#211=FACE_OUTER_BOUND('',#381,.T.);
#212=FACE_OUTER_BOUND('',#382,.T.);
#213=FACE_OUTER_BOUND('',#383,.T.);
#214=FACE_OUTER_BOUND('',#384,.T.);
#215=FACE_OUTER_BOUND('',#385,.T.);
#216=FACE_OUTER_BOUND('',#386,.T.);
#217=FACE_OUTER_BOUND('',#387,.T.);
#218=FACE_OUTER_BOUND('',#388,.T.);
#219=FACE_OUTER_BOUND('',#389,.T.);
#220=FACE_OUTER_BOUND('',#390,.T.);
#221=FACE_OUTER_BOUND('',#391,.T.);
#222=FACE_OUTER_BOUND('',#392,.T.);
#223=FACE_OUTER_BOUND('',#393,.T.);
#224=FACE_OUTER_BOUND('',#396,.T.);
#225=FACE_OUTER_BOUND('',#397,.T.);
#226=FACE_OUTER_BOUND('',#398,.T.);
#227=FACE_OUTER_BOUND('',#399,.T.);
#228=FACE_OUTER_BOUND('',#400,.T.);
#229=FACE_OUTER_BOUND('',#401,.T.);
#230=FACE_OUTER_BOUND('',#402,.T.);
#231=FACE_OUTER_BOUND('',#405,.T.);
#232=FACE_OUTER_BOUND('',#406,.T.);
#233=FACE_OUTER_BOUND('',#407,.T.);
#234=FACE_OUTER_BOUND('',#408,.T.);
#235=FACE_OUTER_BOUND('',#409,.T.);
#236=FACE_OUTER_BOUND('',#410,.T.);
#237=FACE_OUTER_BOUND('',#411,.T.);
#238=FACE_OUTER_BOUND('',#412,.T.);
#239=FACE_OUTER_BOUND('',#413,.T.);
#240=FACE_OUTER_BOUND('',#415,.T.);
#241=FACE_OUTER_BOUND('',#416,.T.);
#242=FACE_OUTER_BOUND('',#417,.T.);
#243=FACE_OUTER_BOUND('',#418,.T.);
#244=FACE_OUTER_BOUND('',#419,.T.);
#245=FACE_OUTER_BOUND('',#420,.T.);
#246=FACE_OUTER_BOUND('',#422,.T.);
#247=FACE_OUTER_BOUND('',#423,.T.);
#248=FACE_OUTER_BOUND('',#424,.T.);
#249=FACE_OUTER_BOUND('',#425,.T.);
#250=FACE_OUTER_BOUND('',#426,.T.);
#251=FACE_OUTER_BOUND('',#427,.T.);
#252=FACE_OUTER_BOUND('',#428,.T.);
#253=FACE_OUTER_BOUND('',#429,.T.);
#254=FACE_OUTER_BOUND('',#430,.T.);
#255=FACE_OUTER_BOUND('',#431,.T.);
#256=FACE_OUTER_BOUND('',#432,.T.);
#257=FACE_OUTER_BOUND('',#433,.T.);
#258=FACE_OUTER_BOUND('',#434,.T.);
#259=FACE_OUTER_BOUND('',#435,.T.);
#260=FACE_OUTER_BOUND('',#436,.T.);
#261=FACE_OUTER_BOUND('',#437,.T.);
#262=FACE_OUTER_BOUND('',#438,.T.);
#263=FACE_OUTER_BOUND('',#439,.T.);
#264=FACE_OUTER_BOUND('',#440,.T.);
#265=FACE_OUTER_BOUND('',#441,.T.);
#266=FACE_OUTER_BOUND('',#442,.T.);
#267=FACE_OUTER_BOUND('',#443,.T.);
#268=FACE_OUTER_BOUND('',#444,.T.);
#269=FACE_OUTER_BOUND('',#445,.T.);
#270=FACE_OUTER_BOUND('',#446,.T.);
#271=FACE_OUTER_BOUND('',#447,.T.);
#272=FACE_OUTER_BOUND('',#448,.T.);
#273=FACE_OUTER_BOUND('',#449,.T.);
#274=FACE_OUTER_BOUND('',#450,.T.);
#275=FACE_OUTER_BOUND('',#451,.T.);
#276=FACE_OUTER_BOUND('',#452,.T.);
#277=FACE_OUTER_BOUND('',#453,.T.);
#278=FACE_OUTER_BOUND('',#454,.T.);
#279=FACE_OUTER_BOUND('',#455,.T.);
#280=FACE_OUTER_BOUND('',#456,.T.);
#281=FACE_OUTER_BOUND('',#457,.T.);
#282=FACE_OUTER_BOUND('',#458,.T.);
#283=FACE_OUTER_BOUND('',#459,.T.);
#284=FACE_OUTER_BOUND('',#460,.T.);
#285=FACE_OUTER_BOUND('',#461,.T.);
#286=FACE_OUTER_BOUND('',#462,.T.);
#287=FACE_OUTER_BOUND('',#463,.T.);
#288=FACE_OUTER_BOUND('',#464,.T.);
#289=FACE_OUTER_BOUND('',#465,.T.);
#290=FACE_OUTER_BOUND('',#466,.T.);
#291=FACE_OUTER_BOUND('',#467,.T.);
#292=FACE_OUTER_BOUND('',#468,.T.);
#293=FACE_OUTER_BOUND('',#469,.T.);
#294=FACE_OUTER_BOUND('',#470,.T.);
#295=FACE_OUTER_BOUND('',#471,.T.);
#296=FACE_OUTER_BOUND('',#472,.T.);
#297=FACE_OUTER_BOUND('',#473,.T.);
#298=FACE_OUTER_BOUND('',#474,.T.);
#299=FACE_OUTER_BOUND('',#475,.T.);
#300=FACE_OUTER_BOUND('',#476,.T.);
#301=FACE_OUTER_BOUND('',#477,.T.);
#302=FACE_OUTER_BOUND('',#478,.T.);
#303=FACE_OUTER_BOUND('',#479,.T.);
#304=FACE_OUTER_BOUND('',#480,.T.);
#305=FACE_OUTER_BOUND('',#481,.T.);
#306=FACE_OUTER_BOUND('',#482,.T.);
#307=FACE_OUTER_BOUND('',#483,.T.);
#308=FACE_OUTER_BOUND('',#484,.T.);
#309=FACE_OUTER_BOUND('',#485,.T.);
#310=FACE_OUTER_BOUND('',#486,.T.);
#311=FACE_OUTER_BOUND('',#487,.T.);
#312=FACE_OUTER_BOUND('',#488,.T.);
#313=FACE_OUTER_BOUND('',#489,.T.);
#314=FACE_OUTER_BOUND('',#490,.T.);
#315=FACE_OUTER_BOUND('',#491,.T.);
#316=FACE_OUTER_BOUND('',#492,.T.);
#317=FACE_OUTER_BOUND('',#493,.T.);
#318=FACE_OUTER_BOUND('',#494,.T.);
#319=FACE_OUTER_BOUND('',#495,.T.);
#320=FACE_OUTER_BOUND('',#496,.T.);
#321=FACE_OUTER_BOUND('',#497,.T.);
#322=FACE_OUTER_BOUND('',#498,.T.);
#323=FACE_OUTER_BOUND('',#499,.T.);
#324=FACE_OUTER_BOUND('',#500,.T.);
#325=FACE_OUTER_BOUND('',#501,.T.);
#326=FACE_OUTER_BOUND('',#502,.T.);
#327=FACE_OUTER_BOUND('',#503,.T.);
#328=FACE_OUTER_BOUND('',#504,.T.);
#329=FACE_OUTER_BOUND('',#505,.T.);
#330=FACE_OUTER_BOUND('',#506,.T.);
#331=FACE_OUTER_BOUND('',#507,.T.);
#332=FACE_OUTER_BOUND('',#508,.T.);
#333=FACE_OUTER_BOUND('',#509,.T.);
#334=FACE_OUTER_BOUND('',#510,.T.);
#335=FACE_OUTER_BOUND('',#511,.T.);
#336=FACE_OUTER_BOUND('',#512,.T.);
#337=FACE_OUTER_BOUND('',#513,.T.);
#338=FACE_OUTER_BOUND('',#514,.T.);
#339=FACE_OUTER_BOUND('',#515,.T.);
#340=FACE_OUTER_BOUND('',#517,.T.);
#341=FACE_OUTER_BOUND('',#518,.T.);
#342=FACE_OUTER_BOUND('',#519,.T.);
#343=FACE_OUTER_BOUND('',#520,.T.);
#344=FACE_OUTER_BOUND('',#521,.T.);
#345=FACE_OUTER_BOUND('',#522,.T.);
#346=FACE_OUTER_BOUND('',#523,.T.);
#347=FACE_OUTER_BOUND('',#524,.T.);
#348=FACE_OUTER_BOUND('',#525,.T.);
#349=FACE_OUTER_BOUND('',#526,.T.);
#350=FACE_OUTER_BOUND('',#529,.T.);
#351=FACE_OUTER_BOUND('',#530,.T.);
#352=FACE_OUTER_BOUND('',#532,.T.);
#353=FACE_OUTER_BOUND('',#533,.T.);
#354=FACE_OUTER_BOUND('',#534,.T.);
#355=FACE_OUTER_BOUND('',#535,.T.);
#356=FACE_OUTER_BOUND('',#538,.T.);
#357=FACE_OUTER_BOUND('',#539,.T.);
#358=FACE_OUTER_BOUND('',#540,.T.);
#359=FACE_OUTER_BOUND('',#541,.T.);
#360=FACE_OUTER_BOUND('',#542,.T.);
#361=FACE_OUTER_BOUND('',#543,.T.);
#362=FACE_OUTER_BOUND('',#544,.T.);
#363=FACE_OUTER_BOUND('',#545,.T.);
#364=EDGE_LOOP('',(#2150,#2151,#2152,#2153));
#365=EDGE_LOOP('',(#2154,#2155,#2156,#2157,#2158,#2159));
#366=EDGE_LOOP('',(#2160,#2161,#2162,#2163));
#367=EDGE_LOOP('',(#2164,#2165,#2166,#2167,#2168,#2169,#2170));
#368=EDGE_LOOP('',(#2171,#2172,#2173,#2174));
#369=EDGE_LOOP('',(#2175,#2176,#2177,#2178));
#370=EDGE_LOOP('',(#2179,#2180,#2181,#2182,#2183,#2184));
#371=EDGE_LOOP('',(#2185,#2186,#2187,#2188));
#372=EDGE_LOOP('',(#2189,#2190,#2191,#2192,#2193,#2194));
#373=EDGE_LOOP('',(#2195,#2196,#2197));
#374=EDGE_LOOP('',(#2198,#2199,#2200,#2201,#2202,#2203));
#375=EDGE_LOOP('',(#2204,#2205,#2206,#2207,#2208,#2209,#2210));
#376=EDGE_LOOP('',(#2211,#2212,#2213,#2214));
#377=EDGE_LOOP('',(#2215,#2216,#2217,#2218,#2219,#2220,#2221,#2222,#2223,
#2224,#2225,#2226,#2227,#2228,#2229,#2230,#2231,#2232,#2233));
#378=EDGE_LOOP('',(#2234,#2235,#2236,#2237));
#379=EDGE_LOOP('',(#2238,#2239,#2240,#2241,#2242,#2243,#2244,#2245));
#380=EDGE_LOOP('',(#2246,#2247,#2248,#2249,#2250,#2251,#2252));
#381=EDGE_LOOP('',(#2253,#2254,#2255,#2256));
#382=EDGE_LOOP('',(#2257,#2258,#2259,#2260));
#383=EDGE_LOOP('',(#2261,#2262,#2263,#2264,#2265));
#384=EDGE_LOOP('',(#2266,#2267,#2268,#2269,#2270,#2271,#2272,#2273,#2274,
#2275,#2276,#2277,#2278,#2279,#2280,#2281,#2282,#2283,#2284,#2285,#2286,
#2287));
#385=EDGE_LOOP('',(#2288,#2289,#2290,#2291));
#386=EDGE_LOOP('',(#2292,#2293,#2294,#2295,#2296,#2297));
#387=EDGE_LOOP('',(#2298,#2299,#2300,#2301));
#388=EDGE_LOOP('',(#2302,#2303,#2304,#2305));
#389=EDGE_LOOP('',(#2306,#2307,#2308,#2309));
#390=EDGE_LOOP('',(#2310,#2311,#2312,#2313));
#391=EDGE_LOOP('',(#2314,#2315,#2316,#2317));
#392=EDGE_LOOP('',(#2318,#2319,#2320,#2321));
#393=EDGE_LOOP('',(#2322,#2323,#2324,#2325));
#394=EDGE_LOOP('',(#2326,#2327,#2328,#2329,#2330));
#395=EDGE_LOOP('',(#2331,#2332,#2333,#2334));
#396=EDGE_LOOP('',(#2335,#2336,#2337,#2338));
#397=EDGE_LOOP('',(#2339,#2340,#2341,#2342));
#398=EDGE_LOOP('',(#2343,#2344,#2345,#2346,#2347,#2348,#2349,#2350,#2351));
#399=EDGE_LOOP('',(#2352,#2353,#2354,#2355));
#400=EDGE_LOOP('',(#2356));
#401=EDGE_LOOP('',(#2357,#2358,#2359,#2360));
#402=EDGE_LOOP('',(#2361,#2362,#2363,#2364,#2365,#2366));
#403=EDGE_LOOP('',(#2367));
#404=EDGE_LOOP('',(#2368,#2369,#2370,#2371));
#405=EDGE_LOOP('',(#2372,#2373,#2374,#2375));
#406=EDGE_LOOP('',(#2376,#2377,#2378,#2379));
#407=EDGE_LOOP('',(#2380,#2381,#2382,#2383));
#408=EDGE_LOOP('',(#2384,#2385,#2386,#2387));
#409=EDGE_LOOP('',(#2388,#2389,#2390,#2391));
#410=EDGE_LOOP('',(#2392,#2393,#2394,#2395,#2396,#2397,#2398,#2399,#2400,
#2401,#2402));
#411=EDGE_LOOP('',(#2403,#2404,#2405,#2406,#2407,#2408,#2409,#2410));
#412=EDGE_LOOP('',(#2411,#2412,#2413,#2414,#2415,#2416,#2417,#2418,#2419));
#413=EDGE_LOOP('',(#2420,#2421,#2422,#2423,#2424));
#414=EDGE_LOOP('',(#2425));
#415=EDGE_LOOP('',(#2426));
#416=EDGE_LOOP('',(#2427,#2428,#2429,#2430));
#417=EDGE_LOOP('',(#2431,#2432,#2433,#2434,#2435,#2436,#2437,#2438,#2439));
#418=EDGE_LOOP('',(#2440,#2441,#2442,#2443));
#419=EDGE_LOOP('',(#2444,#2445,#2446,#2447));
#420=EDGE_LOOP('',(#2448,#2449,#2450,#2451));
#421=EDGE_LOOP('',(#2452,#2453));
#422=EDGE_LOOP('',(#2454,#2455,#2456,#2457,#2458,#2459,#2460,#2461));
#423=EDGE_LOOP('',(#2462,#2463,#2464,#2465));
#424=EDGE_LOOP('',(#2466,#2467,#2468,#2469));
#425=EDGE_LOOP('',(#2470,#2471,#2472));
#426=EDGE_LOOP('',(#2473,#2474,#2475,#2476,#2477,#2478,#2479,#2480,#2481));
#427=EDGE_LOOP('',(#2482,#2483,#2484,#2485,#2486,#2487,#2488,#2489));
#428=EDGE_LOOP('',(#2490,#2491,#2492,#2493,#2494,#2495,#2496,#2497,#2498,
#2499,#2500,#2501));
#429=EDGE_LOOP('',(#2502,#2503,#2504,#2505));
#430=EDGE_LOOP('',(#2506,#2507,#2508,#2509,#2510));
#431=EDGE_LOOP('',(#2511,#2512,#2513,#2514));
#432=EDGE_LOOP('',(#2515,#2516,#2517));
#433=EDGE_LOOP('',(#2518,#2519,#2520,#2521));
#434=EDGE_LOOP('',(#2522,#2523,#2524,#2525));
#435=EDGE_LOOP('',(#2526,#2527,#2528,#2529,#2530,#2531,#2532,#2533,#2534));
#436=EDGE_LOOP('',(#2535,#2536,#2537,#2538,#2539,#2540,#2541,#2542,#2543,
#2544,#2545,#2546,#2547,#2548,#2549,#2550,#2551));
#437=EDGE_LOOP('',(#2552,#2553,#2554,#2555));
#438=EDGE_LOOP('',(#2556,#2557,#2558,#2559));
#439=EDGE_LOOP('',(#2560,#2561,#2562,#2563));
#440=EDGE_LOOP('',(#2564,#2565,#2566,#2567));
#441=EDGE_LOOP('',(#2568,#2569,#2570,#2571,#2572,#2573,#2574,#2575));
#442=EDGE_LOOP('',(#2576,#2577,#2578,#2579));
#443=EDGE_LOOP('',(#2580,#2581,#2582,#2583));
#444=EDGE_LOOP('',(#2584,#2585,#2586,#2587));
#445=EDGE_LOOP('',(#2588,#2589,#2590,#2591));
#446=EDGE_LOOP('',(#2592,#2593,#2594,#2595));
#447=EDGE_LOOP('',(#2596,#2597,#2598,#2599));
#448=EDGE_LOOP('',(#2600,#2601,#2602,#2603));
#449=EDGE_LOOP('',(#2604,#2605,#2606,#2607,#2608,#2609,#2610,#2611,#2612));
#450=EDGE_LOOP('',(#2613,#2614,#2615,#2616,#2617,#2618,#2619,#2620,#2621));
#451=EDGE_LOOP('',(#2622,#2623,#2624,#2625,#2626,#2627,#2628,#2629,#2630,
#2631,#2632,#2633,#2634,#2635,#2636,#2637));
#452=EDGE_LOOP('',(#2638,#2639,#2640,#2641));
#453=EDGE_LOOP('',(#2642,#2643,#2644,#2645,#2646,#2647));
#454=EDGE_LOOP('',(#2648,#2649,#2650,#2651,#2652));
#455=EDGE_LOOP('',(#2653,#2654,#2655,#2656));
#456=EDGE_LOOP('',(#2657,#2658,#2659));
#457=EDGE_LOOP('',(#2660,#2661,#2662,#2663,#2664,#2665,#2666,#2667));
#458=EDGE_LOOP('',(#2668,#2669,#2670));
#459=EDGE_LOOP('',(#2671,#2672,#2673,#2674));
#460=EDGE_LOOP('',(#2675,#2676,#2677,#2678,#2679,#2680,#2681,#2682));
#461=EDGE_LOOP('',(#2683,#2684,#2685,#2686,#2687,#2688,#2689,#2690));
#462=EDGE_LOOP('',(#2691,#2692,#2693,#2694,#2695,#2696,#2697,#2698,#2699,
#2700,#2701,#2702,#2703,#2704,#2705,#2706));
#463=EDGE_LOOP('',(#2707,#2708,#2709,#2710));
#464=EDGE_LOOP('',(#2711,#2712,#2713,#2714,#2715,#2716));
#465=EDGE_LOOP('',(#2717,#2718,#2719,#2720,#2721,#2722,#2723,#2724,#2725));
#466=EDGE_LOOP('',(#2726,#2727,#2728,#2729));
#467=EDGE_LOOP('',(#2730,#2731,#2732,#2733));
#468=EDGE_LOOP('',(#2734,#2735,#2736,#2737,#2738));
#469=EDGE_LOOP('',(#2739,#2740,#2741,#2742));
#470=EDGE_LOOP('',(#2743,#2744,#2745,#2746,#2747,#2748,#2749));
#471=EDGE_LOOP('',(#2750,#2751,#2752,#2753));
#472=EDGE_LOOP('',(#2754,#2755,#2756,#2757));
#473=EDGE_LOOP('',(#2758,#2759,#2760,#2761,#2762));
#474=EDGE_LOOP('',(#2763,#2764,#2765,#2766,#2767,#2768));
#475=EDGE_LOOP('',(#2769,#2770,#2771,#2772));
#476=EDGE_LOOP('',(#2773,#2774,#2775,#2776,#2777,#2778));
#477=EDGE_LOOP('',(#2779,#2780,#2781,#2782,#2783));
#478=EDGE_LOOP('',(#2784,#2785,#2786));
#479=EDGE_LOOP('',(#2787,#2788,#2789,#2790));
#480=EDGE_LOOP('',(#2791,#2792,#2793,#2794));
#481=EDGE_LOOP('',(#2795,#2796,#2797));
#482=EDGE_LOOP('',(#2798,#2799,#2800,#2801,#2802,#2803,#2804,#2805,#2806,
#2807,#2808,#2809));
#483=EDGE_LOOP('',(#2810,#2811,#2812,#2813));
#484=EDGE_LOOP('',(#2814,#2815,#2816,#2817));
#485=EDGE_LOOP('',(#2818,#2819,#2820,#2821));
#486=EDGE_LOOP('',(#2822,#2823,#2824,#2825,#2826));
#487=EDGE_LOOP('',(#2827,#2828,#2829,#2830,#2831));
#488=EDGE_LOOP('',(#2832,#2833,#2834,#2835));
#489=EDGE_LOOP('',(#2836,#2837,#2838,#2839));
#490=EDGE_LOOP('',(#2840,#2841,#2842,#2843));
#491=EDGE_LOOP('',(#2844,#2845,#2846,#2847,#2848));
#492=EDGE_LOOP('',(#2849,#2850,#2851,#2852));
#493=EDGE_LOOP('',(#2853,#2854,#2855,#2856));
#494=EDGE_LOOP('',(#2857,#2858,#2859,#2860));
#495=EDGE_LOOP('',(#2861,#2862,#2863));
#496=EDGE_LOOP('',(#2864,#2865,#2866,#2867,#2868,#2869,#2870,#2871,#2872,
#2873,#2874,#2875,#2876,#2877,#2878,#2879,#2880,#2881,#2882));
#497=EDGE_LOOP('',(#2883,#2884,#2885,#2886,#2887,#2888,#2889,#2890,#2891,
#2892,#2893,#2894,#2895,#2896,#2897));
#498=EDGE_LOOP('',(#2898,#2899,#2900,#2901));
#499=EDGE_LOOP('',(#2902,#2903,#2904));
#500=EDGE_LOOP('',(#2905,#2906,#2907));
#501=EDGE_LOOP('',(#2908,#2909,#2910,#2911,#2912,#2913,#2914,#2915,#2916,
#2917,#2918));
#502=EDGE_LOOP('',(#2919,#2920,#2921,#2922,#2923));
#503=EDGE_LOOP('',(#2924,#2925,#2926,#2927));
#504=EDGE_LOOP('',(#2928,#2929,#2930,#2931,#2932,#2933,#2934,#2935,#2936,
#2937,#2938,#2939));
#505=EDGE_LOOP('',(#2940,#2941));
#506=EDGE_LOOP('',(#2942,#2943,#2944,#2945));
#507=EDGE_LOOP('',(#2946,#2947,#2948,#2949));
#508=EDGE_LOOP('',(#2950,#2951,#2952,#2953));
#509=EDGE_LOOP('',(#2954,#2955,#2956,#2957));
#510=EDGE_LOOP('',(#2958,#2959,#2960,#2961));
#511=EDGE_LOOP('',(#2962,#2963,#2964,#2965));
#512=EDGE_LOOP('',(#2966,#2967,#2968,#2969));
#513=EDGE_LOOP('',(#2970,#2971,#2972,#2973,#2974,#2975,#2976,#2977,#2978,
#2979));
#514=EDGE_LOOP('',(#2980,#2981,#2982,#2983,#2984,#2985,#2986,#2987,#2988,
#2989,#2990));
#515=EDGE_LOOP('',(#2991,#2992,#2993,#2994,#2995,#2996,#2997,#2998,#2999,
#3000));
#516=EDGE_LOOP('',(#3001));
#517=EDGE_LOOP('',(#3002,#3003,#3004,#3005,#3006,#3007,#3008,#3009));
#518=EDGE_LOOP('',(#3010,#3011,#3012,#3013,#3014,#3015,#3016,#3017,#3018,
#3019,#3020));
#519=EDGE_LOOP('',(#3021,#3022,#3023,#3024,#3025,#3026));
#520=EDGE_LOOP('',(#3027,#3028,#3029,#3030));
#521=EDGE_LOOP('',(#3031,#3032,#3033,#3034,#3035,#3036,#3037,#3038));
#522=EDGE_LOOP('',(#3039,#3040,#3041,#3042));
#523=EDGE_LOOP('',(#3043,#3044,#3045,#3046));
#524=EDGE_LOOP('',(#3047,#3048,#3049,#3050));
#525=EDGE_LOOP('',(#3051));
#526=EDGE_LOOP('',(#3052,#3053,#3054,#3055,#3056,#3057));
#527=EDGE_LOOP('',(#3058));
#528=EDGE_LOOP('',(#3059,#3060,#3061,#3062));
#529=EDGE_LOOP('',(#3063));
#530=EDGE_LOOP('',(#3064,#3065,#3066,#3067,#3068,#3069));
#531=EDGE_LOOP('',(#3070,#3071,#3072,#3073));
#532=EDGE_LOOP('',(#3074,#3075,#3076,#3077));
#533=EDGE_LOOP('',(#3078,#3079,#3080,#3081));
#534=EDGE_LOOP('',(#3082,#3083,#3084,#3085,#3086,#3087,#3088,#3089,#3090,
#3091));
#535=EDGE_LOOP('',(#3092,#3093,#3094,#3095));
#536=EDGE_LOOP('',(#3096,#3097,#3098,#3099,#3100,#3101));
#537=EDGE_LOOP('',(#3102,#3103,#3104,#3105));
#538=EDGE_LOOP('',(#3106,#3107,#3108,#3109));
#539=EDGE_LOOP('',(#3110,#3111,#3112,#3113,#3114,#3115,#3116,#3117));
#540=EDGE_LOOP('',(#3118,#3119,#3120,#3121));
#541=EDGE_LOOP('',(#3122,#3123,#3124,#3125));
#542=EDGE_LOOP('',(#3126,#3127,#3128,#3129));
#543=EDGE_LOOP('',(#3130,#3131,#3132,#3133));
#544=EDGE_LOOP('',(#3134,#3135,#3136,#3137));
#545=EDGE_LOOP('',(#3138,#3139,#3140,#3141,#3142,#3143,#3144,#3145,#3146,
#3147));
#546=LINE('',#4603,#937);
#547=LINE('',#4605,#938);
#548=LINE('',#4607,#939);
#549=LINE('',#4608,#940);
#550=LINE('',#4613,#941);
#551=LINE('',#4617,#942);
#552=LINE('',#4621,#943);
#553=LINE('',#4623,#944);
#554=LINE('',#4624,#945);
#555=LINE('',#4627,#946);
#556=LINE('',#4629,#947);
#557=LINE('',#4631,#948);
#558=LINE('',#4633,#949);
#559=LINE('',#4634,#950);
#560=LINE('',#4638,#951);
#561=LINE('',#4640,#952);
#562=LINE('',#4642,#953);
#563=LINE('',#4643,#954);
#564=LINE('',#4647,#955);
#565=LINE('',#4649,#956);
#566=LINE('',#4651,#957);
#567=LINE('',#4656,#958);
#568=LINE('',#4660,#959);
#569=LINE('',#4662,#960);
#570=LINE('',#4664,#961);
#571=LINE('',#4665,#962);
#572=LINE('',#4668,#963);
#573=LINE('',#4670,#964);
#574=LINE('',#4671,#965);
#575=LINE('',#4673,#966);
#576=LINE('',#4675,#967);
#577=LINE('',#4679,#968);
#578=LINE('',#4680,#969);
#579=LINE('',#4683,#970);
#580=LINE('',#4685,#971);
#581=LINE('',#4687,#972);
#582=LINE('',#4688,#973);
#583=LINE('',#4691,#974);
#584=LINE('',#4693,#975);
#585=LINE('',#4695,#976);
#586=LINE('',#4697,#977);
#587=LINE('',#4698,#978);
#588=LINE('',#4701,#979);
#589=LINE('',#4703,#980);
#590=LINE('',#4704,#981);
#591=LINE('',#4707,#982);
#592=LINE('',#4711,#983);
#593=LINE('',#4713,#984);
#594=LINE('',#4715,#985);
#595=LINE('',#4717,#986);
#596=LINE('',#4719,#987);
#597=LINE('',#4721,#988);
#598=LINE('',#4722,#989);
#599=LINE('',#4725,#990);
#600=LINE('',#4726,#991);
#601=LINE('',#4729,#992);
#602=LINE('',#4730,#993);
#603=LINE('',#4732,#994);
#604=LINE('',#4733,#995);
#605=LINE('',#4736,#996);
#606=LINE('',#4738,#997);
#607=LINE('',#4740,#998);
#608=LINE('',#4741,#999);
#609=LINE('',#4745,#1000);
#610=LINE('',#4747,#1001);
#611=LINE('',#4749,#1002);
#612=LINE('',#4750,#1003);
#613=LINE('',#4755,#1004);
#614=LINE('',#4761,#1005);
#615=LINE('',#4762,#1006);
#616=LINE('',#4765,#1007);
#617=LINE('',#4767,#1008);
#618=LINE('',#4769,#1009);
#619=LINE('',#4771,#1010);
#620=LINE('',#4773,#1011);
#621=LINE('',#4775,#1012);
#622=LINE('',#4777,#1013);
#623=LINE('',#4779,#1014);
#624=LINE('',#4781,#1015);
#625=LINE('',#4783,#1016);
#626=LINE('',#4784,#1017);
#627=LINE('',#4786,#1018);
#628=LINE('',#4788,#1019);
#629=LINE('',#4790,#1020);
#630=LINE('',#4792,#1021);
#631=LINE('',#4794,#1022);
#632=LINE('',#4796,#1023);
#633=LINE('',#4798,#1024);
#634=LINE('',#4799,#1025);
#635=LINE('',#4802,#1026);
#636=LINE('',#4806,#1027);
#637=LINE('',#4808,#1028);
#638=LINE('',#4809,#1029);
#639=LINE('',#4813,#1030);
#640=LINE('',#4815,#1031);
#641=LINE('',#4817,#1032);
#642=LINE('',#4818,#1033);
#643=LINE('',#4821,#1034);
#644=LINE('',#4823,#1035);
#645=LINE('',#4824,#1036);
#646=LINE('',#4826,#1037);
#647=LINE('',#4828,#1038);
#648=LINE('',#4829,#1039);
#649=LINE('',#4831,#1040);
#650=LINE('',#4832,#1041);
#651=LINE('',#4834,#1042);
#652=LINE('',#4836,#1043);
#653=LINE('',#4837,#1044);
#654=LINE('',#4840,#1045);
#655=LINE('',#4842,#1046);
#656=LINE('',#4843,#1047);
#657=LINE('',#4847,#1048);
#658=LINE('',#4849,#1049);
#659=LINE('',#4851,#1050);
#660=LINE('',#4852,#1051);
#661=LINE('',#4858,#1052);
#662=LINE('',#4863,#1053);
#663=LINE('',#4872,#1054);
#664=LINE('',#4875,#1055);
#665=LINE('',#4878,#1056);
#666=LINE('',#4882,#1057);
#667=LINE('',#4887,#1058);
#668=LINE('',#4889,#1059);
#669=LINE('',#4891,#1060);
#670=LINE('',#4897,#1061);
#671=LINE('',#4898,#1062);
#672=LINE('',#4904,#1063);
#673=LINE('',#4907,#1064);
#674=LINE('',#4911,#1065);
#675=LINE('',#4912,#1066);
#676=LINE('',#4913,#1067);
#677=LINE('',#4917,#1068);
#678=LINE('',#4918,#1069);
#679=LINE('',#4919,#1070);
#680=LINE('',#4923,#1071);
#681=LINE('',#4925,#1072);
#682=LINE('',#4926,#1073);
#683=LINE('',#4931,#1074);
#684=LINE('',#4932,#1075);
#685=LINE('',#4935,#1076);
#686=LINE('',#4940,#1077);
#687=LINE('',#4942,#1078);
#688=LINE('',#4946,#1079);
#689=LINE('',#4949,#1080);
#690=LINE('',#4956,#1081);
#691=LINE('',#4958,#1082);
#692=LINE('',#4961,#1083);
#693=LINE('',#4962,#1084);
#694=LINE('',#4966,#1085);
#695=LINE('',#4968,#1086);
#696=LINE('',#4972,#1087);
#697=LINE('',#4974,#1088);
#698=LINE('',#4977,#1089);
#699=LINE('',#4978,#1090);
#700=LINE('',#4979,#1091);
#701=LINE('',#4982,#1092);
#702=LINE('',#4983,#1093);
#703=LINE('',#4988,#1094);
#704=LINE('',#4992,#1095);
#705=LINE('',#4994,#1096);
#706=LINE('',#4997,#1097);
#707=LINE('',#5001,#1098);
#708=LINE('',#5005,#1099);
#709=LINE('',#5009,#1100);
#710=LINE('',#5010,#1101);
#711=LINE('',#5014,#1102);
#712=LINE('',#5015,#1103);
#713=LINE('',#5016,#1104);
#714=LINE('',#5020,#1105);
#715=LINE('',#5021,#1106);
#716=LINE('',#5022,#1107);
#717=LINE('',#5036,#1108);
#718=LINE('',#5039,#1109);
#719=LINE('',#5042,#1110);
#720=LINE('',#5044,#1111);
#721=LINE('',#5045,#1112);
#722=LINE('',#5051,#1113);
#723=LINE('',#5057,#1114);
#724=LINE('',#5060,#1115);
#725=LINE('',#5063,#1116);
#726=LINE('',#5065,#1117);
#727=LINE('',#5066,#1118);
#728=LINE('',#5072,#1119);
#729=LINE('',#5075,#1120);
#730=LINE('',#5077,#1121);
#731=LINE('',#5094,#1122);
#732=LINE('',#5096,#1123);
#733=LINE('',#5098,#1124);
#734=LINE('',#5099,#1125);
#735=LINE('',#5102,#1126);
#736=LINE('',#5104,#1127);
#737=LINE('',#5106,#1128);
#738=LINE('',#5108,#1129);
#739=LINE('',#5125,#1130);
#740=LINE('',#5126,#1131);
#741=LINE('',#5129,#1132);
#742=LINE('',#5131,#1133);
#743=LINE('',#5133,#1134);
#744=LINE('',#5134,#1135);
#745=LINE('',#5136,#1136);
#746=LINE('',#5138,#1137);
#747=LINE('',#5141,#1138);
#748=LINE('',#5144,#1139);
#749=LINE('',#5145,#1140);
#750=LINE('',#5150,#1141);
#751=LINE('',#5152,#1142);
#752=LINE('',#5153,#1143);
#753=LINE('',#5182,#1144);
#754=LINE('',#5183,#1145);
#755=LINE('',#5228,#1146);
#756=LINE('',#5229,#1147);
#757=LINE('',#5230,#1148);
#758=LINE('',#5232,#1149);
#759=LINE('',#5234,#1150);
#760=LINE('',#5243,#1151);
#761=LINE('',#5245,#1152);
#762=LINE('',#5247,#1153);
#763=LINE('',#5250,#1154);
#764=LINE('',#5267,#1155);
#765=LINE('',#5269,#1156);
#766=LINE('',#5270,#1157);
#767=LINE('',#5273,#1158);
#768=LINE('',#5275,#1159);
#769=LINE('',#5277,#1160);
#770=LINE('',#5293,#1161);
#771=LINE('',#5296,#1162);
#772=LINE('',#5298,#1163);
#773=LINE('',#5299,#1164);
#774=LINE('',#5301,#1165);
#775=LINE('',#5302,#1166);
#776=LINE('',#5305,#1167);
#777=LINE('',#5306,#1168);
#778=LINE('',#5309,#1169);
#779=LINE('',#5310,#1170);
#780=LINE('',#5312,#1171);
#781=LINE('',#5313,#1172);
#782=LINE('',#5316,#1173);
#783=LINE('',#5318,#1174);
#784=LINE('',#5320,#1175);
#785=LINE('',#5322,#1176);
#786=LINE('',#5324,#1177);
#787=LINE('',#5332,#1178);
#788=LINE('',#5349,#1179);
#789=LINE('',#5350,#1180);
#790=LINE('',#5353,#1181);
#791=LINE('',#5354,#1182);
#792=LINE('',#5357,#1183);
#793=LINE('',#5359,#1184);
#794=LINE('',#5360,#1185);
#795=LINE('',#5377,#1186);
#796=LINE('',#5400,#1187);
#797=LINE('',#5411,#1188);
#798=LINE('',#5415,#1189);
#799=LINE('',#5417,#1190);
#800=LINE('',#5419,#1191);
#801=LINE('',#5420,#1192);
#802=LINE('',#5425,#1193);
#803=LINE('',#5431,#1194);
#804=LINE('',#5432,#1195);
#805=LINE('',#5435,#1196);
#806=LINE('',#5437,#1197);
#807=LINE('',#5439,#1198);
#808=LINE('',#5440,#1199);
#809=LINE('',#5443,#1200);
#810=LINE('',#5447,#1201);
#811=LINE('',#5449,#1202);
#812=LINE('',#5450,#1203);
#813=LINE('',#5453,#1204);
#814=LINE('',#5455,#1205);
#815=LINE('',#5460,#1206);
#816=LINE('',#5462,#1207);
#817=LINE('',#5463,#1208);
#818=LINE('',#5465,#1209);
#819=LINE('',#5466,#1210);
#820=LINE('',#5468,#1211);
#821=LINE('',#5470,#1212);
#822=LINE('',#5475,#1213);
#823=LINE('',#5479,#1214);
#824=LINE('',#5483,#1215);
#825=LINE('',#5496,#1216);
#826=LINE('',#5503,#1217);
#827=LINE('',#5505,#1218);
#828=LINE('',#5506,#1219);
#829=LINE('',#5508,#1220);
#830=LINE('',#5510,#1221);
#831=LINE('',#5528,#1222);
#832=LINE('',#5529,#1223);
#833=LINE('',#5558,#1224);
#834=LINE('',#5584,#1225);
#835=LINE('',#5586,#1226);
#836=LINE('',#5588,#1227);
#837=LINE('',#5589,#1228);
#838=LINE('',#5607,#1229);
#839=LINE('',#5639,#1230);
#840=LINE('',#5643,#1231);
#841=LINE('',#5645,#1232);
#842=LINE('',#5647,#1233);
#843=LINE('',#5651,#1234);
#844=LINE('',#5653,#1235);
#845=LINE('',#5655,#1236);
#846=LINE('',#5657,#1237);
#847=LINE('',#5658,#1238);
#848=LINE('',#5661,#1239);
#849=LINE('',#5663,#1240);
#850=LINE('',#5664,#1241);
#851=LINE('',#5666,#1242);
#852=LINE('',#5668,#1243);
#853=LINE('',#5670,#1244);
#854=LINE('',#5672,#1245);
#855=LINE('',#5674,#1246);
#856=LINE('',#5676,#1247);
#857=LINE('',#5677,#1248);
#858=LINE('',#5679,#1249);
#859=LINE('',#5682,#1250);
#860=LINE('',#5685,#1251);
#861=LINE('',#5687,#1252);
#862=LINE('',#5689,#1253);
#863=LINE('',#5691,#1254);
#864=LINE('',#5692,#1255);
#865=LINE('',#5694,#1256);
#866=LINE('',#5696,#1257);
#867=LINE('',#5697,#1258);
#868=LINE('',#5700,#1259);
#869=LINE('',#5702,#1260);
#870=LINE('',#5704,#1261);
#871=LINE('',#5706,#1262);
#872=LINE('',#5708,#1263);
#873=LINE('',#5710,#1264);
#874=LINE('',#5712,#1265);
#875=LINE('',#5714,#1266);
#876=LINE('',#5715,#1267);
#877=LINE('',#5722,#1268);
#878=LINE('',#5728,#1269);
#879=LINE('',#5733,#1270);
#880=LINE('',#5735,#1271);
#881=LINE('',#5737,#1272);
#882=LINE('',#5738,#1273);
#883=LINE('',#5745,#1274);
#884=LINE('',#5747,#1275);
#885=LINE('',#5749,#1276);
#886=LINE('',#5750,#1277);
#887=LINE('',#5756,#1278);
#888=LINE('',#5759,#1279);
#889=LINE('',#5761,#1280);
#890=LINE('',#5762,#1281);
#891=LINE('',#5767,#1282);
#892=LINE('',#5769,#1283);
#893=LINE('',#5770,#1284);
#894=LINE('',#5772,#1285);
#895=LINE('',#5776,#1286);
#896=LINE('',#5777,#1287);
#897=LINE('',#5779,#1288);
#898=LINE('',#5783,#1289);
#899=LINE('',#5785,#1290);
#900=LINE('',#5789,#1291);
#901=LINE('',#5790,#1292);
#902=LINE('',#5793,#1293);
#903=LINE('',#5795,#1294);
#904=LINE('',#5797,#1295);
#905=LINE('',#5798,#1296);
#906=LINE('',#5799,#1297);
#907=LINE('',#5801,#1298);
#908=LINE('',#5802,#1299);
#909=LINE('',#5804,#1300);
#910=LINE('',#5806,#1301);
#911=LINE('',#5809,#1302);
#912=LINE('',#5812,#1303);
#913=LINE('',#5814,#1304);
#914=LINE('',#5815,#1305);
#915=LINE('',#5818,#1306);
#916=LINE('',#5819,#1307);
#917=LINE('',#5821,#1308);
#918=LINE('',#5823,#1309);
#919=LINE('',#5824,#1310);
#920=LINE('',#5826,#1311);
#921=LINE('',#5829,#1312);
#922=LINE('',#5832,#1313);
#923=LINE('',#5835,#1314);
#924=LINE('',#5836,#1315);
#925=LINE('',#5837,#1316);
#926=LINE('',#5845,#1317);
#927=LINE('',#5847,#1318);
#928=LINE('',#5849,#1319);
#929=LINE('',#5851,#1320);
#930=LINE('',#5854,#1321);
#931=LINE('',#5857,#1322);
#932=LINE('',#5858,#1323);
#933=LINE('',#5860,#1324);
#934=LINE('',#5861,#1325);
#935=LINE('',#5863,#1326);
#936=LINE('',#5868,#1327);
#937=VECTOR('',#3719,10.);
#938=VECTOR('',#3720,10.);
#939=VECTOR('',#3721,10.);
#940=VECTOR('',#3722,10.);
#941=VECTOR('',#3727,10.);
#942=VECTOR('',#3730,10.);
#943=VECTOR('',#3735,10.);
#944=VECTOR('',#3736,10.);
#945=VECTOR('',#3737,10.);
#946=VECTOR('',#3740,10.);
#947=VECTOR('',#3741,10.);
#948=VECTOR('',#3742,10.);
#949=VECTOR('',#3743,10.);
#950=VECTOR('',#3744,10.);
#951=VECTOR('',#3747,10.);
#952=VECTOR('',#3748,10.);
#953=VECTOR('',#3749,10.);
#954=VECTOR('',#3750,10.);
#955=VECTOR('',#3753,10.);
#956=VECTOR('',#3754,10.);
#957=VECTOR('',#3755,10.);
#958=VECTOR('',#3760,10.);
#959=VECTOR('',#3763,10.);
#960=VECTOR('',#3764,10.);
#961=VECTOR('',#3765,10.);
#962=VECTOR('',#3766,10.);
#963=VECTOR('',#3769,10.);
#964=VECTOR('',#3770,10.);
#965=VECTOR('',#3771,10.);
#966=VECTOR('',#3774,10.);
#967=VECTOR('',#3775,10.);
#968=VECTOR('',#3780,10.);
#969=VECTOR('',#3781,10.);
#970=VECTOR('',#3784,10.);
#971=VECTOR('',#3785,10.);
#972=VECTOR('',#3786,10.);
#973=VECTOR('',#3787,10.);
#974=VECTOR('',#3790,10.);
#975=VECTOR('',#3791,10.);
#976=VECTOR('',#3792,10.);
#977=VECTOR('',#3793,10.);
#978=VECTOR('',#3794,10.);
#979=VECTOR('',#3797,10.);
#980=VECTOR('',#3798,10.);
#981=VECTOR('',#3799,10.);
#982=VECTOR('',#3802,10.);
#983=VECTOR('',#3805,10.);
#984=VECTOR('',#3808,10.);
#985=VECTOR('',#3809,10.);
#986=VECTOR('',#3810,10.);
#987=VECTOR('',#3811,10.);
#988=VECTOR('',#3812,10.);
#989=VECTOR('',#3813,10.);
#990=VECTOR('',#3816,10.);
#991=VECTOR('',#3817,10.);
#992=VECTOR('',#3820,10.);
#993=VECTOR('',#3821,10.);
#994=VECTOR('',#3822,10.);
#995=VECTOR('',#3823,10.);
#996=VECTOR('',#3826,10.);
#997=VECTOR('',#3827,10.);
#998=VECTOR('',#3828,10.);
#999=VECTOR('',#3829,10.);
#1000=VECTOR('',#3832,10.);
#1001=VECTOR('',#3833,10.);
#1002=VECTOR('',#3834,10.);
#1003=VECTOR('',#3835,10.);
#1004=VECTOR('',#3840,10.);
#1005=VECTOR('',#3847,10.);
#1006=VECTOR('',#3848,10.);
#1007=VECTOR('',#3851,10.);
#1008=VECTOR('',#3852,10.);
#1009=VECTOR('',#3853,10.);
#1010=VECTOR('',#3854,10.);
#1011=VECTOR('',#3855,10.);
#1012=VECTOR('',#3856,10.);
#1013=VECTOR('',#3857,10.);
#1014=VECTOR('',#3858,10.);
#1015=VECTOR('',#3859,10.);
#1016=VECTOR('',#3860,10.);
#1017=VECTOR('',#3861,10.);
#1018=VECTOR('',#3862,10.);
#1019=VECTOR('',#3863,10.);
#1020=VECTOR('',#3864,10.);
#1021=VECTOR('',#3865,10.);
#1022=VECTOR('',#3866,10.);
#1023=VECTOR('',#3867,10.);
#1024=VECTOR('',#3868,10.);
#1025=VECTOR('',#3869,10.);
#1026=VECTOR('',#3872,10.);
#1027=VECTOR('',#3877,10.);
#1028=VECTOR('',#3878,10.);
#1029=VECTOR('',#3879,10.);
#1030=VECTOR('',#3882,10.);
#1031=VECTOR('',#3883,10.);
#1032=VECTOR('',#3884,10.);
#1033=VECTOR('',#3885,10.);
#1034=VECTOR('',#3888,10.);
#1035=VECTOR('',#3889,10.);
#1036=VECTOR('',#3890,10.);
#1037=VECTOR('',#3893,10.);
#1038=VECTOR('',#3894,10.);
#1039=VECTOR('',#3895,10.);
#1040=VECTOR('',#3898,10.);
#1041=VECTOR('',#3899,10.);
#1042=VECTOR('',#3902,10.);
#1043=VECTOR('',#3905,10.);
#1044=VECTOR('',#3906,10.);
#1045=VECTOR('',#3909,10.);
#1046=VECTOR('',#3910,10.);
#1047=VECTOR('',#3911,10.);
#1048=VECTOR('',#3914,10.);
#1049=VECTOR('',#3915,10.);
#1050=VECTOR('',#3916,10.);
#1051=VECTOR('',#3917,10.);
#1052=VECTOR('',#3926,10.);
#1053=VECTOR('',#3933,10.);
#1054=VECTOR('',#3942,10.);
#1055=VECTOR('',#3945,10.);
#1056=VECTOR('',#3948,10.);
#1057=VECTOR('',#3953,10.);
#1058=VECTOR('',#3956,10.);
#1059=VECTOR('',#3957,10.);
#1060=VECTOR('',#3958,10.);
#1061=VECTOR('',#3965,10.);
#1062=VECTOR('',#3966,10.);
#1063=VECTOR('',#3971,10.);
#1064=VECTOR('',#3974,10.);
#1065=VECTOR('',#3977,10.);
#1066=VECTOR('',#3978,10.);
#1067=VECTOR('',#3979,10.);
#1068=VECTOR('',#3982,10.);
#1069=VECTOR('',#3983,10.);
#1070=VECTOR('',#3984,10.);
#1071=VECTOR('',#3991,10.);
#1072=VECTOR('',#3992,10.);
#1073=VECTOR('',#3993,10.);
#1074=VECTOR('',#4000,10.);
#1075=VECTOR('',#4001,10.);
#1076=VECTOR('',#4004,10.);
#1077=VECTOR('',#4009,10.);
#1078=VECTOR('',#4010,10.);
#1079=VECTOR('',#4015,10.);
#1080=VECTOR('',#4018,10.);
#1081=VECTOR('',#4027,10.);
#1082=VECTOR('',#4030,10.);
#1083=VECTOR('',#4033,10.);
#1084=VECTOR('',#4034,10.);
#1085=VECTOR('',#4039,10.);
#1086=VECTOR('',#4042,10.);
#1087=VECTOR('',#4049,10.);
#1088=VECTOR('',#4052,10.);
#1089=VECTOR('',#4057,10.);
#1090=VECTOR('',#4058,10.);
#1091=VECTOR('',#4059,10.);
#1092=VECTOR('',#4062,10.);
#1093=VECTOR('',#4063,10.);
#1094=VECTOR('',#4072,10.);
#1095=VECTOR('',#4079,1.98);
#1096=VECTOR('',#4082,1.98);
#1097=VECTOR('',#4085,10.);
#1098=VECTOR('',#4088,10.);
#1099=VECTOR('',#4091,10.);
#1100=VECTOR('',#4096,10.);
#1101=VECTOR('',#4097,10.);
#1102=VECTOR('',#4100,10.);
#1103=VECTOR('',#4101,10.);
#1104=VECTOR('',#4102,10.);
#1105=VECTOR('',#4105,10.);
#1106=VECTOR('',#4106,10.);
#1107=VECTOR('',#4107,10.);
#1108=VECTOR('',#4128,10.);
#1109=VECTOR('',#4131,10.);
#1110=VECTOR('',#4134,10.);
#1111=VECTOR('',#4135,10.);
#1112=VECTOR('',#4136,10.);
#1113=VECTOR('',#4143,10.);
#1114=VECTOR('',#4148,10.);
#1115=VECTOR('',#4151,10.);
#1116=VECTOR('',#4154,10.);
#1117=VECTOR('',#4155,10.);
#1118=VECTOR('',#4156,10.);
#1119=VECTOR('',#4163,10.);
#1120=VECTOR('',#4166,10.);
#1121=VECTOR('',#4167,10.);
#1122=VECTOR('',#4168,10.);
#1123=VECTOR('',#4169,10.);
#1124=VECTOR('',#4170,10.);
#1125=VECTOR('',#4171,10.);
#1126=VECTOR('',#4174,10.);
#1127=VECTOR('',#4175,10.);
#1128=VECTOR('',#4176,10.);
#1129=VECTOR('',#4177,10.);
#1130=VECTOR('',#4178,10.);
#1131=VECTOR('',#4179,10.);
#1132=VECTOR('',#4182,10.);
#1133=VECTOR('',#4183,10.);
#1134=VECTOR('',#4184,17.3667250760662);
#1135=VECTOR('',#4185,10.);
#1136=VECTOR('',#4186,10.);
#1137=VECTOR('',#4187,17.3667250760662);
#1138=VECTOR('',#4190,10.);
#1139=VECTOR('',#4193,10.);
#1140=VECTOR('',#4194,10.);
#1141=VECTOR('',#4199,10.);
#1142=VECTOR('',#4200,10.);
#1143=VECTOR('',#4201,10.);
#1144=VECTOR('',#4202,17.7072940593142);
#1145=VECTOR('',#4203,10.);
#1146=VECTOR('',#4206,10.);
#1147=VECTOR('',#4207,10.);
#1148=VECTOR('',#4208,10.);
#1149=VECTOR('',#4209,10.);
#1150=VECTOR('',#4210,10.);
#1151=VECTOR('',#4211,10.);
#1152=VECTOR('',#4214,10.);
#1153=VECTOR('',#4217,10.);
#1154=VECTOR('',#4220,10.);
#1155=VECTOR('',#4221,10.);
#1156=VECTOR('',#4222,10.);
#1157=VECTOR('',#4223,10.);
#1158=VECTOR('',#4226,10.);
#1159=VECTOR('',#4227,10.);
#1160=VECTOR('',#4228,10.);
#1161=VECTOR('',#4229,10.);
#1162=VECTOR('',#4232,10.);
#1163=VECTOR('',#4233,10.);
#1164=VECTOR('',#4234,10.);
#1165=VECTOR('',#4235,10.);
#1166=VECTOR('',#4236,10.);
#1167=VECTOR('',#4239,10.);
#1168=VECTOR('',#4240,17.3667250760662);
#1169=VECTOR('',#4243,10.);
#1170=VECTOR('',#4244,10.);
#1171=VECTOR('',#4245,10.);
#1172=VECTOR('',#4246,10.);
#1173=VECTOR('',#4249,10.);
#1174=VECTOR('',#4250,10.);
#1175=VECTOR('',#4251,10.);
#1176=VECTOR('',#4252,10.);
#1177=VECTOR('',#4253,10.);
#1178=VECTOR('',#4254,10.);
#1179=VECTOR('',#4255,10.);
#1180=VECTOR('',#4256,17.3651442629855);
#1181=VECTOR('',#4259,10.);
#1182=VECTOR('',#4260,10.);
#1183=VECTOR('',#4263,17.3682518155761);
#1184=VECTOR('',#4264,10.);
#1185=VECTOR('',#4265,10.);
#1186=VECTOR('',#4266,10.);
#1187=VECTOR('',#4267,17.3651442629855);
#1188=VECTOR('',#4268,17.3651442629855);
#1189=VECTOR('',#4271,10.);
#1190=VECTOR('',#4272,10.);
#1191=VECTOR('',#4273,10.);
#1192=VECTOR('',#4274,10.);
#1193=VECTOR('',#4279,10.);
#1194=VECTOR('',#4286,10.);
#1195=VECTOR('',#4287,10.);
#1196=VECTOR('',#4290,10.);
#1197=VECTOR('',#4291,10.);
#1198=VECTOR('',#4292,10.);
#1199=VECTOR('',#4293,10.);
#1200=VECTOR('',#4296,10.);
#1201=VECTOR('',#4301,10.);
#1202=VECTOR('',#4302,10.);
#1203=VECTOR('',#4303,10.);
#1204=VECTOR('',#4306,17.3667250760662);
#1205=VECTOR('',#4307,10.);
#1206=VECTOR('',#4312,10.);
#1207=VECTOR('',#4313,10.);
#1208=VECTOR('',#4314,10.);
#1209=VECTOR('',#4317,10.);
#1210=VECTOR('',#4318,10.);
#1211=VECTOR('',#4321,10.);
#1212=VECTOR('',#4324,10.);
#1213=VECTOR('',#4329,10.);
#1214=VECTOR('',#4332,10.);
#1215=VECTOR('',#4335,6.);
#1216=VECTOR('',#4342,10.);
#1217=VECTOR('',#4345,10.);
#1218=VECTOR('',#4346,10.);
#1219=VECTOR('',#4347,10.);
#1220=VECTOR('',#4350,10.);
#1221=VECTOR('',#4353,10.);
#1222=VECTOR('',#4354,17.3682518155761);
#1223=VECTOR('',#4355,10.);
#1224=VECTOR('',#4356,17.3667250760662);
#1225=VECTOR('',#4361,10.);
#1226=VECTOR('',#4362,10.);
#1227=VECTOR('',#4363,10.);
#1228=VECTOR('',#4364,10.);
#1229=VECTOR('',#4365,17.7072940593142);
#1230=VECTOR('',#4368,10.);
#1231=VECTOR('',#4373,10.);
#1232=VECTOR('',#4374,10.);
#1233=VECTOR('',#4375,10.);
#1234=VECTOR('',#4378,10.);
#1235=VECTOR('',#4379,10.);
#1236=VECTOR('',#4380,10.);
#1237=VECTOR('',#4381,10.);
#1238=VECTOR('',#4382,10.);
#1239=VECTOR('',#4385,10.);
#1240=VECTOR('',#4386,10.);
#1241=VECTOR('',#4387,10.);
#1242=VECTOR('',#4388,10.);
#1243=VECTOR('',#4389,10.);
#1244=VECTOR('',#4390,10.);
#1245=VECTOR('',#4391,10.);
#1246=VECTOR('',#4392,10.);
#1247=VECTOR('',#4393,10.);
#1248=VECTOR('',#4394,10.);
#1249=VECTOR('',#4397,10.);
#1250=VECTOR('',#4402,10.);
#1251=VECTOR('',#4405,10.);
#1252=VECTOR('',#4406,10.);
#1253=VECTOR('',#4407,10.);
#1254=VECTOR('',#4408,10.);
#1255=VECTOR('',#4409,10.);
#1256=VECTOR('',#4412,10.);
#1257=VECTOR('',#4415,10.);
#1258=VECTOR('',#4416,10.);
#1259=VECTOR('',#4419,10.);
#1260=VECTOR('',#4420,10.);
#1261=VECTOR('',#4421,10.);
#1262=VECTOR('',#4422,10.);
#1263=VECTOR('',#4423,10.);
#1264=VECTOR('',#4424,10.);
#1265=VECTOR('',#4425,10.);
#1266=VECTOR('',#4426,10.);
#1267=VECTOR('',#4427,10.);
#1268=VECTOR('',#4436,1.98);
#1269=VECTOR('',#4443,1.98);
#1270=VECTOR('',#4448,10.);
#1271=VECTOR('',#4449,10.);
#1272=VECTOR('',#4450,10.);
#1273=VECTOR('',#4451,10.);
#1274=VECTOR('',#4460,10.);
#1275=VECTOR('',#4461,10.);
#1276=VECTOR('',#4462,10.);
#1277=VECTOR('',#4463,10.);
#1278=VECTOR('',#4470,10.);
#1279=VECTOR('',#4473,10.);
#1280=VECTOR('',#4474,10.);
#1281=VECTOR('',#4475,10.);
#1282=VECTOR('',#4480,10.);
#1283=VECTOR('',#4481,10.);
#1284=VECTOR('',#4482,10.);
#1285=VECTOR('',#4483,10.);
#1286=VECTOR('',#4488,10.);
#1287=VECTOR('',#4489,10.);
#1288=VECTOR('',#4490,10.);
#1289=VECTOR('',#4495,10.);
#1290=VECTOR('',#4496,10.);
#1291=VECTOR('',#4499,10.);
#1292=VECTOR('',#4500,10.);
#1293=VECTOR('',#4503,10.);
#1294=VECTOR('',#4504,10.);
#1295=VECTOR('',#4505,10.);
#1296=VECTOR('',#4506,10.);
#1297=VECTOR('',#4507,10.);
#1298=VECTOR('',#4510,10.);
#1299=VECTOR('',#4511,10.);
#1300=VECTOR('',#4512,10.);
#1301=VECTOR('',#4513,10.);
#1302=VECTOR('',#4516,10.);
#1303=VECTOR('',#4519,10.);
#1304=VECTOR('',#4520,10.);
#1305=VECTOR('',#4521,10.);
#1306=VECTOR('',#4524,10.);
#1307=VECTOR('',#4525,10.);
#1308=VECTOR('',#4528,10.);
#1309=VECTOR('',#4529,10.);
#1310=VECTOR('',#4530,10.);
#1311=VECTOR('',#4533,10.);
#1312=VECTOR('',#4536,10.);
#1313=VECTOR('',#4541,10.);
#1314=VECTOR('',#4546,10.);
#1315=VECTOR('',#4547,10.);
#1316=VECTOR('',#4548,10.);
#1317=VECTOR('',#4561,10.);
#1318=VECTOR('',#4562,10.);
#1319=VECTOR('',#4563,10.);
#1320=VECTOR('',#4564,10.);
#1321=VECTOR('',#4569,10.);
#1322=VECTOR('',#4572,10.);
#1323=VECTOR('',#4573,10.);
#1324=VECTOR('',#4576,10.);
#1325=VECTOR('',#4577,10.);
#1326=VECTOR('',#4580,10.);
#1327=VECTOR('',#4589,10.);
#1328=VERTEX_POINT('',#4601);
#1329=VERTEX_POINT('',#4602);
#1330=VERTEX_POINT('',#4604);
#1331=VERTEX_POINT('',#4606);
#1332=VERTEX_POINT('',#4610);
#1333=VERTEX_POINT('',#4612);
#1334=VERTEX_POINT('',#4614);
#1335=VERTEX_POINT('',#4616);
#1336=VERTEX_POINT('',#4620);
#1337=VERTEX_POINT('',#4622);
#1338=VERTEX_POINT('',#4626);
#1339=VERTEX_POINT('',#4628);
#1340=VERTEX_POINT('',#4630);
#1341=VERTEX_POINT('',#4632);
#1342=VERTEX_POINT('',#4636);
#1343=VERTEX_POINT('',#4637);
#1344=VERTEX_POINT('',#4639);
#1345=VERTEX_POINT('',#4641);
#1346=VERTEX_POINT('',#4645);
#1347=VERTEX_POINT('',#4646);
#1348=VERTEX_POINT('',#4648);
#1349=VERTEX_POINT('',#4650);
#1350=VERTEX_POINT('',#4654);
#1351=VERTEX_POINT('',#4655);
#1352=VERTEX_POINT('',#4657);
#1353=VERTEX_POINT('',#4659);
#1354=VERTEX_POINT('',#4661);
#1355=VERTEX_POINT('',#4663);
#1356=VERTEX_POINT('',#4667);
#1357=VERTEX_POINT('',#4669);
#1358=VERTEX_POINT('',#4674);
#1359=VERTEX_POINT('',#4678);
#1360=VERTEX_POINT('',#4682);
#1361=VERTEX_POINT('',#4684);
#1362=VERTEX_POINT('',#4686);
#1363=VERTEX_POINT('',#4690);
#1364=VERTEX_POINT('',#4692);
#1365=VERTEX_POINT('',#4694);
#1366=VERTEX_POINT('',#4696);
#1367=VERTEX_POINT('',#4700);
#1368=VERTEX_POINT('',#4702);
#1369=VERTEX_POINT('',#4706);
#1370=VERTEX_POINT('',#4708);
#1371=VERTEX_POINT('',#4710);
#1372=VERTEX_POINT('',#4714);
#1373=VERTEX_POINT('',#4716);
#1374=VERTEX_POINT('',#4718);
#1375=VERTEX_POINT('',#4720);
#1376=VERTEX_POINT('',#4724);
#1377=VERTEX_POINT('',#4728);
#1378=VERTEX_POINT('',#4731);
#1379=VERTEX_POINT('',#4735);
#1380=VERTEX_POINT('',#4737);
#1381=VERTEX_POINT('',#4739);
#1382=VERTEX_POINT('',#4743);
#1383=VERTEX_POINT('',#4744);
#1384=VERTEX_POINT('',#4746);
#1385=VERTEX_POINT('',#4748);
#1386=VERTEX_POINT('',#4752);
#1387=VERTEX_POINT('',#4754);
#1388=VERTEX_POINT('',#4758);
#1389=VERTEX_POINT('',#4759);
#1390=VERTEX_POINT('',#4764);
#1391=VERTEX_POINT('',#4766);
#1392=VERTEX_POINT('',#4768);
#1393=VERTEX_POINT('',#4770);
#1394=VERTEX_POINT('',#4772);
#1395=VERTEX_POINT('',#4774);
#1396=VERTEX_POINT('',#4776);
#1397=VERTEX_POINT('',#4778);
#1398=VERTEX_POINT('',#4780);
#1399=VERTEX_POINT('',#4782);
#1400=VERTEX_POINT('',#4785);
#1401=VERTEX_POINT('',#4787);
#1402=VERTEX_POINT('',#4789);
#1403=VERTEX_POINT('',#4791);
#1404=VERTEX_POINT('',#4793);
#1405=VERTEX_POINT('',#4795);
#1406=VERTEX_POINT('',#4797);
#1407=VERTEX_POINT('',#4801);
#1408=VERTEX_POINT('',#4805);
#1409=VERTEX_POINT('',#4807);
#1410=VERTEX_POINT('',#4811);
#1411=VERTEX_POINT('',#4812);
#1412=VERTEX_POINT('',#4814);
#1413=VERTEX_POINT('',#4816);
#1414=VERTEX_POINT('',#4820);
#1415=VERTEX_POINT('',#4822);
#1416=VERTEX_POINT('',#4827);
#1417=VERTEX_POINT('',#4839);
#1418=VERTEX_POINT('',#4841);
#1419=VERTEX_POINT('',#4845);
#1420=VERTEX_POINT('',#4846);
#1421=VERTEX_POINT('',#4848);
#1422=VERTEX_POINT('',#4850);
#1423=VERTEX_POINT('',#4857);
#1424=VERTEX_POINT('',#4861);
#1425=VERTEX_POINT('',#4865);
#1426=VERTEX_POINT('',#4868);
#1427=VERTEX_POINT('',#4869);
#1428=VERTEX_POINT('',#4871);
#1429=VERTEX_POINT('',#4873);
#1430=VERTEX_POINT('',#4877);
#1431=VERTEX_POINT('',#4879);
#1432=VERTEX_POINT('',#4883);
#1433=VERTEX_POINT('',#4885);
#1434=VERTEX_POINT('',#4886);
#1435=VERTEX_POINT('',#4888);
#1436=VERTEX_POINT('',#4890);
#1437=VERTEX_POINT('',#4894);
#1438=VERTEX_POINT('',#4895);
#1439=VERTEX_POINT('',#4900);
#1440=VERTEX_POINT('',#4901);
#1441=VERTEX_POINT('',#4903);
#1442=VERTEX_POINT('',#4905);
#1443=VERTEX_POINT('',#4909);
#1444=VERTEX_POINT('',#4910);
#1445=VERTEX_POINT('',#4915);
#1446=VERTEX_POINT('',#4916);
#1447=VERTEX_POINT('',#4924);
#1448=VERTEX_POINT('',#4930);
#1449=VERTEX_POINT('',#4934);
#1450=VERTEX_POINT('',#4937);
#1451=VERTEX_POINT('',#4939);
#1452=VERTEX_POINT('',#4941);
#1453=VERTEX_POINT('',#4945);
#1454=VERTEX_POINT('',#4947);
#1455=VERTEX_POINT('',#4950);
#1456=VERTEX_POINT('',#4953);
#1457=VERTEX_POINT('',#4960);
#1458=VERTEX_POINT('',#4964);
#1459=VERTEX_POINT('',#4981);
#1460=VERTEX_POINT('',#4996);
#1461=VERTEX_POINT('',#4998);
#1462=VERTEX_POINT('',#5000);
#1463=VERTEX_POINT('',#5002);
#1464=VERTEX_POINT('',#5004);
#1465=VERTEX_POINT('',#5008);
#1466=VERTEX_POINT('',#5012);
#1467=VERTEX_POINT('',#5013);
#1468=VERTEX_POINT('',#5018);
#1469=VERTEX_POINT('',#5019);
#1470=VERTEX_POINT('',#5032);
#1471=VERTEX_POINT('',#5033);
#1472=VERTEX_POINT('',#5035);
#1473=VERTEX_POINT('',#5037);
#1474=VERTEX_POINT('',#5041);
#1475=VERTEX_POINT('',#5043);
#1476=VERTEX_POINT('',#5047);
#1477=VERTEX_POINT('',#5049);
#1478=VERTEX_POINT('',#5053);
#1479=VERTEX_POINT('',#5054);
#1480=VERTEX_POINT('',#5056);
#1481=VERTEX_POINT('',#5058);
#1482=VERTEX_POINT('',#5062);
#1483=VERTEX_POINT('',#5064);
#1484=VERTEX_POINT('',#5068);
#1485=VERTEX_POINT('',#5070);
#1486=VERTEX_POINT('',#5074);
#1487=VERTEX_POINT('',#5076);
#1488=VERTEX_POINT('',#5078);
#1489=VERTEX_POINT('',#5086);
#1490=VERTEX_POINT('',#5093);
#1491=VERTEX_POINT('',#5095);
#1492=VERTEX_POINT('',#5097);
#1493=VERTEX_POINT('',#5101);
#1494=VERTEX_POINT('',#5103);
#1495=VERTEX_POINT('',#5105);
#1496=VERTEX_POINT('',#5107);
#1497=VERTEX_POINT('',#5109);
#1498=VERTEX_POINT('',#5116);
#1499=VERTEX_POINT('',#5124);
#1500=VERTEX_POINT('',#5128);
#1501=VERTEX_POINT('',#5130);
#1502=VERTEX_POINT('',#5132);
#1503=VERTEX_POINT('',#5135);
#1504=VERTEX_POINT('',#5137);
#1505=VERTEX_POINT('',#5139);
#1506=VERTEX_POINT('',#5143);
#1507=VERTEX_POINT('',#5147);
#1508=VERTEX_POINT('',#5149);
#1509=VERTEX_POINT('',#5151);
#1510=VERTEX_POINT('',#5170);
#1511=VERTEX_POINT('',#5181);
#1512=VERTEX_POINT('',#5200);
#1513=VERTEX_POINT('',#5227);
#1514=VERTEX_POINT('',#5231);
#1515=VERTEX_POINT('',#5233);
#1516=VERTEX_POINT('',#5235);
#1517=VERTEX_POINT('',#5249);
#1518=VERTEX_POINT('',#5251);
#1519=VERTEX_POINT('',#5259);
#1520=VERTEX_POINT('',#5266);
#1521=VERTEX_POINT('',#5268);
#1522=VERTEX_POINT('',#5272);
#1523=VERTEX_POINT('',#5274);
#1524=VERTEX_POINT('',#5276);
#1525=VERTEX_POINT('',#5278);
#1526=VERTEX_POINT('',#5285);
#1527=VERTEX_POINT('',#5295);
#1528=VERTEX_POINT('',#5297);
#1529=VERTEX_POINT('',#5300);
#1530=VERTEX_POINT('',#5304);
#1531=VERTEX_POINT('',#5308);
#1532=VERTEX_POINT('',#5311);
#1533=VERTEX_POINT('',#5315);
#1534=VERTEX_POINT('',#5317);
#1535=VERTEX_POINT('',#5319);
#1536=VERTEX_POINT('',#5321);
#1537=VERTEX_POINT('',#5323);
#1538=VERTEX_POINT('',#5325);
#1539=VERTEX_POINT('',#5352);
#1540=VERTEX_POINT('',#5356);
#1541=VERTEX_POINT('',#5358);
#1542=VERTEX_POINT('',#5394);
#1543=VERTEX_POINT('',#5399);
#1544=VERTEX_POINT('',#5401);
#1545=VERTEX_POINT('',#5406);
#1546=VERTEX_POINT('',#5413);
#1547=VERTEX_POINT('',#5414);
#1548=VERTEX_POINT('',#5416);
#1549=VERTEX_POINT('',#5418);
#1550=VERTEX_POINT('',#5422);
#1551=VERTEX_POINT('',#5424);
#1552=VERTEX_POINT('',#5428);
#1553=VERTEX_POINT('',#5429);
#1554=VERTEX_POINT('',#5434);
#1555=VERTEX_POINT('',#5436);
#1556=VERTEX_POINT('',#5438);
#1557=VERTEX_POINT('',#5442);
#1558=VERTEX_POINT('',#5446);
#1559=VERTEX_POINT('',#5448);
#1560=VERTEX_POINT('',#5452);
#1561=VERTEX_POINT('',#5454);
#1562=VERTEX_POINT('',#5458);
#1563=VERTEX_POINT('',#5459);
#1564=VERTEX_POINT('',#5461);
#1565=VERTEX_POINT('',#5473);
#1566=VERTEX_POINT('',#5474);
#1567=VERTEX_POINT('',#5476);
#1568=VERTEX_POINT('',#5478);
#1569=VERTEX_POINT('',#5480);
#1570=VERTEX_POINT('',#5482);
#1571=VERTEX_POINT('',#5495);
#1572=VERTEX_POINT('',#5502);
#1573=VERTEX_POINT('',#5504);
#1574=VERTEX_POINT('',#5527);
#1575=VERTEX_POINT('',#5546);
#1576=VERTEX_POINT('',#5553);
#1577=VERTEX_POINT('',#5583);
#1578=VERTEX_POINT('',#5585);
#1579=VERTEX_POINT('',#5587);
#1580=VERTEX_POINT('',#5606);
#1581=VERTEX_POINT('',#5642);
#1582=VERTEX_POINT('',#5644);
#1583=VERTEX_POINT('',#5646);
#1584=VERTEX_POINT('',#5648);
#1585=VERTEX_POINT('',#5650);
#1586=VERTEX_POINT('',#5652);
#1587=VERTEX_POINT('',#5654);
#1588=VERTEX_POINT('',#5656);
#1589=VERTEX_POINT('',#5660);
#1590=VERTEX_POINT('',#5662);
#1591=VERTEX_POINT('',#5665);
#1592=VERTEX_POINT('',#5667);
#1593=VERTEX_POINT('',#5669);
#1594=VERTEX_POINT('',#5671);
#1595=VERTEX_POINT('',#5673);
#1596=VERTEX_POINT('',#5675);
#1597=VERTEX_POINT('',#5684);
#1598=VERTEX_POINT('',#5686);
#1599=VERTEX_POINT('',#5688);
#1600=VERTEX_POINT('',#5690);
#1601=VERTEX_POINT('',#5699);
#1602=VERTEX_POINT('',#5701);
#1603=VERTEX_POINT('',#5703);
#1604=VERTEX_POINT('',#5705);
#1605=VERTEX_POINT('',#5707);
#1606=VERTEX_POINT('',#5709);
#1607=VERTEX_POINT('',#5711);
#1608=VERTEX_POINT('',#5713);
#1609=VERTEX_POINT('',#5719);
#1610=VERTEX_POINT('',#5721);
#1611=VERTEX_POINT('',#5725);
#1612=VERTEX_POINT('',#5727);
#1613=VERTEX_POINT('',#5731);
#1614=VERTEX_POINT('',#5732);
#1615=VERTEX_POINT('',#5734);
#1616=VERTEX_POINT('',#5736);
#1617=VERTEX_POINT('',#5743);
#1618=VERTEX_POINT('',#5744);
#1619=VERTEX_POINT('',#5746);
#1620=VERTEX_POINT('',#5748);
#1621=VERTEX_POINT('',#5752);
#1622=VERTEX_POINT('',#5754);
#1623=VERTEX_POINT('',#5758);
#1624=VERTEX_POINT('',#5760);
#1625=VERTEX_POINT('',#5764);
#1626=VERTEX_POINT('',#5766);
#1627=VERTEX_POINT('',#5768);
#1628=VERTEX_POINT('',#5771);
#1629=VERTEX_POINT('',#5775);
#1630=VERTEX_POINT('',#5778);
#1631=VERTEX_POINT('',#5782);
#1632=VERTEX_POINT('',#5784);
#1633=VERTEX_POINT('',#5786);
#1634=VERTEX_POINT('',#5788);
#1635=VERTEX_POINT('',#5792);
#1636=VERTEX_POINT('',#5794);
#1637=VERTEX_POINT('',#5796);
#1638=VERTEX_POINT('',#5803);
#1639=VERTEX_POINT('',#5805);
#1640=VERTEX_POINT('',#5807);
#1641=VERTEX_POINT('',#5811);
#1642=VERTEX_POINT('',#5813);
#1643=VERTEX_POINT('',#5817);
#1644=VERTEX_POINT('',#5822);
#1645=VERTEX_POINT('',#5828);
#1646=VERTEX_POINT('',#5843);
#1647=VERTEX_POINT('',#5846);
#1648=VERTEX_POINT('',#5848);
#1649=VERTEX_POINT('',#5850);
#1650=VERTEX_POINT('',#5856);
#1651=EDGE_CURVE('',#1328,#1329,#546,.T.);
#1652=EDGE_CURVE('',#1330,#1328,#547,.T.);
#1653=EDGE_CURVE('',#1330,#1331,#548,.T.);
#1654=EDGE_CURVE('',#1329,#1331,#549,.T.);
#1655=EDGE_CURVE('',#1332,#1330,#145,.T.);
#1656=EDGE_CURVE('',#1333,#1332,#550,.T.);
#1657=EDGE_CURVE('',#1334,#1333,#75,.T.);
#1658=EDGE_CURVE('',#1335,#1334,#551,.T.);
#1659=EDGE_CURVE('',#1331,#1335,#76,.T.);
#1660=EDGE_CURVE('',#1336,#1333,#552,.T.);
#1661=EDGE_CURVE('',#1337,#1336,#553,.T.);
#1662=EDGE_CURVE('',#1334,#1337,#554,.T.);
#1663=EDGE_CURVE('',#1329,#1338,#555,.T.);
#1664=EDGE_CURVE('',#1339,#1335,#556,.T.);
#1665=EDGE_CURVE('',#1340,#1339,#557,.T.);
#1666=EDGE_CURVE('',#1341,#1340,#558,.T.);
#1667=EDGE_CURVE('',#1338,#1341,#559,.T.);
#1668=EDGE_CURVE('',#1342,#1343,#560,.T.);
#1669=EDGE_CURVE('',#1344,#1342,#561,.T.);
#1670=EDGE_CURVE('',#1345,#1344,#562,.T.);
#1671=EDGE_CURVE('',#1343,#1345,#563,.T.);
#1672=EDGE_CURVE('',#1346,#1347,#564,.T.);
#1673=EDGE_CURVE('',#1348,#1346,#565,.T.);
#1674=EDGE_CURVE('',#1349,#1348,#566,.T.);
#1675=EDGE_CURVE('',#1349,#1347,#146,.T.);
#1676=EDGE_CURVE('',#1350,#1351,#567,.T.);
#1677=EDGE_CURVE('',#1350,#1352,#77,.T.);
#1678=EDGE_CURVE('',#1352,#1353,#568,.T.);
#1679=EDGE_CURVE('',#1354,#1353,#569,.T.);
#1680=EDGE_CURVE('',#1355,#1354,#570,.T.);
#1681=EDGE_CURVE('',#1351,#1355,#571,.T.);
#1682=EDGE_CURVE('',#1353,#1356,#572,.T.);
#1683=EDGE_CURVE('',#1352,#1357,#573,.T.);
#1684=EDGE_CURVE('',#1356,#1357,#574,.T.);
#1685=EDGE_CURVE('',#1347,#1350,#575,.T.);
#1686=EDGE_CURVE('',#1358,#1349,#576,.T.);
#1687=EDGE_CURVE('',#1357,#1358,#147,.T.);
#1688=EDGE_CURVE('',#1359,#1341,#577,.T.);
#1689=EDGE_CURVE('',#1359,#1338,#578,.T.);
#1690=EDGE_CURVE('',#1340,#1360,#579,.T.);
#1691=EDGE_CURVE('',#1360,#1361,#580,.F.);
#1692=EDGE_CURVE('',#1361,#1362,#581,.F.);
#1693=EDGE_CURVE('',#1359,#1362,#582,.T.);
#1694=EDGE_CURVE('',#1339,#1363,#583,.F.);
#1695=EDGE_CURVE('',#1363,#1364,#584,.T.);
#1696=EDGE_CURVE('',#1364,#1365,#585,.T.);
#1697=EDGE_CURVE('',#1366,#1365,#586,.T.);
#1698=EDGE_CURVE('',#1360,#1366,#587,.T.);
#1699=EDGE_CURVE('',#1367,#1342,#588,.T.);
#1700=EDGE_CURVE('',#1367,#1368,#589,.T.);
#1701=EDGE_CURVE('',#1368,#1344,#590,.T.);
#1702=EDGE_CURVE('',#1337,#1369,#591,.T.);
#1703=EDGE_CURVE('',#1370,#1369,#78,.T.);
#1704=EDGE_CURVE('',#1371,#1370,#592,.T.);
#1705=EDGE_CURVE('',#1345,#1371,#79,.T.);
#1706=EDGE_CURVE('',#1368,#1346,#593,.T.);
#1707=EDGE_CURVE('',#1351,#1372,#594,.T.);
#1708=EDGE_CURVE('',#1372,#1373,#595,.T.);
#1709=EDGE_CURVE('',#1374,#1373,#596,.T.);
#1710=EDGE_CURVE('',#1375,#1374,#597,.T.);
#1711=EDGE_CURVE('',#1363,#1375,#598,.T.);
#1712=EDGE_CURVE('',#1355,#1376,#599,.T.);
#1713=EDGE_CURVE('',#1372,#1376,#600,.T.);
#1714=EDGE_CURVE('',#1377,#1354,#601,.T.);
#1715=EDGE_CURVE('',#1361,#1377,#602,.T.);
#1716=EDGE_CURVE('',#1378,#1366,#603,.T.);
#1717=EDGE_CURVE('',#1376,#1378,#604,.T.);
#1718=EDGE_CURVE('',#1356,#1379,#605,.F.);
#1719=EDGE_CURVE('',#1379,#1380,#606,.T.);
#1720=EDGE_CURVE('',#1380,#1381,#607,.F.);
#1721=EDGE_CURVE('',#1381,#1377,#608,.F.);
#1722=EDGE_CURVE('',#1382,#1383,#609,.T.);
#1723=EDGE_CURVE('',#1382,#1384,#610,.T.);
#1724=EDGE_CURVE('',#1384,#1385,#611,.T.);
#1725=EDGE_CURVE('',#1383,#1385,#612,.T.);
#1726=EDGE_CURVE('',#1386,#1382,#80,.T.);
#1727=EDGE_CURVE('',#1387,#1386,#613,.T.);
#1728=EDGE_CURVE('',#1387,#1384,#81,.T.);
#1729=EDGE_CURVE('',#1388,#1389,#82,.T.);
#1730=EDGE_CURVE('',#1385,#1388,#614,.T.);
#1731=EDGE_CURVE('',#1389,#1387,#615,.T.);
#1732=EDGE_CURVE('',#1388,#1390,#616,.T.);
#1733=EDGE_CURVE('',#1390,#1391,#617,.T.);
#1734=EDGE_CURVE('',#1391,#1392,#618,.T.);
#1735=EDGE_CURVE('',#1392,#1393,#619,.T.);
#1736=EDGE_CURVE('',#1394,#1393,#620,.T.);
#1737=EDGE_CURVE('',#1394,#1395,#621,.T.);
#1738=EDGE_CURVE('',#1395,#1396,#622,.T.);
#1739=EDGE_CURVE('',#1397,#1396,#623,.T.);
#1740=EDGE_CURVE('',#1398,#1397,#624,.T.);
#1741=EDGE_CURVE('',#1398,#1399,#625,.T.);
#1742=EDGE_CURVE('',#1399,#1371,#626,.T.);
#1743=EDGE_CURVE('',#1400,#1370,#627,.T.);
#1744=EDGE_CURVE('',#1400,#1401,#628,.T.);
#1745=EDGE_CURVE('',#1401,#1402,#629,.T.);
#1746=EDGE_CURVE('',#1402,#1403,#630,.T.);
#1747=EDGE_CURVE('',#1403,#1404,#631,.T.);
#1748=EDGE_CURVE('',#1405,#1404,#632,.T.);
#1749=EDGE_CURVE('',#1406,#1405,#633,.T.);
#1750=EDGE_CURVE('',#1406,#1383,#634,.T.);
#1751=EDGE_CURVE('',#1407,#1389,#635,.T.);
#1752=EDGE_CURVE('',#1407,#1390,#83,.T.);
#1753=EDGE_CURVE('',#1408,#1386,#636,.T.);
#1754=EDGE_CURVE('',#1409,#1408,#637,.T.);
#1755=EDGE_CURVE('',#1407,#1409,#638,.T.);
#1756=EDGE_CURVE('',#1410,#1411,#639,.T.);
#1757=EDGE_CURVE('',#1411,#1412,#640,.T.);
#1758=EDGE_CURVE('',#1413,#1412,#641,.T.);
#1759=EDGE_CURVE('',#1410,#1413,#642,.T.);
#1760=EDGE_CURVE('',#1414,#1410,#643,.T.);
#1761=EDGE_CURVE('',#1415,#1413,#644,.T.);
#1762=EDGE_CURVE('',#1414,#1415,#645,.T.);
#1763=EDGE_CURVE('',#1380,#1414,#646,.T.);
#1764=EDGE_CURVE('',#1416,#1415,#647,.T.);
#1765=EDGE_CURVE('',#1380,#1416,#648,.T.);
#1766=EDGE_CURVE('',#1411,#1380,#649,.T.);
#1767=EDGE_CURVE('',#1412,#1416,#650,.T.);
#1768=EDGE_CURVE('',#1373,#1378,#651,.T.);
#1769=EDGE_CURVE('',#1364,#1375,#652,.T.);
#1770=EDGE_CURVE('',#1365,#1374,#653,.T.);
#1771=EDGE_CURVE('',#1405,#1417,#654,.T.);
#1772=EDGE_CURVE('',#1417,#1418,#655,.T.);
#1773=EDGE_CURVE('',#1418,#1406,#656,.T.);
#1774=EDGE_CURVE('',#1419,#1420,#657,.T.);
#1775=EDGE_CURVE('',#1419,#1421,#658,.T.);
#1776=EDGE_CURVE('',#1422,#1421,#659,.T.);
#1777=EDGE_CURVE('',#1422,#1420,#660,.T.);
#1778=EDGE_CURVE('',#1420,#1408,#84,.T.);
#1779=EDGE_CURVE('',#1409,#1422,#85,.T.);
#1780=EDGE_CURVE('',#1423,#1418,#661,.T.);
#1781=EDGE_CURVE('',#1419,#1423,#86,.T.);
#1782=EDGE_CURVE('',#1424,#1421,#87,.T.);
#1783=EDGE_CURVE('',#1423,#1424,#662,.T.);
#1784=EDGE_CURVE('',#1425,#1425,#88,.T.);
#1785=EDGE_CURVE('',#1426,#1427,#89,.T.);
#1786=EDGE_CURVE('',#1428,#1427,#663,.T.);
#1787=EDGE_CURVE('',#1429,#1428,#90,.T.);
#1788=EDGE_CURVE('',#1426,#1429,#664,.T.);
#1789=EDGE_CURVE('',#1430,#1428,#665,.T.);
#1790=EDGE_CURVE('',#1430,#1431,#91,.T.);
#1791=EDGE_CURVE('',#1393,#1431,#92,.T.);
#1792=EDGE_CURVE('',#1429,#1392,#666,.T.);
#1793=EDGE_CURVE('',#1432,#1432,#93,.T.);
#1794=EDGE_CURVE('',#1433,#1434,#667,.T.);
#1795=EDGE_CURVE('',#1434,#1435,#668,.T.);
#1796=EDGE_CURVE('',#1435,#1436,#669,.T.);
#1797=EDGE_CURVE('',#1436,#1433,#94,.T.);
#1798=EDGE_CURVE('',#1437,#1438,#95,.T.);
#1799=EDGE_CURVE('',#1431,#1438,#670,.T.);
#1800=EDGE_CURVE('',#1430,#1437,#671,.T.);
#1801=EDGE_CURVE('',#1439,#1440,#96,.T.);
#1802=EDGE_CURVE('',#1440,#1441,#672,.T.);
#1803=EDGE_CURVE('',#1441,#1442,#97,.T.);
#1804=EDGE_CURVE('',#1439,#1442,#673,.T.);
#1805=EDGE_CURVE('',#1443,#1444,#674,.T.);
#1806=EDGE_CURVE('',#1434,#1443,#675,.T.);
#1807=EDGE_CURVE('',#1433,#1444,#676,.T.);
#1808=EDGE_CURVE('',#1445,#1446,#677,.T.);
#1809=EDGE_CURVE('',#1436,#1445,#678,.T.);
#1810=EDGE_CURVE('',#1435,#1446,#679,.T.);
#1811=EDGE_CURVE('',#1438,#1394,#98,.T.);
#1812=EDGE_CURVE('',#1446,#1395,#680,.T.);
#1813=EDGE_CURVE('',#1447,#1437,#681,.T.);
#1814=EDGE_CURVE('',#1443,#1447,#682,.T.);
#1815=EDGE_CURVE('',#1444,#1442,#99,.T.);
#1816=EDGE_CURVE('',#1441,#1445,#100,.T.);
#1817=EDGE_CURVE('',#1448,#1396,#683,.T.);
#1818=EDGE_CURVE('',#1448,#1447,#684,.T.);
#1819=EDGE_CURVE('',#1369,#1449,#685,.T.);
#1820=EDGE_CURVE('',#1449,#1398,#101,.T.);
#1821=EDGE_CURVE('',#1450,#1397,#102,.T.);
#1822=EDGE_CURVE('',#1451,#1450,#686,.T.);
#1823=EDGE_CURVE('',#1451,#1452,#687,.T.);
#1824=EDGE_CURVE('',#1452,#1400,#103,.T.);
#1825=EDGE_CURVE('',#1453,#1452,#688,.T.);
#1826=EDGE_CURVE('',#1454,#1453,#104,.T.);
#1827=EDGE_CURVE('',#1401,#1454,#689,.T.);
#1828=EDGE_CURVE('',#1455,#1455,#105,.T.);
#1829=EDGE_CURVE('',#1456,#1456,#106,.T.);
#1830=EDGE_CURVE('',#1391,#1426,#690,.T.);
#1831=EDGE_CURVE('',#1427,#1424,#691,.T.);
#1832=EDGE_CURVE('',#1457,#1402,#692,.T.);
#1833=EDGE_CURVE('',#1457,#1454,#693,.T.);
#1834=EDGE_CURVE('',#1458,#1457,#107,.T.);
#1835=EDGE_CURVE('',#1458,#1453,#694,.T.);
#1836=EDGE_CURVE('',#1448,#1450,#695,.T.);
#1837=EDGE_CURVE('',#1440,#1439,#108,.T.);
#1838=EDGE_CURVE('',#1449,#1336,#696,.T.);
#1839=EDGE_CURVE('',#1367,#1348,#697,.T.);
#1840=EDGE_CURVE('',#1410,#1328,#698,.T.);
#1841=EDGE_CURVE('',#1414,#1379,#699,.T.);
#1842=EDGE_CURVE('',#1358,#1332,#700,.T.);
#1843=EDGE_CURVE('',#1362,#1459,#701,.T.);
#1844=EDGE_CURVE('',#1411,#1459,#702,.T.);
#1845=EDGE_CURVE('',#1399,#1343,#109,.T.);
#1846=EDGE_CURVE('',#1381,#1459,#703,.T.);
#1847=EDGE_CURVE('',#1425,#1432,#704,.T.);
#1848=EDGE_CURVE('',#1456,#1455,#705,.T.);
#1849=EDGE_CURVE('',#1460,#1458,#706,.T.);
#1850=EDGE_CURVE('',#1461,#1460,#110,.T.);
#1851=EDGE_CURVE('',#1461,#1462,#707,.T.);
#1852=EDGE_CURVE('',#1462,#1463,#111,.T.);
#1853=EDGE_CURVE('',#1463,#1464,#708,.T.);
#1854=EDGE_CURVE('',#1403,#1464,#112,.T.);
#1855=EDGE_CURVE('',#1465,#1417,#709,.T.);
#1856=EDGE_CURVE('',#1460,#1465,#710,.T.);
#1857=EDGE_CURVE('',#1466,#1467,#711,.T.);
#1858=EDGE_CURVE('',#1466,#1464,#712,.T.);
#1859=EDGE_CURVE('',#1467,#1463,#713,.T.);
#1860=EDGE_CURVE('',#1468,#1469,#714,.T.);
#1861=EDGE_CURVE('',#1468,#1462,#715,.T.);
#1862=EDGE_CURVE('',#1461,#1469,#716,.T.);
#1863=EDGE_CURVE('',#1467,#1468,#113,.T.);
#1864=EDGE_CURVE('',#1469,#1465,#114,.T.);
#1865=EDGE_CURVE('',#1404,#1466,#115,.T.);
#1866=EDGE_CURVE('',#1470,#1471,#148,.F.);
#1867=EDGE_CURVE('',#1471,#1472,#717,.T.);
#1868=EDGE_CURVE('',#1472,#1473,#149,.F.);
#1869=EDGE_CURVE('',#1473,#1470,#718,.T.);
#1870=EDGE_CURVE('',#1474,#1471,#719,.T.);
#1871=EDGE_CURVE('',#1475,#1474,#720,.T.);
#1872=EDGE_CURVE('',#1472,#1475,#721,.T.);
#1873=EDGE_CURVE('',#1476,#1475,#150,.F.);
#1874=EDGE_CURVE('',#1474,#1477,#151,.F.);
#1875=EDGE_CURVE('',#1477,#1476,#722,.T.);
#1876=EDGE_CURVE('',#1478,#1479,#152,.F.);
#1877=EDGE_CURVE('',#1479,#1480,#723,.T.);
#1878=EDGE_CURVE('',#1480,#1481,#153,.F.);
#1879=EDGE_CURVE('',#1481,#1478,#724,.T.);
#1880=EDGE_CURVE('',#1482,#1479,#725,.T.);
#1881=EDGE_CURVE('',#1483,#1482,#726,.T.);
#1882=EDGE_CURVE('',#1480,#1483,#727,.T.);
#1883=EDGE_CURVE('',#1484,#1483,#154,.F.);
#1884=EDGE_CURVE('',#1482,#1485,#155,.F.);
#1885=EDGE_CURVE('',#1485,#1484,#728,.T.);
#1886=EDGE_CURVE('',#1486,#1485,#729,.T.);
#1887=EDGE_CURVE('',#1487,#1486,#730,.T.);
#1888=EDGE_CURVE('',#1488,#1487,#31,.T.);
#1889=EDGE_CURVE('',#1489,#1488,#32,.T.);
#1890=EDGE_CURVE('',#1490,#1489,#731,.T.);
#1891=EDGE_CURVE('',#1491,#1490,#732,.T.);
#1892=EDGE_CURVE('',#1492,#1491,#733,.T.);
#1893=EDGE_CURVE('',#1484,#1492,#734,.T.);
#1894=EDGE_CURVE('',#1493,#1481,#735,.T.);
#1895=EDGE_CURVE('',#1494,#1493,#736,.T.);
#1896=EDGE_CURVE('',#1495,#1494,#737,.T.);
#1897=EDGE_CURVE('',#1496,#1495,#738,.T.);
#1898=EDGE_CURVE('',#1497,#1496,#33,.T.);
#1899=EDGE_CURVE('',#1498,#1497,#34,.T.);
#1900=EDGE_CURVE('',#1499,#1498,#739,.T.);
#1901=EDGE_CURVE('',#1478,#1499,#740,.T.);
#1902=EDGE_CURVE('',#1500,#1499,#741,.T.);
#1903=EDGE_CURVE('',#1501,#1500,#742,.T.);
#1904=EDGE_CURVE('',#1502,#1501,#743,.T.);
#1905=EDGE_CURVE('',#1502,#1477,#744,.T.);
#1906=EDGE_CURVE('',#1470,#1503,#745,.T.);
#1907=EDGE_CURVE('',#1504,#1503,#746,.T.);
#1908=EDGE_CURVE('',#1505,#1504,#156,.T.);
#1909=EDGE_CURVE('',#1486,#1505,#747,.T.);
#1910=EDGE_CURVE('',#1506,#1498,#748,.T.);
#1911=EDGE_CURVE('',#1500,#1506,#749,.T.);
#1912=EDGE_CURVE('',#1507,#1505,#157,.T.);
#1913=EDGE_CURVE('',#1508,#1507,#750,.T.);
#1914=EDGE_CURVE('',#1509,#1508,#751,.T.);
#1915=EDGE_CURVE('',#1487,#1509,#752,.T.);
#1916=EDGE_CURVE('',#1497,#1510,#35,.T.);
#1917=EDGE_CURVE('',#1511,#1510,#753,.T.);
#1918=EDGE_CURVE('',#1511,#1506,#754,.T.);
#1919=EDGE_CURVE('',#1512,#1509,#36,.T.);
#1920=EDGE_CURVE('',#1512,#1488,#37,.T.);
#1921=EDGE_CURVE('',#1496,#1510,#38,.T.);
#1922=EDGE_CURVE('',#1493,#1513,#755,.T.);
#1923=EDGE_CURVE('',#1513,#1511,#756,.T.);
#1924=EDGE_CURVE('',#1511,#1506,#757,.T.);
#1925=EDGE_CURVE('',#1506,#1514,#758,.T.);
#1926=EDGE_CURVE('',#1514,#1515,#759,.T.);
#1927=EDGE_CURVE('',#1515,#1516,#39,.T.);
#1928=EDGE_CURVE('',#1516,#1494,#760,.T.);
#1929=EDGE_CURVE('',#1510,#1495,#761,.T.);
#1930=EDGE_CURVE('',#1516,#1510,#762,.T.);
#1931=EDGE_CURVE('',#1517,#1502,#763,.T.);
#1932=EDGE_CURVE('',#1518,#1517,#40,.T.);
#1933=EDGE_CURVE('',#1519,#1518,#41,.T.);
#1934=EDGE_CURVE('',#1520,#1519,#764,.T.);
#1935=EDGE_CURVE('',#1521,#1520,#765,.T.);
#1936=EDGE_CURVE('',#1476,#1521,#766,.T.);
#1937=EDGE_CURVE('',#1522,#1473,#767,.T.);
#1938=EDGE_CURVE('',#1523,#1522,#768,.T.);
#1939=EDGE_CURVE('',#1524,#1523,#769,.T.);
#1940=EDGE_CURVE('',#1525,#1524,#42,.T.);
#1941=EDGE_CURVE('',#1526,#1525,#43,.T.);
#1942=EDGE_CURVE('',#1503,#1526,#770,.T.);
#1943=EDGE_CURVE('',#1527,#1492,#771,.T.);
#1944=EDGE_CURVE('',#1528,#1527,#772,.T.);
#1945=EDGE_CURVE('',#1528,#1522,#773,.T.);
#1946=EDGE_CURVE('',#1521,#1529,#774,.T.);
#1947=EDGE_CURVE('',#1513,#1529,#775,.T.);
#1948=EDGE_CURVE('',#1530,#1501,#776,.T.);
#1949=EDGE_CURVE('',#1530,#1517,#777,.T.);
#1950=EDGE_CURVE('',#1520,#1531,#778,.T.);
#1951=EDGE_CURVE('',#1531,#1530,#779,.T.);
#1952=EDGE_CURVE('',#1530,#1532,#780,.T.);
#1953=EDGE_CURVE('',#1529,#1532,#781,.T.);
#1954=EDGE_CURVE('',#1533,#1528,#782,.T.);
#1955=EDGE_CURVE('',#1534,#1533,#783,.T.);
#1956=EDGE_CURVE('',#1535,#1534,#784,.T.);
#1957=EDGE_CURVE('',#1536,#1535,#785,.T.);
#1958=EDGE_CURVE('',#1536,#1537,#786,.T.);
#1959=EDGE_CURVE('',#1537,#1538,#44,.T.);
#1960=EDGE_CURVE('',#1538,#1523,#787,.T.);
#1961=EDGE_CURVE('',#1530,#1532,#788,.T.);
#1962=EDGE_CURVE('',#1532,#1518,#789,.T.);
#1963=EDGE_CURVE('',#1539,#1519,#790,.T.);
#1964=EDGE_CURVE('',#1539,#1531,#791,.T.);
#1965=EDGE_CURVE('',#1538,#1540,#792,.T.);
#1966=EDGE_CURVE('',#1541,#1540,#793,.T.);
#1967=EDGE_CURVE('',#1524,#1541,#794,.T.);
#1968=EDGE_CURVE('',#1532,#1539,#795,.T.);
#1969=EDGE_CURVE('',#1542,#1541,#45,.T.);
#1970=EDGE_CURVE('',#1543,#1542,#796,.T.);
#1971=EDGE_CURVE('',#1544,#1543,#46,.T.);
#1972=EDGE_CURVE('',#1545,#1544,#47,.T.);
#1973=EDGE_CURVE('',#1525,#1545,#797,.T.);
#1974=EDGE_CURVE('',#1546,#1547,#798,.T.);
#1975=EDGE_CURVE('',#1546,#1548,#799,.T.);
#1976=EDGE_CURVE('',#1548,#1549,#800,.T.);
#1977=EDGE_CURVE('',#1547,#1549,#801,.T.);
#1978=EDGE_CURVE('',#1550,#1546,#116,.T.);
#1979=EDGE_CURVE('',#1551,#1550,#802,.T.);
#1980=EDGE_CURVE('',#1551,#1548,#117,.T.);
#1981=EDGE_CURVE('',#1552,#1553,#118,.T.);
#1982=EDGE_CURVE('',#1549,#1552,#803,.T.);
#1983=EDGE_CURVE('',#1553,#1551,#804,.T.);
#1984=EDGE_CURVE('',#1554,#1552,#805,.T.);
#1985=EDGE_CURVE('',#1554,#1555,#806,.T.);
#1986=EDGE_CURVE('',#1556,#1555,#807,.T.);
#1987=EDGE_CURVE('',#1547,#1556,#808,.T.);
#1988=EDGE_CURVE('',#1557,#1553,#809,.T.);
#1989=EDGE_CURVE('',#1557,#1554,#119,.T.);
#1990=EDGE_CURVE('',#1558,#1550,#810,.T.);
#1991=EDGE_CURVE('',#1558,#1559,#811,.T.);
#1992=EDGE_CURVE('',#1557,#1559,#812,.T.);
#1993=EDGE_CURVE('',#1526,#1560,#813,.T.);
#1994=EDGE_CURVE('',#1561,#1560,#814,.T.);
#1995=EDGE_CURVE('',#1504,#1561,#158,.T.);
#1996=EDGE_CURVE('',#1562,#1563,#815,.T.);
#1997=EDGE_CURVE('',#1564,#1562,#816,.T.);
#1998=EDGE_CURVE('',#1564,#1563,#817,.T.);
#1999=EDGE_CURVE('',#1563,#1508,#818,.T.);
#2000=EDGE_CURVE('',#1509,#1564,#819,.T.);
#2001=EDGE_CURVE('',#1500,#1511,#820,.T.);
#2002=EDGE_CURVE('',#1532,#1511,#120,.T.);
#2003=EDGE_CURVE('',#1532,#1501,#821,.T.);
#2004=EDGE_CURVE('',#1565,#1566,#822,.T.);
#2005=EDGE_CURVE('',#1567,#1565,#121,.T.);
#2006=EDGE_CURVE('',#1567,#1568,#823,.T.);
#2007=EDGE_CURVE('',#1568,#1569,#122,.T.);
#2008=EDGE_CURVE('',#1569,#1570,#824,.T.);
#2009=EDGE_CURVE('',#1570,#1507,#123,.T.);
#2010=EDGE_CURVE('',#1561,#1570,#124,.T.);
#2011=EDGE_CURVE('',#1569,#1566,#125,.T.);
#2012=EDGE_CURVE('',#1571,#1512,#825,.T.);
#2013=EDGE_CURVE('',#1571,#1489,#48,.T.);
#2014=EDGE_CURVE('',#1490,#1572,#826,.T.);
#2015=EDGE_CURVE('',#1573,#1572,#827,.T.);
#2016=EDGE_CURVE('',#1491,#1573,#828,.T.);
#2017=EDGE_CURVE('',#1572,#1571,#829,.T.);
#2018=EDGE_CURVE('',#1571,#1562,#830,.T.);
#2019=EDGE_CURVE('',#1574,#1515,#831,.T.);
#2020=EDGE_CURVE('',#1574,#1511,#832,.T.);
#2021=EDGE_CURVE('',#1543,#1575,#49,.T.);
#2022=EDGE_CURVE('',#1576,#1542,#50,.T.);
#2023=EDGE_CURVE('',#1575,#1576,#833,.T.);
#2024=EDGE_CURVE('',#1560,#1545,#51,.T.);
#2025=EDGE_CURVE('',#1575,#1577,#834,.T.);
#2026=EDGE_CURVE('',#1578,#1576,#835,.T.);
#2027=EDGE_CURVE('',#1579,#1578,#836,.T.);
#2028=EDGE_CURVE('',#1577,#1579,#837,.T.);
#2029=EDGE_CURVE('',#1537,#1580,#838,.T.);
#2030=EDGE_CURVE('',#1540,#1580,#52,.T.);
#2031=EDGE_CURVE('',#1579,#1537,#53,.T.);
#2032=EDGE_CURVE('',#1580,#1578,#54,.T.);
#2033=EDGE_CURVE('',#1514,#1574,#839,.T.);
#2034=EDGE_CURVE('',#1581,#1544,#840,.T.);
#2035=EDGE_CURVE('',#1582,#1581,#841,.T.);
#2036=EDGE_CURVE('',#1582,#1583,#842,.T.);
#2037=EDGE_CURVE('',#1583,#1584,#126,.T.);
#2038=EDGE_CURVE('',#1584,#1585,#843,.T.);
#2039=EDGE_CURVE('',#1586,#1585,#844,.T.);
#2040=EDGE_CURVE('',#1587,#1586,#845,.T.);
#2041=EDGE_CURVE('',#1587,#1588,#846,.T.);
#2042=EDGE_CURVE('',#1588,#1572,#847,.T.);
#2043=EDGE_CURVE('',#1577,#1589,#848,.T.);
#2044=EDGE_CURVE('',#1589,#1590,#849,.T.);
#2045=EDGE_CURVE('',#1590,#1587,#850,.T.);
#2046=EDGE_CURVE('',#1591,#1586,#851,.T.);
#2047=EDGE_CURVE('',#1591,#1592,#852,.T.);
#2048=EDGE_CURVE('',#1593,#1592,#853,.T.);
#2049=EDGE_CURVE('',#1594,#1593,#854,.T.);
#2050=EDGE_CURVE('',#1595,#1594,#855,.T.);
#2051=EDGE_CURVE('',#1595,#1596,#856,.T.);
#2052=EDGE_CURVE('',#1581,#1596,#857,.T.);
#2053=EDGE_CURVE('',#1537,#1589,#858,.T.);
#2054=EDGE_CURVE('',#1573,#1588,#859,.T.);
#2055=EDGE_CURVE('',#1597,#1590,#860,.T.);
#2056=EDGE_CURVE('',#1598,#1597,#861,.T.);
#2057=EDGE_CURVE('',#1598,#1599,#862,.T.);
#2058=EDGE_CURVE('',#1600,#1599,#863,.T.);
#2059=EDGE_CURVE('',#1527,#1600,#864,.T.);
#2060=EDGE_CURVE('',#1597,#1536,#865,.T.);
#2061=EDGE_CURVE('',#1599,#1534,#866,.T.);
#2062=EDGE_CURVE('',#1535,#1598,#867,.T.);
#2063=EDGE_CURVE('',#1601,#1533,#868,.T.);
#2064=EDGE_CURVE('',#1601,#1602,#869,.T.);
#2065=EDGE_CURVE('',#1602,#1603,#870,.T.);
#2066=EDGE_CURVE('',#1603,#1604,#871,.T.);
#2067=EDGE_CURVE('',#1604,#1605,#872,.T.);
#2068=EDGE_CURVE('',#1605,#1606,#873,.T.);
#2069=EDGE_CURVE('',#1606,#1607,#874,.T.);
#2070=EDGE_CURVE('',#1607,#1608,#875,.T.);
#2071=EDGE_CURVE('',#1600,#1608,#876,.T.);
#2072=EDGE_CURVE('',#1513,#1529,#127,.T.);
#2073=EDGE_CURVE('',#1609,#1609,#128,.T.);
#2074=EDGE_CURVE('',#1609,#1610,#877,.T.);
#2075=EDGE_CURVE('',#1610,#1610,#129,.T.);
#2076=EDGE_CURVE('',#1611,#1611,#130,.T.);
#2077=EDGE_CURVE('',#1611,#1612,#878,.T.);
#2078=EDGE_CURVE('',#1612,#1612,#131,.T.);
#2079=EDGE_CURVE('',#1613,#1614,#879,.T.);
#2080=EDGE_CURVE('',#1615,#1613,#880,.T.);
#2081=EDGE_CURVE('',#1616,#1615,#881,.T.);
#2082=EDGE_CURVE('',#1616,#1614,#882,.T.);
#2083=EDGE_CURVE('',#1559,#1613,#132,.T.);
#2084=EDGE_CURVE('',#1615,#1558,#133,.T.);
#2085=EDGE_CURVE('',#1617,#1618,#883,.T.);
#2086=EDGE_CURVE('',#1617,#1619,#884,.T.);
#2087=EDGE_CURVE('',#1620,#1619,#885,.T.);
#2088=EDGE_CURVE('',#1620,#1618,#886,.T.);
#2089=EDGE_CURVE('',#1618,#1621,#134,.T.);
#2090=EDGE_CURVE('',#1622,#1620,#135,.T.);
#2091=EDGE_CURVE('',#1622,#1621,#887,.T.);
#2092=EDGE_CURVE('',#1621,#1623,#888,.T.);
#2093=EDGE_CURVE('',#1624,#1622,#889,.T.);
#2094=EDGE_CURVE('',#1624,#1623,#890,.T.);
#2095=EDGE_CURVE('',#1625,#1619,#136,.T.);
#2096=EDGE_CURVE('',#1626,#1625,#891,.T.);
#2097=EDGE_CURVE('',#1627,#1626,#892,.T.);
#2098=EDGE_CURVE('',#1608,#1627,#893,.T.);
#2099=EDGE_CURVE('',#1628,#1607,#894,.T.);
#2100=EDGE_CURVE('',#1624,#1628,#137,.T.);
#2101=EDGE_CURVE('',#1629,#1556,#895,.T.);
#2102=EDGE_CURVE('',#1604,#1629,#896,.T.);
#2103=EDGE_CURVE('',#1603,#1630,#897,.T.);
#2104=EDGE_CURVE('',#1630,#1616,#138,.T.);
#2105=EDGE_CURVE('',#1631,#1608,#898,.T.);
#2106=EDGE_CURVE('',#1631,#1632,#899,.T.);
#2107=EDGE_CURVE('',#1632,#1633,#139,.T.);
#2108=EDGE_CURVE('',#1633,#1634,#900,.T.);
#2109=EDGE_CURVE('',#1601,#1634,#901,.T.);
#2110=EDGE_CURVE('',#1596,#1635,#902,.T.);
#2111=EDGE_CURVE('',#1635,#1636,#903,.T.);
#2112=EDGE_CURVE('',#1636,#1637,#904,.T.);
#2113=EDGE_CURVE('',#1637,#1601,#905,.T.);
#2114=EDGE_CURVE('',#1634,#1582,#906,.T.);
#2115=EDGE_CURVE('',#1566,#1595,#907,.T.);
#2116=EDGE_CURVE('',#1592,#1568,#908,.T.);
#2117=EDGE_CURVE('',#1638,#1591,#909,.T.);
#2118=EDGE_CURVE('',#1639,#1638,#910,.T.);
#2119=EDGE_CURVE('',#1639,#1640,#140,.T.);
#2120=EDGE_CURVE('',#1635,#1640,#911,.T.);
#2121=EDGE_CURVE('',#1641,#1633,#912,.T.);
#2122=EDGE_CURVE('',#1642,#1641,#913,.T.);
#2123=EDGE_CURVE('',#1642,#1583,#914,.T.);
#2124=EDGE_CURVE('',#1640,#1643,#915,.T.);
#2125=EDGE_CURVE('',#1636,#1643,#916,.T.);
#2126=EDGE_CURVE('',#1585,#1631,#917,.T.);
#2127=EDGE_CURVE('',#1627,#1644,#918,.T.);
#2128=EDGE_CURVE('',#1644,#1638,#919,.T.);
#2129=EDGE_CURVE('',#1632,#1584,#920,.T.);
#2130=EDGE_CURVE('',#1639,#1645,#921,.T.);
#2131=EDGE_CURVE('',#1643,#1645,#141,.T.);
#2132=EDGE_CURVE('',#1645,#1644,#922,.T.);
#2133=EDGE_CURVE('',#1627,#1637,#923,.T.);
#2134=EDGE_CURVE('',#1565,#1594,#924,.T.);
#2135=EDGE_CURVE('',#1593,#1567,#925,.T.);
#2136=EDGE_CURVE('',#1646,#1623,#142,.T.);
#2137=EDGE_CURVE('',#1606,#1646,#926,.T.);
#2138=EDGE_CURVE('',#1647,#1605,#927,.T.);
#2139=EDGE_CURVE('',#1648,#1647,#928,.T.);
#2140=EDGE_CURVE('',#1649,#1648,#929,.T.);
#2141=EDGE_CURVE('',#1617,#1649,#143,.T.);
#2142=EDGE_CURVE('',#1647,#1629,#930,.T.);
#2143=EDGE_CURVE('',#1602,#1650,#931,.T.);
#2144=EDGE_CURVE('',#1650,#1630,#932,.T.);
#2145=EDGE_CURVE('',#1626,#1648,#933,.T.);
#2146=EDGE_CURVE('',#1555,#1637,#934,.T.);
#2147=EDGE_CURVE('',#1649,#1625,#935,.T.);
#2148=EDGE_CURVE('',#1650,#1614,#144,.T.);
#2149=EDGE_CURVE('',#1646,#1628,#936,.T.);
#2150=ORIENTED_EDGE('',*,*,#1651,.F.);
#2151=ORIENTED_EDGE('',*,*,#1652,.F.);
#2152=ORIENTED_EDGE('',*,*,#1653,.T.);
#2153=ORIENTED_EDGE('',*,*,#1654,.F.);
#2154=ORIENTED_EDGE('',*,*,#1655,.F.);
#2155=ORIENTED_EDGE('',*,*,#1656,.F.);
#2156=ORIENTED_EDGE('',*,*,#1657,.F.);
#2157=ORIENTED_EDGE('',*,*,#1658,.F.);
#2158=ORIENTED_EDGE('',*,*,#1659,.F.);
#2159=ORIENTED_EDGE('',*,*,#1653,.F.);
#2160=ORIENTED_EDGE('',*,*,#1660,.F.);
#2161=ORIENTED_EDGE('',*,*,#1661,.F.);
#2162=ORIENTED_EDGE('',*,*,#1662,.F.);
#2163=ORIENTED_EDGE('',*,*,#1657,.T.);
#2164=ORIENTED_EDGE('',*,*,#1663,.F.);
#2165=ORIENTED_EDGE('',*,*,#1654,.T.);
#2166=ORIENTED_EDGE('',*,*,#1659,.T.);
#2167=ORIENTED_EDGE('',*,*,#1664,.F.);
#2168=ORIENTED_EDGE('',*,*,#1665,.F.);
#2169=ORIENTED_EDGE('',*,*,#1666,.F.);
#2170=ORIENTED_EDGE('',*,*,#1667,.F.);
#2171=ORIENTED_EDGE('',*,*,#1668,.F.);
#2172=ORIENTED_EDGE('',*,*,#1669,.F.);
#2173=ORIENTED_EDGE('',*,*,#1670,.F.);
#2174=ORIENTED_EDGE('',*,*,#1671,.F.);
#2175=ORIENTED_EDGE('',*,*,#1672,.F.);
#2176=ORIENTED_EDGE('',*,*,#1673,.F.);
#2177=ORIENTED_EDGE('',*,*,#1674,.F.);
#2178=ORIENTED_EDGE('',*,*,#1675,.T.);
#2179=ORIENTED_EDGE('',*,*,#1676,.F.);
#2180=ORIENTED_EDGE('',*,*,#1677,.T.);
#2181=ORIENTED_EDGE('',*,*,#1678,.T.);
#2182=ORIENTED_EDGE('',*,*,#1679,.F.);
#2183=ORIENTED_EDGE('',*,*,#1680,.F.);
#2184=ORIENTED_EDGE('',*,*,#1681,.F.);
#2185=ORIENTED_EDGE('',*,*,#1682,.F.);
#2186=ORIENTED_EDGE('',*,*,#1678,.F.);
#2187=ORIENTED_EDGE('',*,*,#1683,.T.);
#2188=ORIENTED_EDGE('',*,*,#1684,.F.);
#2189=ORIENTED_EDGE('',*,*,#1685,.F.);
#2190=ORIENTED_EDGE('',*,*,#1675,.F.);
#2191=ORIENTED_EDGE('',*,*,#1686,.F.);
#2192=ORIENTED_EDGE('',*,*,#1687,.F.);
#2193=ORIENTED_EDGE('',*,*,#1683,.F.);
#2194=ORIENTED_EDGE('',*,*,#1677,.F.);
#2195=ORIENTED_EDGE('',*,*,#1667,.T.);
#2196=ORIENTED_EDGE('',*,*,#1688,.F.);
#2197=ORIENTED_EDGE('',*,*,#1689,.T.);
#2198=ORIENTED_EDGE('',*,*,#1666,.T.);
#2199=ORIENTED_EDGE('',*,*,#1690,.T.);
#2200=ORIENTED_EDGE('',*,*,#1691,.T.);
#2201=ORIENTED_EDGE('',*,*,#1692,.T.);
#2202=ORIENTED_EDGE('',*,*,#1693,.F.);
#2203=ORIENTED_EDGE('',*,*,#1688,.T.);
#2204=ORIENTED_EDGE('',*,*,#1665,.T.);
#2205=ORIENTED_EDGE('',*,*,#1694,.T.);
#2206=ORIENTED_EDGE('',*,*,#1695,.T.);
#2207=ORIENTED_EDGE('',*,*,#1696,.T.);
#2208=ORIENTED_EDGE('',*,*,#1697,.F.);
#2209=ORIENTED_EDGE('',*,*,#1698,.F.);
#2210=ORIENTED_EDGE('',*,*,#1690,.F.);
#2211=ORIENTED_EDGE('',*,*,#1669,.T.);
#2212=ORIENTED_EDGE('',*,*,#1699,.F.);
#2213=ORIENTED_EDGE('',*,*,#1700,.T.);
#2214=ORIENTED_EDGE('',*,*,#1701,.T.);
#2215=ORIENTED_EDGE('',*,*,#1664,.T.);
#2216=ORIENTED_EDGE('',*,*,#1658,.T.);
#2217=ORIENTED_EDGE('',*,*,#1662,.T.);
#2218=ORIENTED_EDGE('',*,*,#1702,.T.);
#2219=ORIENTED_EDGE('',*,*,#1703,.F.);
#2220=ORIENTED_EDGE('',*,*,#1704,.F.);
#2221=ORIENTED_EDGE('',*,*,#1705,.F.);
#2222=ORIENTED_EDGE('',*,*,#1670,.T.);
#2223=ORIENTED_EDGE('',*,*,#1701,.F.);
#2224=ORIENTED_EDGE('',*,*,#1706,.T.);
#2225=ORIENTED_EDGE('',*,*,#1672,.T.);
#2226=ORIENTED_EDGE('',*,*,#1685,.T.);
#2227=ORIENTED_EDGE('',*,*,#1676,.T.);
#2228=ORIENTED_EDGE('',*,*,#1707,.T.);
#2229=ORIENTED_EDGE('',*,*,#1708,.T.);
#2230=ORIENTED_EDGE('',*,*,#1709,.F.);
#2231=ORIENTED_EDGE('',*,*,#1710,.F.);
#2232=ORIENTED_EDGE('',*,*,#1711,.F.);
#2233=ORIENTED_EDGE('',*,*,#1694,.F.);
#2234=ORIENTED_EDGE('',*,*,#1681,.T.);
#2235=ORIENTED_EDGE('',*,*,#1712,.T.);
#2236=ORIENTED_EDGE('',*,*,#1713,.F.);
#2237=ORIENTED_EDGE('',*,*,#1707,.F.);
#2238=ORIENTED_EDGE('',*,*,#1680,.T.);
#2239=ORIENTED_EDGE('',*,*,#1714,.F.);
#2240=ORIENTED_EDGE('',*,*,#1715,.F.);
#2241=ORIENTED_EDGE('',*,*,#1691,.F.);
#2242=ORIENTED_EDGE('',*,*,#1698,.T.);
#2243=ORIENTED_EDGE('',*,*,#1716,.F.);
#2244=ORIENTED_EDGE('',*,*,#1717,.F.);
#2245=ORIENTED_EDGE('',*,*,#1712,.F.);
#2246=ORIENTED_EDGE('',*,*,#1679,.T.);
#2247=ORIENTED_EDGE('',*,*,#1682,.T.);
#2248=ORIENTED_EDGE('',*,*,#1718,.T.);
#2249=ORIENTED_EDGE('',*,*,#1719,.T.);
#2250=ORIENTED_EDGE('',*,*,#1720,.T.);
#2251=ORIENTED_EDGE('',*,*,#1721,.T.);
#2252=ORIENTED_EDGE('',*,*,#1714,.T.);
#2253=ORIENTED_EDGE('',*,*,#1722,.F.);
#2254=ORIENTED_EDGE('',*,*,#1723,.T.);
#2255=ORIENTED_EDGE('',*,*,#1724,.T.);
#2256=ORIENTED_EDGE('',*,*,#1725,.F.);
#2257=ORIENTED_EDGE('',*,*,#1726,.F.);
#2258=ORIENTED_EDGE('',*,*,#1727,.F.);
#2259=ORIENTED_EDGE('',*,*,#1728,.T.);
#2260=ORIENTED_EDGE('',*,*,#1723,.F.);
#2261=ORIENTED_EDGE('',*,*,#1729,.F.);
#2262=ORIENTED_EDGE('',*,*,#1730,.F.);
#2263=ORIENTED_EDGE('',*,*,#1724,.F.);
#2264=ORIENTED_EDGE('',*,*,#1728,.F.);
#2265=ORIENTED_EDGE('',*,*,#1731,.F.);
#2266=ORIENTED_EDGE('',*,*,#1725,.T.);
#2267=ORIENTED_EDGE('',*,*,#1730,.T.);
#2268=ORIENTED_EDGE('',*,*,#1732,.T.);
#2269=ORIENTED_EDGE('',*,*,#1733,.T.);
#2270=ORIENTED_EDGE('',*,*,#1734,.T.);
#2271=ORIENTED_EDGE('',*,*,#1735,.T.);
#2272=ORIENTED_EDGE('',*,*,#1736,.F.);
#2273=ORIENTED_EDGE('',*,*,#1737,.T.);
#2274=ORIENTED_EDGE('',*,*,#1738,.T.);
#2275=ORIENTED_EDGE('',*,*,#1739,.F.);
#2276=ORIENTED_EDGE('',*,*,#1740,.F.);
#2277=ORIENTED_EDGE('',*,*,#1741,.T.);
#2278=ORIENTED_EDGE('',*,*,#1742,.T.);
#2279=ORIENTED_EDGE('',*,*,#1704,.T.);
#2280=ORIENTED_EDGE('',*,*,#1743,.F.);
#2281=ORIENTED_EDGE('',*,*,#1744,.T.);
#2282=ORIENTED_EDGE('',*,*,#1745,.T.);
#2283=ORIENTED_EDGE('',*,*,#1746,.T.);
#2284=ORIENTED_EDGE('',*,*,#1747,.T.);
#2285=ORIENTED_EDGE('',*,*,#1748,.F.);
#2286=ORIENTED_EDGE('',*,*,#1749,.F.);
#2287=ORIENTED_EDGE('',*,*,#1750,.T.);
#2288=ORIENTED_EDGE('',*,*,#1729,.T.);
#2289=ORIENTED_EDGE('',*,*,#1751,.F.);
#2290=ORIENTED_EDGE('',*,*,#1752,.T.);
#2291=ORIENTED_EDGE('',*,*,#1732,.F.);
#2292=ORIENTED_EDGE('',*,*,#1731,.T.);
#2293=ORIENTED_EDGE('',*,*,#1727,.T.);
#2294=ORIENTED_EDGE('',*,*,#1753,.F.);
#2295=ORIENTED_EDGE('',*,*,#1754,.F.);
#2296=ORIENTED_EDGE('',*,*,#1755,.F.);
#2297=ORIENTED_EDGE('',*,*,#1751,.T.);
#2298=ORIENTED_EDGE('',*,*,#1756,.T.);
#2299=ORIENTED_EDGE('',*,*,#1757,.T.);
#2300=ORIENTED_EDGE('',*,*,#1758,.F.);
#2301=ORIENTED_EDGE('',*,*,#1759,.F.);
#2302=ORIENTED_EDGE('',*,*,#1760,.T.);
#2303=ORIENTED_EDGE('',*,*,#1759,.T.);
#2304=ORIENTED_EDGE('',*,*,#1761,.F.);
#2305=ORIENTED_EDGE('',*,*,#1762,.F.);
#2306=ORIENTED_EDGE('',*,*,#1763,.T.);
#2307=ORIENTED_EDGE('',*,*,#1762,.T.);
#2308=ORIENTED_EDGE('',*,*,#1764,.F.);
#2309=ORIENTED_EDGE('',*,*,#1765,.F.);
#2310=ORIENTED_EDGE('',*,*,#1766,.T.);
#2311=ORIENTED_EDGE('',*,*,#1765,.T.);
#2312=ORIENTED_EDGE('',*,*,#1767,.F.);
#2313=ORIENTED_EDGE('',*,*,#1757,.F.);
#2314=ORIENTED_EDGE('',*,*,#1713,.T.);
#2315=ORIENTED_EDGE('',*,*,#1717,.T.);
#2316=ORIENTED_EDGE('',*,*,#1768,.F.);
#2317=ORIENTED_EDGE('',*,*,#1708,.F.);
#2318=ORIENTED_EDGE('',*,*,#1769,.T.);
#2319=ORIENTED_EDGE('',*,*,#1710,.T.);
#2320=ORIENTED_EDGE('',*,*,#1770,.F.);
#2321=ORIENTED_EDGE('',*,*,#1696,.F.);
#2322=ORIENTED_EDGE('',*,*,#1771,.T.);
#2323=ORIENTED_EDGE('',*,*,#1772,.T.);
#2324=ORIENTED_EDGE('',*,*,#1773,.T.);
#2325=ORIENTED_EDGE('',*,*,#1749,.T.);
#2326=ORIENTED_EDGE('',*,*,#1697,.T.);
#2327=ORIENTED_EDGE('',*,*,#1770,.T.);
#2328=ORIENTED_EDGE('',*,*,#1709,.T.);
#2329=ORIENTED_EDGE('',*,*,#1768,.T.);
#2330=ORIENTED_EDGE('',*,*,#1716,.T.);
#2331=ORIENTED_EDGE('',*,*,#1767,.T.);
#2332=ORIENTED_EDGE('',*,*,#1764,.T.);
#2333=ORIENTED_EDGE('',*,*,#1761,.T.);
#2334=ORIENTED_EDGE('',*,*,#1758,.T.);
#2335=ORIENTED_EDGE('',*,*,#1774,.F.);
#2336=ORIENTED_EDGE('',*,*,#1775,.T.);
#2337=ORIENTED_EDGE('',*,*,#1776,.F.);
#2338=ORIENTED_EDGE('',*,*,#1777,.T.);
#2339=ORIENTED_EDGE('',*,*,#1778,.F.);
#2340=ORIENTED_EDGE('',*,*,#1777,.F.);
#2341=ORIENTED_EDGE('',*,*,#1779,.F.);
#2342=ORIENTED_EDGE('',*,*,#1754,.T.);
#2343=ORIENTED_EDGE('',*,*,#1722,.T.);
#2344=ORIENTED_EDGE('',*,*,#1750,.F.);
#2345=ORIENTED_EDGE('',*,*,#1773,.F.);
#2346=ORIENTED_EDGE('',*,*,#1780,.F.);
#2347=ORIENTED_EDGE('',*,*,#1781,.F.);
#2348=ORIENTED_EDGE('',*,*,#1774,.T.);
#2349=ORIENTED_EDGE('',*,*,#1778,.T.);
#2350=ORIENTED_EDGE('',*,*,#1753,.T.);
#2351=ORIENTED_EDGE('',*,*,#1726,.T.);
#2352=ORIENTED_EDGE('',*,*,#1782,.T.);
#2353=ORIENTED_EDGE('',*,*,#1775,.F.);
#2354=ORIENTED_EDGE('',*,*,#1781,.T.);
#2355=ORIENTED_EDGE('',*,*,#1783,.T.);
#2356=ORIENTED_EDGE('',*,*,#1784,.T.);
#2357=ORIENTED_EDGE('',*,*,#1785,.T.);
#2358=ORIENTED_EDGE('',*,*,#1786,.F.);
#2359=ORIENTED_EDGE('',*,*,#1787,.F.);
#2360=ORIENTED_EDGE('',*,*,#1788,.F.);
#2361=ORIENTED_EDGE('',*,*,#1787,.T.);
#2362=ORIENTED_EDGE('',*,*,#1789,.F.);
#2363=ORIENTED_EDGE('',*,*,#1790,.T.);
#2364=ORIENTED_EDGE('',*,*,#1791,.F.);
#2365=ORIENTED_EDGE('',*,*,#1735,.F.);
#2366=ORIENTED_EDGE('',*,*,#1792,.F.);
#2367=ORIENTED_EDGE('',*,*,#1793,.F.);
#2368=ORIENTED_EDGE('',*,*,#1794,.T.);
#2369=ORIENTED_EDGE('',*,*,#1795,.T.);
#2370=ORIENTED_EDGE('',*,*,#1796,.T.);
#2371=ORIENTED_EDGE('',*,*,#1797,.T.);
#2372=ORIENTED_EDGE('',*,*,#1798,.T.);
#2373=ORIENTED_EDGE('',*,*,#1799,.F.);
#2374=ORIENTED_EDGE('',*,*,#1790,.F.);
#2375=ORIENTED_EDGE('',*,*,#1800,.T.);
#2376=ORIENTED_EDGE('',*,*,#1801,.T.);
#2377=ORIENTED_EDGE('',*,*,#1802,.T.);
#2378=ORIENTED_EDGE('',*,*,#1803,.T.);
#2379=ORIENTED_EDGE('',*,*,#1804,.F.);
#2380=ORIENTED_EDGE('',*,*,#1805,.F.);
#2381=ORIENTED_EDGE('',*,*,#1806,.F.);
#2382=ORIENTED_EDGE('',*,*,#1794,.F.);
#2383=ORIENTED_EDGE('',*,*,#1807,.T.);
#2384=ORIENTED_EDGE('',*,*,#1808,.F.);
#2385=ORIENTED_EDGE('',*,*,#1809,.F.);
#2386=ORIENTED_EDGE('',*,*,#1796,.F.);
#2387=ORIENTED_EDGE('',*,*,#1810,.T.);
#2388=ORIENTED_EDGE('',*,*,#1811,.T.);
#2389=ORIENTED_EDGE('',*,*,#1736,.T.);
#2390=ORIENTED_EDGE('',*,*,#1791,.T.);
#2391=ORIENTED_EDGE('',*,*,#1799,.T.);
#2392=ORIENTED_EDGE('',*,*,#1812,.T.);
#2393=ORIENTED_EDGE('',*,*,#1737,.F.);
#2394=ORIENTED_EDGE('',*,*,#1811,.F.);
#2395=ORIENTED_EDGE('',*,*,#1798,.F.);
#2396=ORIENTED_EDGE('',*,*,#1813,.F.);
#2397=ORIENTED_EDGE('',*,*,#1814,.F.);
#2398=ORIENTED_EDGE('',*,*,#1805,.T.);
#2399=ORIENTED_EDGE('',*,*,#1815,.T.);
#2400=ORIENTED_EDGE('',*,*,#1803,.F.);
#2401=ORIENTED_EDGE('',*,*,#1816,.T.);
#2402=ORIENTED_EDGE('',*,*,#1808,.T.);
#2403=ORIENTED_EDGE('',*,*,#1817,.T.);
#2404=ORIENTED_EDGE('',*,*,#1738,.F.);
#2405=ORIENTED_EDGE('',*,*,#1812,.F.);
#2406=ORIENTED_EDGE('',*,*,#1810,.F.);
#2407=ORIENTED_EDGE('',*,*,#1795,.F.);
#2408=ORIENTED_EDGE('',*,*,#1806,.T.);
#2409=ORIENTED_EDGE('',*,*,#1814,.T.);
#2410=ORIENTED_EDGE('',*,*,#1818,.F.);
#2411=ORIENTED_EDGE('',*,*,#1703,.T.);
#2412=ORIENTED_EDGE('',*,*,#1819,.T.);
#2413=ORIENTED_EDGE('',*,*,#1820,.T.);
#2414=ORIENTED_EDGE('',*,*,#1740,.T.);
#2415=ORIENTED_EDGE('',*,*,#1821,.F.);
#2416=ORIENTED_EDGE('',*,*,#1822,.F.);
#2417=ORIENTED_EDGE('',*,*,#1823,.T.);
#2418=ORIENTED_EDGE('',*,*,#1824,.T.);
#2419=ORIENTED_EDGE('',*,*,#1743,.T.);
#2420=ORIENTED_EDGE('',*,*,#1824,.F.);
#2421=ORIENTED_EDGE('',*,*,#1825,.F.);
#2422=ORIENTED_EDGE('',*,*,#1826,.F.);
#2423=ORIENTED_EDGE('',*,*,#1827,.F.);
#2424=ORIENTED_EDGE('',*,*,#1744,.F.);
#2425=ORIENTED_EDGE('',*,*,#1828,.F.);
#2426=ORIENTED_EDGE('',*,*,#1829,.T.);
#2427=ORIENTED_EDGE('',*,*,#1830,.T.);
#2428=ORIENTED_EDGE('',*,*,#1788,.T.);
#2429=ORIENTED_EDGE('',*,*,#1792,.T.);
#2430=ORIENTED_EDGE('',*,*,#1734,.F.);
#2431=ORIENTED_EDGE('',*,*,#1831,.F.);
#2432=ORIENTED_EDGE('',*,*,#1785,.F.);
#2433=ORIENTED_EDGE('',*,*,#1830,.F.);
#2434=ORIENTED_EDGE('',*,*,#1733,.F.);
#2435=ORIENTED_EDGE('',*,*,#1752,.F.);
#2436=ORIENTED_EDGE('',*,*,#1755,.T.);
#2437=ORIENTED_EDGE('',*,*,#1779,.T.);
#2438=ORIENTED_EDGE('',*,*,#1776,.T.);
#2439=ORIENTED_EDGE('',*,*,#1782,.F.);
#2440=ORIENTED_EDGE('',*,*,#1832,.T.);
#2441=ORIENTED_EDGE('',*,*,#1745,.F.);
#2442=ORIENTED_EDGE('',*,*,#1827,.T.);
#2443=ORIENTED_EDGE('',*,*,#1833,.F.);
#2444=ORIENTED_EDGE('',*,*,#1834,.T.);
#2445=ORIENTED_EDGE('',*,*,#1833,.T.);
#2446=ORIENTED_EDGE('',*,*,#1826,.T.);
#2447=ORIENTED_EDGE('',*,*,#1835,.F.);
#2448=ORIENTED_EDGE('',*,*,#1817,.F.);
#2449=ORIENTED_EDGE('',*,*,#1836,.T.);
#2450=ORIENTED_EDGE('',*,*,#1821,.T.);
#2451=ORIENTED_EDGE('',*,*,#1739,.T.);
#2452=ORIENTED_EDGE('',*,*,#1801,.F.);
#2453=ORIENTED_EDGE('',*,*,#1837,.F.);
#2454=ORIENTED_EDGE('',*,*,#1837,.T.);
#2455=ORIENTED_EDGE('',*,*,#1804,.T.);
#2456=ORIENTED_EDGE('',*,*,#1815,.F.);
#2457=ORIENTED_EDGE('',*,*,#1807,.F.);
#2458=ORIENTED_EDGE('',*,*,#1797,.F.);
#2459=ORIENTED_EDGE('',*,*,#1809,.T.);
#2460=ORIENTED_EDGE('',*,*,#1816,.F.);
#2461=ORIENTED_EDGE('',*,*,#1802,.F.);
#2462=ORIENTED_EDGE('',*,*,#1661,.T.);
#2463=ORIENTED_EDGE('',*,*,#1838,.F.);
#2464=ORIENTED_EDGE('',*,*,#1819,.F.);
#2465=ORIENTED_EDGE('',*,*,#1702,.F.);
#2466=ORIENTED_EDGE('',*,*,#1673,.T.);
#2467=ORIENTED_EDGE('',*,*,#1706,.F.);
#2468=ORIENTED_EDGE('',*,*,#1700,.F.);
#2469=ORIENTED_EDGE('',*,*,#1839,.T.);
#2470=ORIENTED_EDGE('',*,*,#1695,.F.);
#2471=ORIENTED_EDGE('',*,*,#1711,.T.);
#2472=ORIENTED_EDGE('',*,*,#1769,.F.);
#2473=ORIENTED_EDGE('',*,*,#1652,.T.);
#2474=ORIENTED_EDGE('',*,*,#1840,.F.);
#2475=ORIENTED_EDGE('',*,*,#1760,.F.);
#2476=ORIENTED_EDGE('',*,*,#1841,.T.);
#2477=ORIENTED_EDGE('',*,*,#1718,.F.);
#2478=ORIENTED_EDGE('',*,*,#1684,.T.);
#2479=ORIENTED_EDGE('',*,*,#1687,.T.);
#2480=ORIENTED_EDGE('',*,*,#1842,.T.);
#2481=ORIENTED_EDGE('',*,*,#1655,.T.);
#2482=ORIENTED_EDGE('',*,*,#1663,.T.);
#2483=ORIENTED_EDGE('',*,*,#1689,.F.);
#2484=ORIENTED_EDGE('',*,*,#1693,.T.);
#2485=ORIENTED_EDGE('',*,*,#1843,.T.);
#2486=ORIENTED_EDGE('',*,*,#1844,.F.);
#2487=ORIENTED_EDGE('',*,*,#1756,.F.);
#2488=ORIENTED_EDGE('',*,*,#1840,.T.);
#2489=ORIENTED_EDGE('',*,*,#1651,.T.);
#2490=ORIENTED_EDGE('',*,*,#1656,.T.);
#2491=ORIENTED_EDGE('',*,*,#1842,.F.);
#2492=ORIENTED_EDGE('',*,*,#1686,.T.);
#2493=ORIENTED_EDGE('',*,*,#1674,.T.);
#2494=ORIENTED_EDGE('',*,*,#1839,.F.);
#2495=ORIENTED_EDGE('',*,*,#1699,.T.);
#2496=ORIENTED_EDGE('',*,*,#1668,.T.);
#2497=ORIENTED_EDGE('',*,*,#1845,.F.);
#2498=ORIENTED_EDGE('',*,*,#1741,.F.);
#2499=ORIENTED_EDGE('',*,*,#1820,.F.);
#2500=ORIENTED_EDGE('',*,*,#1838,.T.);
#2501=ORIENTED_EDGE('',*,*,#1660,.T.);
#2502=ORIENTED_EDGE('',*,*,#1671,.T.);
#2503=ORIENTED_EDGE('',*,*,#1705,.T.);
#2504=ORIENTED_EDGE('',*,*,#1742,.F.);
#2505=ORIENTED_EDGE('',*,*,#1845,.T.);
#2506=ORIENTED_EDGE('',*,*,#1846,.T.);
#2507=ORIENTED_EDGE('',*,*,#1843,.F.);
#2508=ORIENTED_EDGE('',*,*,#1692,.F.);
#2509=ORIENTED_EDGE('',*,*,#1715,.T.);
#2510=ORIENTED_EDGE('',*,*,#1721,.F.);
#2511=ORIENTED_EDGE('',*,*,#1846,.F.);
#2512=ORIENTED_EDGE('',*,*,#1720,.F.);
#2513=ORIENTED_EDGE('',*,*,#1766,.F.);
#2514=ORIENTED_EDGE('',*,*,#1844,.T.);
#2515=ORIENTED_EDGE('',*,*,#1719,.F.);
#2516=ORIENTED_EDGE('',*,*,#1841,.F.);
#2517=ORIENTED_EDGE('',*,*,#1763,.F.);
#2518=ORIENTED_EDGE('',*,*,#1784,.F.);
#2519=ORIENTED_EDGE('',*,*,#1847,.T.);
#2520=ORIENTED_EDGE('',*,*,#1793,.T.);
#2521=ORIENTED_EDGE('',*,*,#1847,.F.);
#2522=ORIENTED_EDGE('',*,*,#1829,.F.);
#2523=ORIENTED_EDGE('',*,*,#1848,.T.);
#2524=ORIENTED_EDGE('',*,*,#1828,.T.);
#2525=ORIENTED_EDGE('',*,*,#1848,.F.);
#2526=ORIENTED_EDGE('',*,*,#1849,.F.);
#2527=ORIENTED_EDGE('',*,*,#1850,.F.);
#2528=ORIENTED_EDGE('',*,*,#1851,.T.);
#2529=ORIENTED_EDGE('',*,*,#1852,.T.);
#2530=ORIENTED_EDGE('',*,*,#1853,.T.);
#2531=ORIENTED_EDGE('',*,*,#1854,.F.);
#2532=ORIENTED_EDGE('',*,*,#1746,.F.);
#2533=ORIENTED_EDGE('',*,*,#1832,.F.);
#2534=ORIENTED_EDGE('',*,*,#1834,.F.);
#2535=ORIENTED_EDGE('',*,*,#1855,.F.);
#2536=ORIENTED_EDGE('',*,*,#1856,.F.);
#2537=ORIENTED_EDGE('',*,*,#1849,.T.);
#2538=ORIENTED_EDGE('',*,*,#1835,.T.);
#2539=ORIENTED_EDGE('',*,*,#1825,.T.);
#2540=ORIENTED_EDGE('',*,*,#1823,.F.);
#2541=ORIENTED_EDGE('',*,*,#1822,.T.);
#2542=ORIENTED_EDGE('',*,*,#1836,.F.);
#2543=ORIENTED_EDGE('',*,*,#1818,.T.);
#2544=ORIENTED_EDGE('',*,*,#1813,.T.);
#2545=ORIENTED_EDGE('',*,*,#1800,.F.);
#2546=ORIENTED_EDGE('',*,*,#1789,.T.);
#2547=ORIENTED_EDGE('',*,*,#1786,.T.);
#2548=ORIENTED_EDGE('',*,*,#1831,.T.);
#2549=ORIENTED_EDGE('',*,*,#1783,.F.);
#2550=ORIENTED_EDGE('',*,*,#1780,.T.);
#2551=ORIENTED_EDGE('',*,*,#1772,.F.);
#2552=ORIENTED_EDGE('',*,*,#1857,.F.);
#2553=ORIENTED_EDGE('',*,*,#1858,.T.);
#2554=ORIENTED_EDGE('',*,*,#1853,.F.);
#2555=ORIENTED_EDGE('',*,*,#1859,.F.);
#2556=ORIENTED_EDGE('',*,*,#1860,.F.);
#2557=ORIENTED_EDGE('',*,*,#1861,.T.);
#2558=ORIENTED_EDGE('',*,*,#1851,.F.);
#2559=ORIENTED_EDGE('',*,*,#1862,.T.);
#2560=ORIENTED_EDGE('',*,*,#1863,.F.);
#2561=ORIENTED_EDGE('',*,*,#1859,.T.);
#2562=ORIENTED_EDGE('',*,*,#1852,.F.);
#2563=ORIENTED_EDGE('',*,*,#1861,.F.);
#2564=ORIENTED_EDGE('',*,*,#1850,.T.);
#2565=ORIENTED_EDGE('',*,*,#1856,.T.);
#2566=ORIENTED_EDGE('',*,*,#1864,.F.);
#2567=ORIENTED_EDGE('',*,*,#1862,.F.);
#2568=ORIENTED_EDGE('',*,*,#1860,.T.);
#2569=ORIENTED_EDGE('',*,*,#1864,.T.);
#2570=ORIENTED_EDGE('',*,*,#1855,.T.);
#2571=ORIENTED_EDGE('',*,*,#1771,.F.);
#2572=ORIENTED_EDGE('',*,*,#1748,.T.);
#2573=ORIENTED_EDGE('',*,*,#1865,.T.);
#2574=ORIENTED_EDGE('',*,*,#1857,.T.);
#2575=ORIENTED_EDGE('',*,*,#1863,.T.);
#2576=ORIENTED_EDGE('',*,*,#1854,.T.);
#2577=ORIENTED_EDGE('',*,*,#1858,.F.);
#2578=ORIENTED_EDGE('',*,*,#1865,.F.);
#2579=ORIENTED_EDGE('',*,*,#1747,.F.);
#2580=ORIENTED_EDGE('',*,*,#1866,.T.);
#2581=ORIENTED_EDGE('',*,*,#1867,.T.);
#2582=ORIENTED_EDGE('',*,*,#1868,.T.);
#2583=ORIENTED_EDGE('',*,*,#1869,.T.);
#2584=ORIENTED_EDGE('',*,*,#1867,.F.);
#2585=ORIENTED_EDGE('',*,*,#1870,.F.);
#2586=ORIENTED_EDGE('',*,*,#1871,.F.);
#2587=ORIENTED_EDGE('',*,*,#1872,.F.);
#2588=ORIENTED_EDGE('',*,*,#1873,.T.);
#2589=ORIENTED_EDGE('',*,*,#1871,.T.);
#2590=ORIENTED_EDGE('',*,*,#1874,.T.);
#2591=ORIENTED_EDGE('',*,*,#1875,.T.);
#2592=ORIENTED_EDGE('',*,*,#1876,.T.);
#2593=ORIENTED_EDGE('',*,*,#1877,.T.);
#2594=ORIENTED_EDGE('',*,*,#1878,.T.);
#2595=ORIENTED_EDGE('',*,*,#1879,.T.);
#2596=ORIENTED_EDGE('',*,*,#1877,.F.);
#2597=ORIENTED_EDGE('',*,*,#1880,.F.);
#2598=ORIENTED_EDGE('',*,*,#1881,.F.);
#2599=ORIENTED_EDGE('',*,*,#1882,.F.);
#2600=ORIENTED_EDGE('',*,*,#1883,.T.);
#2601=ORIENTED_EDGE('',*,*,#1881,.T.);
#2602=ORIENTED_EDGE('',*,*,#1884,.T.);
#2603=ORIENTED_EDGE('',*,*,#1885,.T.);
#2604=ORIENTED_EDGE('',*,*,#1885,.F.);
#2605=ORIENTED_EDGE('',*,*,#1886,.F.);
#2606=ORIENTED_EDGE('',*,*,#1887,.F.);
#2607=ORIENTED_EDGE('',*,*,#1888,.F.);
#2608=ORIENTED_EDGE('',*,*,#1889,.F.);
#2609=ORIENTED_EDGE('',*,*,#1890,.F.);
#2610=ORIENTED_EDGE('',*,*,#1891,.F.);
#2611=ORIENTED_EDGE('',*,*,#1892,.F.);
#2612=ORIENTED_EDGE('',*,*,#1893,.F.);
#2613=ORIENTED_EDGE('',*,*,#1879,.F.);
#2614=ORIENTED_EDGE('',*,*,#1894,.F.);
#2615=ORIENTED_EDGE('',*,*,#1895,.F.);
#2616=ORIENTED_EDGE('',*,*,#1896,.F.);
#2617=ORIENTED_EDGE('',*,*,#1897,.F.);
#2618=ORIENTED_EDGE('',*,*,#1898,.F.);
#2619=ORIENTED_EDGE('',*,*,#1899,.F.);
#2620=ORIENTED_EDGE('',*,*,#1900,.F.);
#2621=ORIENTED_EDGE('',*,*,#1901,.F.);
#2622=ORIENTED_EDGE('',*,*,#1886,.T.);
#2623=ORIENTED_EDGE('',*,*,#1884,.F.);
#2624=ORIENTED_EDGE('',*,*,#1880,.T.);
#2625=ORIENTED_EDGE('',*,*,#1876,.F.);
#2626=ORIENTED_EDGE('',*,*,#1901,.T.);
#2627=ORIENTED_EDGE('',*,*,#1902,.F.);
#2628=ORIENTED_EDGE('',*,*,#1903,.F.);
#2629=ORIENTED_EDGE('',*,*,#1904,.F.);
#2630=ORIENTED_EDGE('',*,*,#1905,.T.);
#2631=ORIENTED_EDGE('',*,*,#1874,.F.);
#2632=ORIENTED_EDGE('',*,*,#1870,.T.);
#2633=ORIENTED_EDGE('',*,*,#1866,.F.);
#2634=ORIENTED_EDGE('',*,*,#1906,.T.);
#2635=ORIENTED_EDGE('',*,*,#1907,.F.);
#2636=ORIENTED_EDGE('',*,*,#1908,.F.);
#2637=ORIENTED_EDGE('',*,*,#1909,.F.);
#2638=ORIENTED_EDGE('',*,*,#1900,.T.);
#2639=ORIENTED_EDGE('',*,*,#1910,.F.);
#2640=ORIENTED_EDGE('',*,*,#1911,.F.);
#2641=ORIENTED_EDGE('',*,*,#1902,.T.);
#2642=ORIENTED_EDGE('',*,*,#1887,.T.);
#2643=ORIENTED_EDGE('',*,*,#1909,.T.);
#2644=ORIENTED_EDGE('',*,*,#1912,.F.);
#2645=ORIENTED_EDGE('',*,*,#1913,.F.);
#2646=ORIENTED_EDGE('',*,*,#1914,.F.);
#2647=ORIENTED_EDGE('',*,*,#1915,.F.);
#2648=ORIENTED_EDGE('',*,*,#1899,.T.);
#2649=ORIENTED_EDGE('',*,*,#1916,.T.);
#2650=ORIENTED_EDGE('',*,*,#1917,.F.);
#2651=ORIENTED_EDGE('',*,*,#1918,.T.);
#2652=ORIENTED_EDGE('',*,*,#1910,.T.);
#2653=ORIENTED_EDGE('',*,*,#1888,.T.);
#2654=ORIENTED_EDGE('',*,*,#1915,.T.);
#2655=ORIENTED_EDGE('',*,*,#1919,.F.);
#2656=ORIENTED_EDGE('',*,*,#1920,.T.);
#2657=ORIENTED_EDGE('',*,*,#1898,.T.);
#2658=ORIENTED_EDGE('',*,*,#1921,.T.);
#2659=ORIENTED_EDGE('',*,*,#1916,.F.);
#2660=ORIENTED_EDGE('',*,*,#1895,.T.);
#2661=ORIENTED_EDGE('',*,*,#1922,.T.);
#2662=ORIENTED_EDGE('',*,*,#1923,.T.);
#2663=ORIENTED_EDGE('',*,*,#1924,.T.);
#2664=ORIENTED_EDGE('',*,*,#1925,.T.);
#2665=ORIENTED_EDGE('',*,*,#1926,.T.);
#2666=ORIENTED_EDGE('',*,*,#1927,.T.);
#2667=ORIENTED_EDGE('',*,*,#1928,.T.);
#2668=ORIENTED_EDGE('',*,*,#1897,.T.);
#2669=ORIENTED_EDGE('',*,*,#1929,.F.);
#2670=ORIENTED_EDGE('',*,*,#1921,.F.);
#2671=ORIENTED_EDGE('',*,*,#1896,.T.);
#2672=ORIENTED_EDGE('',*,*,#1928,.F.);
#2673=ORIENTED_EDGE('',*,*,#1930,.T.);
#2674=ORIENTED_EDGE('',*,*,#1929,.T.);
#2675=ORIENTED_EDGE('',*,*,#1875,.F.);
#2676=ORIENTED_EDGE('',*,*,#1905,.F.);
#2677=ORIENTED_EDGE('',*,*,#1931,.F.);
#2678=ORIENTED_EDGE('',*,*,#1932,.F.);
#2679=ORIENTED_EDGE('',*,*,#1933,.F.);
#2680=ORIENTED_EDGE('',*,*,#1934,.F.);
#2681=ORIENTED_EDGE('',*,*,#1935,.F.);
#2682=ORIENTED_EDGE('',*,*,#1936,.F.);
#2683=ORIENTED_EDGE('',*,*,#1869,.F.);
#2684=ORIENTED_EDGE('',*,*,#1937,.F.);
#2685=ORIENTED_EDGE('',*,*,#1938,.F.);
#2686=ORIENTED_EDGE('',*,*,#1939,.F.);
#2687=ORIENTED_EDGE('',*,*,#1940,.F.);
#2688=ORIENTED_EDGE('',*,*,#1941,.F.);
#2689=ORIENTED_EDGE('',*,*,#1942,.F.);
#2690=ORIENTED_EDGE('',*,*,#1906,.F.);
#2691=ORIENTED_EDGE('',*,*,#1893,.T.);
#2692=ORIENTED_EDGE('',*,*,#1943,.F.);
#2693=ORIENTED_EDGE('',*,*,#1944,.F.);
#2694=ORIENTED_EDGE('',*,*,#1945,.T.);
#2695=ORIENTED_EDGE('',*,*,#1937,.T.);
#2696=ORIENTED_EDGE('',*,*,#1868,.F.);
#2697=ORIENTED_EDGE('',*,*,#1872,.T.);
#2698=ORIENTED_EDGE('',*,*,#1873,.F.);
#2699=ORIENTED_EDGE('',*,*,#1936,.T.);
#2700=ORIENTED_EDGE('',*,*,#1946,.T.);
#2701=ORIENTED_EDGE('',*,*,#1947,.F.);
#2702=ORIENTED_EDGE('',*,*,#1922,.F.);
#2703=ORIENTED_EDGE('',*,*,#1894,.T.);
#2704=ORIENTED_EDGE('',*,*,#1878,.F.);
#2705=ORIENTED_EDGE('',*,*,#1882,.T.);
#2706=ORIENTED_EDGE('',*,*,#1883,.F.);
#2707=ORIENTED_EDGE('',*,*,#1931,.T.);
#2708=ORIENTED_EDGE('',*,*,#1904,.T.);
#2709=ORIENTED_EDGE('',*,*,#1948,.F.);
#2710=ORIENTED_EDGE('',*,*,#1949,.T.);
#2711=ORIENTED_EDGE('',*,*,#1935,.T.);
#2712=ORIENTED_EDGE('',*,*,#1950,.T.);
#2713=ORIENTED_EDGE('',*,*,#1951,.T.);
#2714=ORIENTED_EDGE('',*,*,#1952,.T.);
#2715=ORIENTED_EDGE('',*,*,#1953,.F.);
#2716=ORIENTED_EDGE('',*,*,#1946,.F.);
#2717=ORIENTED_EDGE('',*,*,#1938,.T.);
#2718=ORIENTED_EDGE('',*,*,#1945,.F.);
#2719=ORIENTED_EDGE('',*,*,#1954,.F.);
#2720=ORIENTED_EDGE('',*,*,#1955,.F.);
#2721=ORIENTED_EDGE('',*,*,#1956,.F.);
#2722=ORIENTED_EDGE('',*,*,#1957,.F.);
#2723=ORIENTED_EDGE('',*,*,#1958,.T.);
#2724=ORIENTED_EDGE('',*,*,#1959,.T.);
#2725=ORIENTED_EDGE('',*,*,#1960,.T.);
#2726=ORIENTED_EDGE('',*,*,#1932,.T.);
#2727=ORIENTED_EDGE('',*,*,#1949,.F.);
#2728=ORIENTED_EDGE('',*,*,#1961,.T.);
#2729=ORIENTED_EDGE('',*,*,#1962,.T.);
#2730=ORIENTED_EDGE('',*,*,#1934,.T.);
#2731=ORIENTED_EDGE('',*,*,#1963,.F.);
#2732=ORIENTED_EDGE('',*,*,#1964,.T.);
#2733=ORIENTED_EDGE('',*,*,#1950,.F.);
#2734=ORIENTED_EDGE('',*,*,#1939,.T.);
#2735=ORIENTED_EDGE('',*,*,#1960,.F.);
#2736=ORIENTED_EDGE('',*,*,#1965,.T.);
#2737=ORIENTED_EDGE('',*,*,#1966,.F.);
#2738=ORIENTED_EDGE('',*,*,#1967,.F.);
#2739=ORIENTED_EDGE('',*,*,#1933,.T.);
#2740=ORIENTED_EDGE('',*,*,#1962,.F.);
#2741=ORIENTED_EDGE('',*,*,#1968,.T.);
#2742=ORIENTED_EDGE('',*,*,#1963,.T.);
#2743=ORIENTED_EDGE('',*,*,#1940,.T.);
#2744=ORIENTED_EDGE('',*,*,#1967,.T.);
#2745=ORIENTED_EDGE('',*,*,#1969,.F.);
#2746=ORIENTED_EDGE('',*,*,#1970,.F.);
#2747=ORIENTED_EDGE('',*,*,#1971,.F.);
#2748=ORIENTED_EDGE('',*,*,#1972,.F.);
#2749=ORIENTED_EDGE('',*,*,#1973,.F.);
#2750=ORIENTED_EDGE('',*,*,#1974,.F.);
#2751=ORIENTED_EDGE('',*,*,#1975,.T.);
#2752=ORIENTED_EDGE('',*,*,#1976,.T.);
#2753=ORIENTED_EDGE('',*,*,#1977,.F.);
#2754=ORIENTED_EDGE('',*,*,#1978,.F.);
#2755=ORIENTED_EDGE('',*,*,#1979,.F.);
#2756=ORIENTED_EDGE('',*,*,#1980,.T.);
#2757=ORIENTED_EDGE('',*,*,#1975,.F.);
#2758=ORIENTED_EDGE('',*,*,#1981,.F.);
#2759=ORIENTED_EDGE('',*,*,#1982,.F.);
#2760=ORIENTED_EDGE('',*,*,#1976,.F.);
#2761=ORIENTED_EDGE('',*,*,#1980,.F.);
#2762=ORIENTED_EDGE('',*,*,#1983,.F.);
#2763=ORIENTED_EDGE('',*,*,#1977,.T.);
#2764=ORIENTED_EDGE('',*,*,#1982,.T.);
#2765=ORIENTED_EDGE('',*,*,#1984,.F.);
#2766=ORIENTED_EDGE('',*,*,#1985,.T.);
#2767=ORIENTED_EDGE('',*,*,#1986,.F.);
#2768=ORIENTED_EDGE('',*,*,#1987,.F.);
#2769=ORIENTED_EDGE('',*,*,#1981,.T.);
#2770=ORIENTED_EDGE('',*,*,#1988,.F.);
#2771=ORIENTED_EDGE('',*,*,#1989,.T.);
#2772=ORIENTED_EDGE('',*,*,#1984,.T.);
#2773=ORIENTED_EDGE('',*,*,#1983,.T.);
#2774=ORIENTED_EDGE('',*,*,#1979,.T.);
#2775=ORIENTED_EDGE('',*,*,#1990,.F.);
#2776=ORIENTED_EDGE('',*,*,#1991,.T.);
#2777=ORIENTED_EDGE('',*,*,#1992,.F.);
#2778=ORIENTED_EDGE('',*,*,#1988,.T.);
#2779=ORIENTED_EDGE('',*,*,#1942,.T.);
#2780=ORIENTED_EDGE('',*,*,#1993,.T.);
#2781=ORIENTED_EDGE('',*,*,#1994,.F.);
#2782=ORIENTED_EDGE('',*,*,#1995,.F.);
#2783=ORIENTED_EDGE('',*,*,#1907,.T.);
#2784=ORIENTED_EDGE('',*,*,#1996,.F.);
#2785=ORIENTED_EDGE('',*,*,#1997,.F.);
#2786=ORIENTED_EDGE('',*,*,#1998,.T.);
#2787=ORIENTED_EDGE('',*,*,#1999,.F.);
#2788=ORIENTED_EDGE('',*,*,#1998,.F.);
#2789=ORIENTED_EDGE('',*,*,#2000,.F.);
#2790=ORIENTED_EDGE('',*,*,#1914,.T.);
#2791=ORIENTED_EDGE('',*,*,#1903,.T.);
#2792=ORIENTED_EDGE('',*,*,#2001,.T.);
#2793=ORIENTED_EDGE('',*,*,#2002,.F.);
#2794=ORIENTED_EDGE('',*,*,#2003,.T.);
#2795=ORIENTED_EDGE('',*,*,#1911,.T.);
#2796=ORIENTED_EDGE('',*,*,#1918,.F.);
#2797=ORIENTED_EDGE('',*,*,#2001,.F.);
#2798=ORIENTED_EDGE('',*,*,#2004,.F.);
#2799=ORIENTED_EDGE('',*,*,#2005,.F.);
#2800=ORIENTED_EDGE('',*,*,#2006,.T.);
#2801=ORIENTED_EDGE('',*,*,#2007,.T.);
#2802=ORIENTED_EDGE('',*,*,#2008,.T.);
#2803=ORIENTED_EDGE('',*,*,#2009,.T.);
#2804=ORIENTED_EDGE('',*,*,#1912,.T.);
#2805=ORIENTED_EDGE('',*,*,#1908,.T.);
#2806=ORIENTED_EDGE('',*,*,#1995,.T.);
#2807=ORIENTED_EDGE('',*,*,#2010,.T.);
#2808=ORIENTED_EDGE('',*,*,#2008,.F.);
#2809=ORIENTED_EDGE('',*,*,#2011,.T.);
#2810=ORIENTED_EDGE('',*,*,#1889,.T.);
#2811=ORIENTED_EDGE('',*,*,#1920,.F.);
#2812=ORIENTED_EDGE('',*,*,#2012,.F.);
#2813=ORIENTED_EDGE('',*,*,#2013,.T.);
#2814=ORIENTED_EDGE('',*,*,#1891,.T.);
#2815=ORIENTED_EDGE('',*,*,#2014,.T.);
#2816=ORIENTED_EDGE('',*,*,#2015,.F.);
#2817=ORIENTED_EDGE('',*,*,#2016,.F.);
#2818=ORIENTED_EDGE('',*,*,#1890,.T.);
#2819=ORIENTED_EDGE('',*,*,#2013,.F.);
#2820=ORIENTED_EDGE('',*,*,#2017,.F.);
#2821=ORIENTED_EDGE('',*,*,#2014,.F.);
#2822=ORIENTED_EDGE('',*,*,#1997,.T.);
#2823=ORIENTED_EDGE('',*,*,#2018,.F.);
#2824=ORIENTED_EDGE('',*,*,#2012,.T.);
#2825=ORIENTED_EDGE('',*,*,#1919,.T.);
#2826=ORIENTED_EDGE('',*,*,#2000,.T.);
#2827=ORIENTED_EDGE('',*,*,#1930,.F.);
#2828=ORIENTED_EDGE('',*,*,#1927,.F.);
#2829=ORIENTED_EDGE('',*,*,#2019,.F.);
#2830=ORIENTED_EDGE('',*,*,#2020,.T.);
#2831=ORIENTED_EDGE('',*,*,#1917,.T.);
#2832=ORIENTED_EDGE('',*,*,#2021,.F.);
#2833=ORIENTED_EDGE('',*,*,#1970,.T.);
#2834=ORIENTED_EDGE('',*,*,#2022,.F.);
#2835=ORIENTED_EDGE('',*,*,#2023,.F.);
#2836=ORIENTED_EDGE('',*,*,#1941,.T.);
#2837=ORIENTED_EDGE('',*,*,#1973,.T.);
#2838=ORIENTED_EDGE('',*,*,#2024,.F.);
#2839=ORIENTED_EDGE('',*,*,#1993,.F.);
#2840=ORIENTED_EDGE('',*,*,#1951,.F.);
#2841=ORIENTED_EDGE('',*,*,#1964,.F.);
#2842=ORIENTED_EDGE('',*,*,#1968,.F.);
#2843=ORIENTED_EDGE('',*,*,#1952,.F.);
#2844=ORIENTED_EDGE('',*,*,#2025,.F.);
#2845=ORIENTED_EDGE('',*,*,#2023,.T.);
#2846=ORIENTED_EDGE('',*,*,#2026,.F.);
#2847=ORIENTED_EDGE('',*,*,#2027,.F.);
#2848=ORIENTED_EDGE('',*,*,#2028,.F.);
#2849=ORIENTED_EDGE('',*,*,#1959,.F.);
#2850=ORIENTED_EDGE('',*,*,#2029,.T.);
#2851=ORIENTED_EDGE('',*,*,#2030,.F.);
#2852=ORIENTED_EDGE('',*,*,#1965,.F.);
#2853=ORIENTED_EDGE('',*,*,#2031,.F.);
#2854=ORIENTED_EDGE('',*,*,#2027,.T.);
#2855=ORIENTED_EDGE('',*,*,#2032,.F.);
#2856=ORIENTED_EDGE('',*,*,#2029,.F.);
#2857=ORIENTED_EDGE('',*,*,#1925,.F.);
#2858=ORIENTED_EDGE('',*,*,#1924,.F.);
#2859=ORIENTED_EDGE('',*,*,#2020,.F.);
#2860=ORIENTED_EDGE('',*,*,#2033,.F.);
#2861=ORIENTED_EDGE('',*,*,#1926,.F.);
#2862=ORIENTED_EDGE('',*,*,#2033,.T.);
#2863=ORIENTED_EDGE('',*,*,#2019,.T.);
#2864=ORIENTED_EDGE('',*,*,#1913,.T.);
#2865=ORIENTED_EDGE('',*,*,#2009,.F.);
#2866=ORIENTED_EDGE('',*,*,#2010,.F.);
#2867=ORIENTED_EDGE('',*,*,#1994,.T.);
#2868=ORIENTED_EDGE('',*,*,#2024,.T.);
#2869=ORIENTED_EDGE('',*,*,#1972,.T.);
#2870=ORIENTED_EDGE('',*,*,#2034,.F.);
#2871=ORIENTED_EDGE('',*,*,#2035,.F.);
#2872=ORIENTED_EDGE('',*,*,#2036,.T.);
#2873=ORIENTED_EDGE('',*,*,#2037,.T.);
#2874=ORIENTED_EDGE('',*,*,#2038,.T.);
#2875=ORIENTED_EDGE('',*,*,#2039,.F.);
#2876=ORIENTED_EDGE('',*,*,#2040,.F.);
#2877=ORIENTED_EDGE('',*,*,#2041,.T.);
#2878=ORIENTED_EDGE('',*,*,#2042,.T.);
#2879=ORIENTED_EDGE('',*,*,#2017,.T.);
#2880=ORIENTED_EDGE('',*,*,#2018,.T.);
#2881=ORIENTED_EDGE('',*,*,#1996,.T.);
#2882=ORIENTED_EDGE('',*,*,#1999,.T.);
#2883=ORIENTED_EDGE('',*,*,#1971,.T.);
#2884=ORIENTED_EDGE('',*,*,#2021,.T.);
#2885=ORIENTED_EDGE('',*,*,#2025,.T.);
#2886=ORIENTED_EDGE('',*,*,#2043,.T.);
#2887=ORIENTED_EDGE('',*,*,#2044,.T.);
#2888=ORIENTED_EDGE('',*,*,#2045,.T.);
#2889=ORIENTED_EDGE('',*,*,#2040,.T.);
#2890=ORIENTED_EDGE('',*,*,#2046,.F.);
#2891=ORIENTED_EDGE('',*,*,#2047,.T.);
#2892=ORIENTED_EDGE('',*,*,#2048,.F.);
#2893=ORIENTED_EDGE('',*,*,#2049,.F.);
#2894=ORIENTED_EDGE('',*,*,#2050,.F.);
#2895=ORIENTED_EDGE('',*,*,#2051,.T.);
#2896=ORIENTED_EDGE('',*,*,#2052,.F.);
#2897=ORIENTED_EDGE('',*,*,#2034,.T.);
#2898=ORIENTED_EDGE('',*,*,#2028,.T.);
#2899=ORIENTED_EDGE('',*,*,#2031,.T.);
#2900=ORIENTED_EDGE('',*,*,#2053,.T.);
#2901=ORIENTED_EDGE('',*,*,#2043,.F.);
#2902=ORIENTED_EDGE('',*,*,#1948,.T.);
#2903=ORIENTED_EDGE('',*,*,#2003,.F.);
#2904=ORIENTED_EDGE('',*,*,#1961,.F.);
#2905=ORIENTED_EDGE('',*,*,#2015,.T.);
#2906=ORIENTED_EDGE('',*,*,#2042,.F.);
#2907=ORIENTED_EDGE('',*,*,#2054,.F.);
#2908=ORIENTED_EDGE('',*,*,#1892,.T.);
#2909=ORIENTED_EDGE('',*,*,#2016,.T.);
#2910=ORIENTED_EDGE('',*,*,#2054,.T.);
#2911=ORIENTED_EDGE('',*,*,#2041,.F.);
#2912=ORIENTED_EDGE('',*,*,#2045,.F.);
#2913=ORIENTED_EDGE('',*,*,#2055,.F.);
#2914=ORIENTED_EDGE('',*,*,#2056,.F.);
#2915=ORIENTED_EDGE('',*,*,#2057,.T.);
#2916=ORIENTED_EDGE('',*,*,#2058,.F.);
#2917=ORIENTED_EDGE('',*,*,#2059,.F.);
#2918=ORIENTED_EDGE('',*,*,#1943,.T.);
#2919=ORIENTED_EDGE('',*,*,#1958,.F.);
#2920=ORIENTED_EDGE('',*,*,#2060,.F.);
#2921=ORIENTED_EDGE('',*,*,#2055,.T.);
#2922=ORIENTED_EDGE('',*,*,#2044,.F.);
#2923=ORIENTED_EDGE('',*,*,#2053,.F.);
#2924=ORIENTED_EDGE('',*,*,#2061,.F.);
#2925=ORIENTED_EDGE('',*,*,#2057,.F.);
#2926=ORIENTED_EDGE('',*,*,#2062,.F.);
#2927=ORIENTED_EDGE('',*,*,#1956,.T.);
#2928=ORIENTED_EDGE('',*,*,#2058,.T.);
#2929=ORIENTED_EDGE('',*,*,#2061,.T.);
#2930=ORIENTED_EDGE('',*,*,#1955,.T.);
#2931=ORIENTED_EDGE('',*,*,#2063,.F.);
#2932=ORIENTED_EDGE('',*,*,#2064,.T.);
#2933=ORIENTED_EDGE('',*,*,#2065,.T.);
#2934=ORIENTED_EDGE('',*,*,#2066,.T.);
#2935=ORIENTED_EDGE('',*,*,#2067,.T.);
#2936=ORIENTED_EDGE('',*,*,#2068,.T.);
#2937=ORIENTED_EDGE('',*,*,#2069,.T.);
#2938=ORIENTED_EDGE('',*,*,#2070,.T.);
#2939=ORIENTED_EDGE('',*,*,#2071,.F.);
#2940=ORIENTED_EDGE('',*,*,#1947,.T.);
#2941=ORIENTED_EDGE('',*,*,#2072,.F.);
#2942=ORIENTED_EDGE('',*,*,#2073,.F.);
#2943=ORIENTED_EDGE('',*,*,#2074,.T.);
#2944=ORIENTED_EDGE('',*,*,#2075,.T.);
#2945=ORIENTED_EDGE('',*,*,#2074,.F.);
#2946=ORIENTED_EDGE('',*,*,#2076,.F.);
#2947=ORIENTED_EDGE('',*,*,#2077,.T.);
#2948=ORIENTED_EDGE('',*,*,#2078,.T.);
#2949=ORIENTED_EDGE('',*,*,#2077,.F.);
#2950=ORIENTED_EDGE('',*,*,#2079,.F.);
#2951=ORIENTED_EDGE('',*,*,#2080,.F.);
#2952=ORIENTED_EDGE('',*,*,#2081,.F.);
#2953=ORIENTED_EDGE('',*,*,#2082,.T.);
#2954=ORIENTED_EDGE('',*,*,#2083,.F.);
#2955=ORIENTED_EDGE('',*,*,#1991,.F.);
#2956=ORIENTED_EDGE('',*,*,#2084,.F.);
#2957=ORIENTED_EDGE('',*,*,#2080,.T.);
#2958=ORIENTED_EDGE('',*,*,#2085,.F.);
#2959=ORIENTED_EDGE('',*,*,#2086,.T.);
#2960=ORIENTED_EDGE('',*,*,#2087,.F.);
#2961=ORIENTED_EDGE('',*,*,#2088,.T.);
#2962=ORIENTED_EDGE('',*,*,#2089,.F.);
#2963=ORIENTED_EDGE('',*,*,#2088,.F.);
#2964=ORIENTED_EDGE('',*,*,#2090,.F.);
#2965=ORIENTED_EDGE('',*,*,#2091,.T.);
#2966=ORIENTED_EDGE('',*,*,#2092,.F.);
#2967=ORIENTED_EDGE('',*,*,#2091,.F.);
#2968=ORIENTED_EDGE('',*,*,#2093,.F.);
#2969=ORIENTED_EDGE('',*,*,#2094,.T.);
#2970=ORIENTED_EDGE('',*,*,#2093,.T.);
#2971=ORIENTED_EDGE('',*,*,#2090,.T.);
#2972=ORIENTED_EDGE('',*,*,#2087,.T.);
#2973=ORIENTED_EDGE('',*,*,#2095,.F.);
#2974=ORIENTED_EDGE('',*,*,#2096,.F.);
#2975=ORIENTED_EDGE('',*,*,#2097,.F.);
#2976=ORIENTED_EDGE('',*,*,#2098,.F.);
#2977=ORIENTED_EDGE('',*,*,#2070,.F.);
#2978=ORIENTED_EDGE('',*,*,#2099,.F.);
#2979=ORIENTED_EDGE('',*,*,#2100,.F.);
#2980=ORIENTED_EDGE('',*,*,#1974,.T.);
#2981=ORIENTED_EDGE('',*,*,#1987,.T.);
#2982=ORIENTED_EDGE('',*,*,#2101,.F.);
#2983=ORIENTED_EDGE('',*,*,#2102,.F.);
#2984=ORIENTED_EDGE('',*,*,#2066,.F.);
#2985=ORIENTED_EDGE('',*,*,#2103,.T.);
#2986=ORIENTED_EDGE('',*,*,#2104,.T.);
#2987=ORIENTED_EDGE('',*,*,#2081,.T.);
#2988=ORIENTED_EDGE('',*,*,#2084,.T.);
#2989=ORIENTED_EDGE('',*,*,#1990,.T.);
#2990=ORIENTED_EDGE('',*,*,#1978,.T.);
#2991=ORIENTED_EDGE('',*,*,#2059,.T.);
#2992=ORIENTED_EDGE('',*,*,#2071,.T.);
#2993=ORIENTED_EDGE('',*,*,#2105,.F.);
#2994=ORIENTED_EDGE('',*,*,#2106,.T.);
#2995=ORIENTED_EDGE('',*,*,#2107,.T.);
#2996=ORIENTED_EDGE('',*,*,#2108,.T.);
#2997=ORIENTED_EDGE('',*,*,#2109,.F.);
#2998=ORIENTED_EDGE('',*,*,#2063,.T.);
#2999=ORIENTED_EDGE('',*,*,#1954,.T.);
#3000=ORIENTED_EDGE('',*,*,#1944,.T.);
#3001=ORIENTED_EDGE('',*,*,#2075,.F.);
#3002=ORIENTED_EDGE('',*,*,#2110,.T.);
#3003=ORIENTED_EDGE('',*,*,#2111,.T.);
#3004=ORIENTED_EDGE('',*,*,#2112,.T.);
#3005=ORIENTED_EDGE('',*,*,#2113,.T.);
#3006=ORIENTED_EDGE('',*,*,#2109,.T.);
#3007=ORIENTED_EDGE('',*,*,#2114,.T.);
#3008=ORIENTED_EDGE('',*,*,#2035,.T.);
#3009=ORIENTED_EDGE('',*,*,#2052,.T.);
#3010=ORIENTED_EDGE('',*,*,#2110,.F.);
#3011=ORIENTED_EDGE('',*,*,#2051,.F.);
#3012=ORIENTED_EDGE('',*,*,#2115,.F.);
#3013=ORIENTED_EDGE('',*,*,#2011,.F.);
#3014=ORIENTED_EDGE('',*,*,#2007,.F.);
#3015=ORIENTED_EDGE('',*,*,#2116,.F.);
#3016=ORIENTED_EDGE('',*,*,#2047,.F.);
#3017=ORIENTED_EDGE('',*,*,#2117,.F.);
#3018=ORIENTED_EDGE('',*,*,#2118,.F.);
#3019=ORIENTED_EDGE('',*,*,#2119,.T.);
#3020=ORIENTED_EDGE('',*,*,#2120,.F.);
#3021=ORIENTED_EDGE('',*,*,#2114,.F.);
#3022=ORIENTED_EDGE('',*,*,#2108,.F.);
#3023=ORIENTED_EDGE('',*,*,#2121,.F.);
#3024=ORIENTED_EDGE('',*,*,#2122,.F.);
#3025=ORIENTED_EDGE('',*,*,#2123,.T.);
#3026=ORIENTED_EDGE('',*,*,#2036,.F.);
#3027=ORIENTED_EDGE('',*,*,#2111,.F.);
#3028=ORIENTED_EDGE('',*,*,#2120,.T.);
#3029=ORIENTED_EDGE('',*,*,#2124,.T.);
#3030=ORIENTED_EDGE('',*,*,#2125,.F.);
#3031=ORIENTED_EDGE('',*,*,#2039,.T.);
#3032=ORIENTED_EDGE('',*,*,#2126,.T.);
#3033=ORIENTED_EDGE('',*,*,#2105,.T.);
#3034=ORIENTED_EDGE('',*,*,#2098,.T.);
#3035=ORIENTED_EDGE('',*,*,#2127,.T.);
#3036=ORIENTED_EDGE('',*,*,#2128,.T.);
#3037=ORIENTED_EDGE('',*,*,#2117,.T.);
#3038=ORIENTED_EDGE('',*,*,#2046,.T.);
#3039=ORIENTED_EDGE('',*,*,#2126,.F.);
#3040=ORIENTED_EDGE('',*,*,#2038,.F.);
#3041=ORIENTED_EDGE('',*,*,#2129,.F.);
#3042=ORIENTED_EDGE('',*,*,#2106,.F.);
#3043=ORIENTED_EDGE('',*,*,#2119,.F.);
#3044=ORIENTED_EDGE('',*,*,#2130,.T.);
#3045=ORIENTED_EDGE('',*,*,#2131,.F.);
#3046=ORIENTED_EDGE('',*,*,#2124,.F.);
#3047=ORIENTED_EDGE('',*,*,#2128,.F.);
#3048=ORIENTED_EDGE('',*,*,#2132,.F.);
#3049=ORIENTED_EDGE('',*,*,#2130,.F.);
#3050=ORIENTED_EDGE('',*,*,#2118,.T.);
#3051=ORIENTED_EDGE('',*,*,#2073,.T.);
#3052=ORIENTED_EDGE('',*,*,#2133,.T.);
#3053=ORIENTED_EDGE('',*,*,#2112,.F.);
#3054=ORIENTED_EDGE('',*,*,#2125,.T.);
#3055=ORIENTED_EDGE('',*,*,#2131,.T.);
#3056=ORIENTED_EDGE('',*,*,#2132,.T.);
#3057=ORIENTED_EDGE('',*,*,#2127,.F.);
#3058=ORIENTED_EDGE('',*,*,#2078,.F.);
#3059=ORIENTED_EDGE('',*,*,#2134,.T.);
#3060=ORIENTED_EDGE('',*,*,#2049,.T.);
#3061=ORIENTED_EDGE('',*,*,#2135,.T.);
#3062=ORIENTED_EDGE('',*,*,#2005,.T.);
#3063=ORIENTED_EDGE('',*,*,#2076,.T.);
#3064=ORIENTED_EDGE('',*,*,#2129,.T.);
#3065=ORIENTED_EDGE('',*,*,#2037,.F.);
#3066=ORIENTED_EDGE('',*,*,#2123,.F.);
#3067=ORIENTED_EDGE('',*,*,#2122,.T.);
#3068=ORIENTED_EDGE('',*,*,#2121,.T.);
#3069=ORIENTED_EDGE('',*,*,#2107,.F.);
#3070=ORIENTED_EDGE('',*,*,#2072,.T.);
#3071=ORIENTED_EDGE('',*,*,#1953,.T.);
#3072=ORIENTED_EDGE('',*,*,#2002,.T.);
#3073=ORIENTED_EDGE('',*,*,#1923,.F.);
#3074=ORIENTED_EDGE('',*,*,#2116,.T.);
#3075=ORIENTED_EDGE('',*,*,#2006,.F.);
#3076=ORIENTED_EDGE('',*,*,#2135,.F.);
#3077=ORIENTED_EDGE('',*,*,#2048,.T.);
#3078=ORIENTED_EDGE('',*,*,#2115,.T.);
#3079=ORIENTED_EDGE('',*,*,#2050,.T.);
#3080=ORIENTED_EDGE('',*,*,#2134,.F.);
#3081=ORIENTED_EDGE('',*,*,#2004,.T.);
#3082=ORIENTED_EDGE('',*,*,#2092,.T.);
#3083=ORIENTED_EDGE('',*,*,#2136,.F.);
#3084=ORIENTED_EDGE('',*,*,#2137,.F.);
#3085=ORIENTED_EDGE('',*,*,#2068,.F.);
#3086=ORIENTED_EDGE('',*,*,#2138,.F.);
#3087=ORIENTED_EDGE('',*,*,#2139,.F.);
#3088=ORIENTED_EDGE('',*,*,#2140,.F.);
#3089=ORIENTED_EDGE('',*,*,#2141,.F.);
#3090=ORIENTED_EDGE('',*,*,#2085,.T.);
#3091=ORIENTED_EDGE('',*,*,#2089,.T.);
#3092=ORIENTED_EDGE('',*,*,#2067,.F.);
#3093=ORIENTED_EDGE('',*,*,#2102,.T.);
#3094=ORIENTED_EDGE('',*,*,#2142,.F.);
#3095=ORIENTED_EDGE('',*,*,#2138,.T.);
#3096=ORIENTED_EDGE('',*,*,#1969,.T.);
#3097=ORIENTED_EDGE('',*,*,#1966,.T.);
#3098=ORIENTED_EDGE('',*,*,#2030,.T.);
#3099=ORIENTED_EDGE('',*,*,#2032,.T.);
#3100=ORIENTED_EDGE('',*,*,#2026,.T.);
#3101=ORIENTED_EDGE('',*,*,#2022,.T.);
#3102=ORIENTED_EDGE('',*,*,#2060,.T.);
#3103=ORIENTED_EDGE('',*,*,#1957,.T.);
#3104=ORIENTED_EDGE('',*,*,#2062,.T.);
#3105=ORIENTED_EDGE('',*,*,#2056,.T.);
#3106=ORIENTED_EDGE('',*,*,#2065,.F.);
#3107=ORIENTED_EDGE('',*,*,#2143,.T.);
#3108=ORIENTED_EDGE('',*,*,#2144,.T.);
#3109=ORIENTED_EDGE('',*,*,#2103,.F.);
#3110=ORIENTED_EDGE('',*,*,#2133,.F.);
#3111=ORIENTED_EDGE('',*,*,#2097,.T.);
#3112=ORIENTED_EDGE('',*,*,#2145,.T.);
#3113=ORIENTED_EDGE('',*,*,#2139,.T.);
#3114=ORIENTED_EDGE('',*,*,#2142,.T.);
#3115=ORIENTED_EDGE('',*,*,#2101,.T.);
#3116=ORIENTED_EDGE('',*,*,#1986,.T.);
#3117=ORIENTED_EDGE('',*,*,#2146,.T.);
#3118=ORIENTED_EDGE('',*,*,#2145,.F.);
#3119=ORIENTED_EDGE('',*,*,#2096,.T.);
#3120=ORIENTED_EDGE('',*,*,#2147,.F.);
#3121=ORIENTED_EDGE('',*,*,#2140,.T.);
#3122=ORIENTED_EDGE('',*,*,#2148,.T.);
#3123=ORIENTED_EDGE('',*,*,#2082,.F.);
#3124=ORIENTED_EDGE('',*,*,#2104,.F.);
#3125=ORIENTED_EDGE('',*,*,#2144,.F.);
#3126=ORIENTED_EDGE('',*,*,#2095,.T.);
#3127=ORIENTED_EDGE('',*,*,#2086,.F.);
#3128=ORIENTED_EDGE('',*,*,#2141,.T.);
#3129=ORIENTED_EDGE('',*,*,#2147,.T.);
#3130=ORIENTED_EDGE('',*,*,#2069,.F.);
#3131=ORIENTED_EDGE('',*,*,#2137,.T.);
#3132=ORIENTED_EDGE('',*,*,#2149,.T.);
#3133=ORIENTED_EDGE('',*,*,#2099,.T.);
#3134=ORIENTED_EDGE('',*,*,#2100,.T.);
#3135=ORIENTED_EDGE('',*,*,#2149,.F.);
#3136=ORIENTED_EDGE('',*,*,#2136,.T.);
#3137=ORIENTED_EDGE('',*,*,#2094,.F.);
#3138=ORIENTED_EDGE('',*,*,#2079,.T.);
#3139=ORIENTED_EDGE('',*,*,#2148,.F.);
#3140=ORIENTED_EDGE('',*,*,#2143,.F.);
#3141=ORIENTED_EDGE('',*,*,#2064,.F.);
#3142=ORIENTED_EDGE('',*,*,#2113,.F.);
#3143=ORIENTED_EDGE('',*,*,#2146,.F.);
#3144=ORIENTED_EDGE('',*,*,#1985,.F.);
#3145=ORIENTED_EDGE('',*,*,#1989,.F.);
#3146=ORIENTED_EDGE('',*,*,#1992,.T.);
#3147=ORIENTED_EDGE('',*,*,#2083,.T.);
#3148=PLANE('',#3468);
#3149=PLANE('',#3473);
#3150=PLANE('',#3474);
#3151=PLANE('',#3475);
#3152=PLANE('',#3476);
#3153=PLANE('',#3478);
#3154=PLANE('',#3480);
#3155=PLANE('',#3483);
#3156=PLANE('',#3484);
#3157=PLANE('',#3485);
#3158=PLANE('',#3486);
#3159=PLANE('',#3487);
#3160=PLANE('',#3490);
#3161=PLANE('',#3491);
#3162=PLANE('',#3492);
#3163=PLANE('',#3493);
#3164=PLANE('',#3497);
#3165=PLANE('',#3499);
#3166=PLANE('',#3502);
#3167=PLANE('',#3503);
#3168=PLANE('',#3504);
#3169=PLANE('',#3505);
#3170=PLANE('',#3506);
#3171=PLANE('',#3507);
#3172=PLANE('',#3508);
#3173=PLANE('',#3509);
#3174=PLANE('',#3510);
#3175=PLANE('',#3514);
#3176=PLANE('',#3518);
#3177=PLANE('',#3523);
#3178=PLANE('',#3533);
#3179=PLANE('',#3534);
#3180=PLANE('',#3537);
#3181=PLANE('',#3540);
#3182=PLANE('',#3545);
#3183=PLANE('',#3548);
#3184=PLANE('',#3550);
#3185=PLANE('',#3551);
#3186=PLANE('',#3552);
#3187=PLANE('',#3555);
#3188=PLANE('',#3558);
#3189=PLANE('',#3559);
#3190=PLANE('',#3560);
#3191=PLANE('',#3561);
#3192=PLANE('',#3562);
#3193=PLANE('',#3563);
#3194=PLANE('',#3566);
#3195=PLANE('',#3567);
#3196=PLANE('',#3568);
#3197=PLANE('',#3571);
#3198=PLANE('',#3575);
#3199=PLANE('',#3576);
#3200=PLANE('',#3577);
#3201=PLANE('',#3582);
#3202=PLANE('',#3589);
#3203=PLANE('',#3596);
#3204=PLANE('',#3600);
#3205=PLANE('',#3601);
#3206=PLANE('',#3602);
#3207=PLANE('',#3604);
#3208=PLANE('',#3605);
#3209=PLANE('',#3607);
#3210=PLANE('',#3608);
#3211=PLANE('',#3609);
#3212=PLANE('',#3610);
#3213=PLANE('',#3611);
#3214=PLANE('',#3612);
#3215=PLANE('',#3613);
#3216=PLANE('',#3614);
#3217=PLANE('',#3615);
#3218=PLANE('',#3616);
#3219=PLANE('',#3617);
#3220=PLANE('',#3618);
#3221=PLANE('',#3622);
#3222=PLANE('',#3624);
#3223=PLANE('',#3627);
#3224=PLANE('',#3628);
#3225=PLANE('',#3630);
#3226=PLANE('',#3631);
#3227=PLANE('',#3632);
#3228=PLANE('',#3634);
#3229=PLANE('',#3641);
#3230=PLANE('',#3642);
#3231=PLANE('',#3643);
#3232=PLANE('',#3644);
#3233=PLANE('',#3645);
#3234=PLANE('',#3646);
#3235=PLANE('',#3647);
#3236=PLANE('',#3648);
#3237=PLANE('',#3650);
#3238=PLANE('',#3651);
#3239=PLANE('',#3652);
#3240=PLANE('',#3653);
#3241=PLANE('',#3654);
#3242=PLANE('',#3655);
#3243=PLANE('',#3656);
#3244=PLANE('',#3657);
#3245=PLANE('',#3658);
#3246=PLANE('',#3666);
#3247=PLANE('',#3670);
#3248=PLANE('',#3674);
#3249=PLANE('',#3675);
#3250=PLANE('',#3678);
#3251=PLANE('',#3680);
#3252=PLANE('',#3682);
#3253=PLANE('',#3683);
#3254=PLANE('',#3685);
#3255=PLANE('',#3686);
#3256=PLANE('',#3687);
#3257=PLANE('',#3688);
#3258=PLANE('',#3691);
#3259=PLANE('',#3692);
#3260=PLANE('',#3693);
#3261=PLANE('',#3694);
#3262=PLANE('',#3696);
#3263=PLANE('',#3697);
#3264=PLANE('',#3698);
#3265=PLANE('',#3701);
#3266=PLANE('',#3702);
#3267=PLANE('',#3703);
#3268=PLANE('',#3704);
#3269=PLANE('',#3708);
#3270=PLANE('',#3710);
#3271=ADVANCED_FACE('',(#194),#3148,.F.);
#3272=ADVANCED_FACE('',(#195),#159,.F.);
#3273=ADVANCED_FACE('',(#196),#3149,.F.);
#3274=ADVANCED_FACE('',(#197),#3150,.T.);
#3275=ADVANCED_FACE('',(#198),#3151,.F.);
#3276=ADVANCED_FACE('',(#199),#3152,.F.);
#3277=ADVANCED_FACE('',(#200),#3153,.T.);
#3278=ADVANCED_FACE('',(#201),#3154,.F.);
#3279=ADVANCED_FACE('',(#202),#160,.F.);
#3280=ADVANCED_FACE('',(#203),#3155,.T.);
#3281=ADVANCED_FACE('',(#204),#3156,.T.);
#3282=ADVANCED_FACE('',(#205),#3157,.T.);
#3283=ADVANCED_FACE('',(#206),#3158,.F.);
#3284=ADVANCED_FACE('',(#207),#3159,.F.);
#3285=ADVANCED_FACE('',(#208),#3160,.F.);
#3286=ADVANCED_FACE('',(#209),#3161,.F.);
#3287=ADVANCED_FACE('',(#210),#3162,.T.);
#3288=ADVANCED_FACE('',(#211),#3163,.F.);
#3289=ADVANCED_FACE('',(#212),#161,.T.);
#3290=ADVANCED_FACE('',(#213),#3164,.T.);
#3291=ADVANCED_FACE('',(#214),#3165,.T.);
#3292=ADVANCED_FACE('',(#215),#162,.T.);
#3293=ADVANCED_FACE('',(#216),#3166,.F.);
#3294=ADVANCED_FACE('',(#217),#3167,.T.);
#3295=ADVANCED_FACE('',(#218),#3168,.T.);
#3296=ADVANCED_FACE('',(#219),#3169,.T.);
#3297=ADVANCED_FACE('',(#220),#3170,.T.);
#3298=ADVANCED_FACE('',(#221),#3171,.T.);
#3299=ADVANCED_FACE('',(#222),#3172,.T.);
#3300=ADVANCED_FACE('',(#223,#63,#64),#3173,.T.);
#3301=ADVANCED_FACE('',(#224),#3174,.F.);
#3302=ADVANCED_FACE('',(#225),#163,.F.);
#3303=ADVANCED_FACE('',(#226),#3175,.F.);
#3304=ADVANCED_FACE('',(#227),#164,.T.);
#3305=ADVANCED_FACE('',(#228),#3176,.F.);
#3306=ADVANCED_FACE('',(#229),#165,.F.);
#3307=ADVANCED_FACE('',(#230,#65,#66),#3177,.F.);
#3308=ADVANCED_FACE('',(#231),#166,.T.);
#3309=ADVANCED_FACE('',(#232),#167,.T.);
#3310=ADVANCED_FACE('',(#233),#3178,.F.);
#3311=ADVANCED_FACE('',(#234),#3179,.F.);
#3312=ADVANCED_FACE('',(#235),#168,.T.);
#3313=ADVANCED_FACE('',(#236),#3180,.F.);
#3314=ADVANCED_FACE('',(#237),#3181,.F.);
#3315=ADVANCED_FACE('',(#238),#169,.T.);
#3316=ADVANCED_FACE('',(#239,#67),#3182,.F.);
#3317=ADVANCED_FACE('',(#240),#3183,.T.);
#3318=ADVANCED_FACE('',(#241),#3184,.F.);
#3319=ADVANCED_FACE('',(#242),#3185,.T.);
#3320=ADVANCED_FACE('',(#243),#3186,.F.);
#3321=ADVANCED_FACE('',(#244),#170,.F.);
#3322=ADVANCED_FACE('',(#245,#68),#3187,.F.);
#3323=ADVANCED_FACE('',(#246),#171,.T.);
#3324=ADVANCED_FACE('',(#247),#3188,.F.);
#3325=ADVANCED_FACE('',(#248),#3189,.F.);
#3326=ADVANCED_FACE('',(#249),#3190,.F.);
#3327=ADVANCED_FACE('',(#250),#3191,.T.);
#3328=ADVANCED_FACE('',(#251),#3192,.T.);
#3329=ADVANCED_FACE('',(#252),#3193,.F.);
#3330=ADVANCED_FACE('',(#253),#172,.T.);
#3331=ADVANCED_FACE('',(#254),#3194,.T.);
#3332=ADVANCED_FACE('',(#255),#3195,.T.);
#3333=ADVANCED_FACE('',(#256),#3196,.T.);
#3334=ADVANCED_FACE('',(#257),#173,.T.);
#3335=ADVANCED_FACE('',(#258),#174,.T.);
#3336=ADVANCED_FACE('',(#259),#3197,.T.);
#3337=ADVANCED_FACE('',(#260),#3198,.T.);
#3338=ADVANCED_FACE('',(#261),#3199,.F.);
#3339=ADVANCED_FACE('',(#262),#3200,.F.);
#3340=ADVANCED_FACE('',(#263),#175,.F.);
#3341=ADVANCED_FACE('',(#264),#176,.T.);
#3342=ADVANCED_FACE('',(#265),#3201,.F.);
#3343=ADVANCED_FACE('',(#266),#177,.T.);
#3344=ADVANCED_FACE('',(#267),#178,.T.);
#3345=ADVANCED_FACE('',(#268),#3202,.F.);
#3346=ADVANCED_FACE('',(#269),#179,.T.);
#3347=ADVANCED_FACE('',(#270),#180,.T.);
#3348=ADVANCED_FACE('',(#271),#3203,.F.);
#3349=ADVANCED_FACE('',(#272),#181,.T.);
#3350=ADVANCED_FACE('',(#273),#3204,.T.);
#3351=ADVANCED_FACE('',(#274),#3205,.F.);
#3352=ADVANCED_FACE('',(#275),#3206,.F.);
#3353=ADVANCED_FACE('',(#276),#3207,.F.);
#3354=ADVANCED_FACE('',(#277),#3208,.F.);
#3355=ADVANCED_FACE('',(#278),#19,.T.);
#3356=ADVANCED_FACE('',(#279),#20,.T.);
#3357=ADVANCED_FACE('',(#280),#21,.F.);
#3358=ADVANCED_FACE('',(#281),#3209,.F.);
#3359=ADVANCED_FACE('',(#282),#3210,.T.);
#3360=ADVANCED_FACE('',(#283),#3211,.F.);
#3361=ADVANCED_FACE('',(#284),#3212,.F.);
#3362=ADVANCED_FACE('',(#285),#3213,.T.);
#3363=ADVANCED_FACE('',(#286),#3214,.F.);
#3364=ADVANCED_FACE('',(#287),#3215,.F.);
#3365=ADVANCED_FACE('',(#288),#3216,.F.);
#3366=ADVANCED_FACE('',(#289),#3217,.F.);
#3367=ADVANCED_FACE('',(#290),#22,.T.);
#3368=ADVANCED_FACE('',(#291),#3218,.T.);
#3369=ADVANCED_FACE('',(#292),#3219,.T.);
#3370=ADVANCED_FACE('',(#293),#23,.T.);
#3371=ADVANCED_FACE('',(#294),#24,.T.);
#3372=ADVANCED_FACE('',(#295),#3220,.F.);
#3373=ADVANCED_FACE('',(#296),#182,.T.);
#3374=ADVANCED_FACE('',(#297),#3221,.T.);
#3375=ADVANCED_FACE('',(#298),#3222,.T.);
#3376=ADVANCED_FACE('',(#299),#183,.T.);
#3377=ADVANCED_FACE('',(#300),#3223,.F.);
#3378=ADVANCED_FACE('',(#301),#3224,.F.);
#3379=ADVANCED_FACE('',(#302),#3225,.F.);
#3380=ADVANCED_FACE('',(#303),#3226,.F.);
#3381=ADVANCED_FACE('',(#304),#3227,.F.);
#3382=ADVANCED_FACE('',(#305),#3228,.T.);
#3383=ADVANCED_FACE('',(#306),#184,.T.);
#3384=ADVANCED_FACE('',(#307),#25,.F.);
#3385=ADVANCED_FACE('',(#308),#3229,.F.);
#3386=ADVANCED_FACE('',(#309),#3230,.T.);
#3387=ADVANCED_FACE('',(#310),#3231,.T.);
#3388=ADVANCED_FACE('',(#311),#26,.T.);
#3389=ADVANCED_FACE('',(#312),#27,.T.);
#3390=ADVANCED_FACE('',(#313),#28,.T.);
#3391=ADVANCED_FACE('',(#314),#3232,.F.);
#3392=ADVANCED_FACE('',(#315),#3233,.T.);
#3393=ADVANCED_FACE('',(#316),#29,.T.);
#3394=ADVANCED_FACE('',(#317),#30,.T.);
#3395=ADVANCED_FACE('',(#318),#3234,.F.);
#3396=ADVANCED_FACE('',(#319),#3235,.T.);
#3397=ADVANCED_FACE('',(#320),#3236,.F.);
#3398=ADVANCED_FACE('',(#321),#3237,.F.);
#3399=ADVANCED_FACE('',(#322),#3238,.F.);
#3400=ADVANCED_FACE('',(#323),#3239,.T.);
#3401=ADVANCED_FACE('',(#324),#3240,.T.);
#3402=ADVANCED_FACE('',(#325),#3241,.F.);
#3403=ADVANCED_FACE('',(#326),#3242,.F.);
#3404=ADVANCED_FACE('',(#327),#3243,.F.);
#3405=ADVANCED_FACE('',(#328),#3244,.T.);
#3406=ADVANCED_FACE('',(#329),#3245,.F.);
#3407=ADVANCED_FACE('',(#330),#185,.T.);
#3408=ADVANCED_FACE('',(#331),#186,.T.);
#3409=ADVANCED_FACE('',(#332),#3246,.F.);
#3410=ADVANCED_FACE('',(#333),#187,.F.);
#3411=ADVANCED_FACE('',(#334),#3247,.F.);
#3412=ADVANCED_FACE('',(#335),#188,.F.);
#3413=ADVANCED_FACE('',(#336),#3248,.F.);
#3414=ADVANCED_FACE('',(#337),#3249,.T.);
#3415=ADVANCED_FACE('',(#338),#3250,.F.);
#3416=ADVANCED_FACE('',(#339,#69),#3251,.F.);
#3417=ADVANCED_FACE('',(#340),#3252,.T.);
#3418=ADVANCED_FACE('',(#341),#3253,.F.);
#3419=ADVANCED_FACE('',(#342),#3254,.T.);
#3420=ADVANCED_FACE('',(#343),#3255,.T.);
#3421=ADVANCED_FACE('',(#344),#3256,.T.);
#3422=ADVANCED_FACE('',(#345),#3257,.T.);
#3423=ADVANCED_FACE('',(#346),#189,.T.);
#3424=ADVANCED_FACE('',(#347),#3258,.T.);
#3425=ADVANCED_FACE('',(#348),#3259,.T.);
#3426=ADVANCED_FACE('',(#349,#70,#71),#3260,.F.);
#3427=ADVANCED_FACE('',(#350),#3261,.F.);
#3428=ADVANCED_FACE('',(#351,#72),#190,.T.);
#3429=ADVANCED_FACE('',(#352),#3262,.F.);
#3430=ADVANCED_FACE('',(#353),#3263,.F.);
#3431=ADVANCED_FACE('',(#354),#3264,.F.);
#3432=ADVANCED_FACE('',(#355,#73,#74),#3265,.F.);
#3433=ADVANCED_FACE('',(#356),#3266,.T.);
#3434=ADVANCED_FACE('',(#357),#3267,.T.);
#3435=ADVANCED_FACE('',(#358),#3268,.T.);
#3436=ADVANCED_FACE('',(#359),#191,.T.);
#3437=ADVANCED_FACE('',(#360),#192,.T.);
#3438=ADVANCED_FACE('',(#361),#3269,.T.);
#3439=ADVANCED_FACE('',(#362),#193,.T.);
#3440=ADVANCED_FACE('',(#363),#3270,.T.);
#3441=CLOSED_SHELL('',(#3271,#3272,#3273,#3274,#3275,#3276,#3277,#3278,
#3279,#3280,#3281,#3282,#3283,#3284,#3285,#3286,#3287,#3288,#3289,#3290,
#3291,#3292,#3293,#3294,#3295,#3296,#3297,#3298,#3299,#3300,#3301,#3302,
#3303,#3304,#3305,#3306,#3307,#3308,#3309,#3310,#3311,#3312,#3313,#3314,
#3315,#3316,#3317,#3318,#3319,#3320,#3321,#3322,#3323,#3324,#3325,#3326,
#3327,#3328,#3329,#3330,#3331,#3332,#3333,#3334,#3335,#3336,#3337,#3338,
#3339,#3340,#3341,#3342,#3343));
#3442=CLOSED_SHELL('',(#3344,#3345,#3346,#3347,#3348,#3349,#3350,#3351,
#3352,#3353,#3354,#3355,#3356,#3357,#3358,#3359,#3360,#3361,#3362,#3363,
#3364,#3365,#3366,#3367,#3368,#3369,#3370,#3371,#3372,#3373,#3374,#3375,
#3376,#3377,#3378,#3379,#3380,#3381,#3382,#3383,#3384,#3385,#3386,#3387,
#3388,#3389,#3390,#3391,#3392,#3393,#3394,#3395,#3396,#3397,#3398,#3399,
#3400,#3401,#3402,#3403,#3404,#3405,#3406,#3407,#3408,#3409,#3410,#3411,
#3412,#3413,#3414,#3415,#3416,#3417,#3418,#3419,#3420,#3421,#3422,#3423,
#3424,#3425,#3426,#3427,#3428,#3429,#3430,#3431,#3432,#3433,#3434,#3435,
#3436,#3437,#3438,#3439,#3440));
#3443=DERIVED_UNIT_ELEMENT(#3447,1.);
#3444=DERIVED_UNIT_ELEMENT(#5882,-3.);
#3445=DERIVED_UNIT_ELEMENT(#3447,1.);
#3446=DERIVED_UNIT_ELEMENT(#5882,-3.);
#3447=(
MASS_UNIT()
NAMED_UNIT(*)
SI_UNIT(.KILO.,.GRAM.)
);
#3448=DERIVED_UNIT((#3443,#3444));
#3449=DERIVED_UNIT((#3445,#3446));
#3450=MEASURE_REPRESENTATION_ITEM('density measure',
POSITIVE_RATIO_MEASURE(1060.),#3448);
#3451=MEASURE_REPRESENTATION_ITEM('density measure',
POSITIVE_RATIO_MEASURE(1060.),#3449);
#3452=PROPERTY_DEFINITION_REPRESENTATION(#3462,#3456);
#3453=PROPERTY_DEFINITION_REPRESENTATION(#3463,#3457);
#3454=PROPERTY_DEFINITION_REPRESENTATION(#3464,#3458);
#3455=PROPERTY_DEFINITION_REPRESENTATION(#3465,#3459);
#3456=REPRESENTATION('material name',(#3460),#5878);
#3457=REPRESENTATION('density',(#3450),#5878);
#3458=REPRESENTATION('material name',(#3461),#5879);
#3459=REPRESENTATION('density',(#3451),#5879);
#3460=DESCRIPTIVE_REPRESENTATION_ITEM('ABS Plastic','ABS Plastic');
#3461=DESCRIPTIVE_REPRESENTATION_ITEM('ABS Plastic','ABS Plastic');
#3462=PROPERTY_DEFINITION('material property','material name',#5898);
#3463=PROPERTY_DEFINITION('material property','density of part',#5898);
#3464=PROPERTY_DEFINITION('material property','material name',#5899);
#3465=PROPERTY_DEFINITION('material property','density of part',#5899);
#3466=AXIS2_PLACEMENT_3D('',#4598,#3713,#3714);
#3467=AXIS2_PLACEMENT_3D('',#4599,#3715,#3716);
#3468=AXIS2_PLACEMENT_3D('',#4600,#3717,#3718);
#3469=AXIS2_PLACEMENT_3D('',#4609,#3723,#3724);
#3470=AXIS2_PLACEMENT_3D('',#4611,#3725,#3726);
#3471=AXIS2_PLACEMENT_3D('',#4615,#3728,#3729);
#3472=AXIS2_PLACEMENT_3D('',#4618,#3731,#3732);
#3473=AXIS2_PLACEMENT_3D('',#4619,#3733,#3734);
#3474=AXIS2_PLACEMENT_3D('',#4625,#3738,#3739);
#3475=AXIS2_PLACEMENT_3D('',#4635,#3745,#3746);
#3476=AXIS2_PLACEMENT_3D('',#4644,#3751,#3752);
#3477=AXIS2_PLACEMENT_3D('',#4652,#3756,#3757);
#3478=AXIS2_PLACEMENT_3D('',#4653,#3758,#3759);
#3479=AXIS2_PLACEMENT_3D('',#4658,#3761,#3762);
#3480=AXIS2_PLACEMENT_3D('',#4666,#3767,#3768);
#3481=AXIS2_PLACEMENT_3D('',#4672,#3772,#3773);
#3482=AXIS2_PLACEMENT_3D('',#4676,#3776,#3777);
#3483=AXIS2_PLACEMENT_3D('',#4677,#3778,#3779);
#3484=AXIS2_PLACEMENT_3D('',#4681,#3782,#3783);
#3485=AXIS2_PLACEMENT_3D('',#4689,#3788,#3789);
#3486=AXIS2_PLACEMENT_3D('',#4699,#3795,#3796);
#3487=AXIS2_PLACEMENT_3D('',#4705,#3800,#3801);
#3488=AXIS2_PLACEMENT_3D('',#4709,#3803,#3804);
#3489=AXIS2_PLACEMENT_3D('',#4712,#3806,#3807);
#3490=AXIS2_PLACEMENT_3D('',#4723,#3814,#3815);
#3491=AXIS2_PLACEMENT_3D('',#4727,#3818,#3819);
#3492=AXIS2_PLACEMENT_3D('',#4734,#3824,#3825);
#3493=AXIS2_PLACEMENT_3D('',#4742,#3830,#3831);
#3494=AXIS2_PLACEMENT_3D('',#4751,#3836,#3837);
#3495=AXIS2_PLACEMENT_3D('',#4753,#3838,#3839);
#3496=AXIS2_PLACEMENT_3D('',#4756,#3841,#3842);
#3497=AXIS2_PLACEMENT_3D('',#4757,#3843,#3844);
#3498=AXIS2_PLACEMENT_3D('',#4760,#3845,#3846);
#3499=AXIS2_PLACEMENT_3D('',#4763,#3849,#3850);
#3500=AXIS2_PLACEMENT_3D('',#4800,#3870,#3871);
#3501=AXIS2_PLACEMENT_3D('',#4803,#3873,#3874);
#3502=AXIS2_PLACEMENT_3D('',#4804,#3875,#3876);
#3503=AXIS2_PLACEMENT_3D('',#4810,#3880,#3881);
#3504=AXIS2_PLACEMENT_3D('',#4819,#3886,#3887);
#3505=AXIS2_PLACEMENT_3D('',#4825,#3891,#3892);
#3506=AXIS2_PLACEMENT_3D('',#4830,#3896,#3897);
#3507=AXIS2_PLACEMENT_3D('',#4833,#3900,#3901);
#3508=AXIS2_PLACEMENT_3D('',#4835,#3903,#3904);
#3509=AXIS2_PLACEMENT_3D('',#4838,#3907,#3908);
#3510=AXIS2_PLACEMENT_3D('',#4844,#3912,#3913);
#3511=AXIS2_PLACEMENT_3D('',#4853,#3918,#3919);
#3512=AXIS2_PLACEMENT_3D('',#4854,#3920,#3921);
#3513=AXIS2_PLACEMENT_3D('',#4855,#3922,#3923);
#3514=AXIS2_PLACEMENT_3D('',#4856,#3924,#3925);
#3515=AXIS2_PLACEMENT_3D('',#4859,#3927,#3928);
#3516=AXIS2_PLACEMENT_3D('',#4860,#3929,#3930);
#3517=AXIS2_PLACEMENT_3D('',#4862,#3931,#3932);
#3518=AXIS2_PLACEMENT_3D('',#4864,#3934,#3935);
#3519=AXIS2_PLACEMENT_3D('',#4866,#3936,#3937);
#3520=AXIS2_PLACEMENT_3D('',#4867,#3938,#3939);
#3521=AXIS2_PLACEMENT_3D('',#4870,#3940,#3941);
#3522=AXIS2_PLACEMENT_3D('',#4874,#3943,#3944);
#3523=AXIS2_PLACEMENT_3D('',#4876,#3946,#3947);
#3524=AXIS2_PLACEMENT_3D('',#4880,#3949,#3950);
#3525=AXIS2_PLACEMENT_3D('',#4881,#3951,#3952);
#3526=AXIS2_PLACEMENT_3D('',#4884,#3954,#3955);
#3527=AXIS2_PLACEMENT_3D('',#4892,#3959,#3960);
#3528=AXIS2_PLACEMENT_3D('',#4893,#3961,#3962);
#3529=AXIS2_PLACEMENT_3D('',#4896,#3963,#3964);
#3530=AXIS2_PLACEMENT_3D('',#4899,#3967,#3968);
#3531=AXIS2_PLACEMENT_3D('',#4902,#3969,#3970);
#3532=AXIS2_PLACEMENT_3D('',#4906,#3972,#3973);
#3533=AXIS2_PLACEMENT_3D('',#4908,#3975,#3976);
#3534=AXIS2_PLACEMENT_3D('',#4914,#3980,#3981);
#3535=AXIS2_PLACEMENT_3D('',#4920,#3985,#3986);
#3536=AXIS2_PLACEMENT_3D('',#4921,#3987,#3988);
#3537=AXIS2_PLACEMENT_3D('',#4922,#3989,#3990);
#3538=AXIS2_PLACEMENT_3D('',#4927,#3994,#3995);
#3539=AXIS2_PLACEMENT_3D('',#4928,#3996,#3997);
#3540=AXIS2_PLACEMENT_3D('',#4929,#3998,#3999);
#3541=AXIS2_PLACEMENT_3D('',#4933,#4002,#4003);
#3542=AXIS2_PLACEMENT_3D('',#4936,#4005,#4006);
#3543=AXIS2_PLACEMENT_3D('',#4938,#4007,#4008);
#3544=AXIS2_PLACEMENT_3D('',#4943,#4011,#4012);
#3545=AXIS2_PLACEMENT_3D('',#4944,#4013,#4014);
#3546=AXIS2_PLACEMENT_3D('',#4948,#4016,#4017);
#3547=AXIS2_PLACEMENT_3D('',#4951,#4019,#4020);
#3548=AXIS2_PLACEMENT_3D('',#4952,#4021,#4022);
#3549=AXIS2_PLACEMENT_3D('',#4954,#4023,#4024);
#3550=AXIS2_PLACEMENT_3D('',#4955,#4025,#4026);
#3551=AXIS2_PLACEMENT_3D('',#4957,#4028,#4029);
#3552=AXIS2_PLACEMENT_3D('',#4959,#4031,#4032);
#3553=AXIS2_PLACEMENT_3D('',#4963,#4035,#4036);
#3554=AXIS2_PLACEMENT_3D('',#4965,#4037,#4038);
#3555=AXIS2_PLACEMENT_3D('',#4967,#4040,#4041);
#3556=AXIS2_PLACEMENT_3D('',#4969,#4043,#4044);
#3557=AXIS2_PLACEMENT_3D('',#4970,#4045,#4046);
#3558=AXIS2_PLACEMENT_3D('',#4971,#4047,#4048);
#3559=AXIS2_PLACEMENT_3D('',#4973,#4050,#4051);
#3560=AXIS2_PLACEMENT_3D('',#4975,#4053,#4054);
#3561=AXIS2_PLACEMENT_3D('',#4976,#4055,#4056);
#3562=AXIS2_PLACEMENT_3D('',#4980,#4060,#4061);
#3563=AXIS2_PLACEMENT_3D('',#4984,#4064,#4065);
#3564=AXIS2_PLACEMENT_3D('',#4985,#4066,#4067);
#3565=AXIS2_PLACEMENT_3D('',#4986,#4068,#4069);
#3566=AXIS2_PLACEMENT_3D('',#4987,#4070,#4071);
#3567=AXIS2_PLACEMENT_3D('',#4989,#4073,#4074);
#3568=AXIS2_PLACEMENT_3D('',#4990,#4075,#4076);
#3569=AXIS2_PLACEMENT_3D('',#4991,#4077,#4078);
#3570=AXIS2_PLACEMENT_3D('',#4993,#4080,#4081);
#3571=AXIS2_PLACEMENT_3D('',#4995,#4083,#4084);
#3572=AXIS2_PLACEMENT_3D('',#4999,#4086,#4087);
#3573=AXIS2_PLACEMENT_3D('',#5003,#4089,#4090);
#3574=AXIS2_PLACEMENT_3D('',#5006,#4092,#4093);
#3575=AXIS2_PLACEMENT_3D('',#5007,#4094,#4095);
#3576=AXIS2_PLACEMENT_3D('',#5011,#4098,#4099);
#3577=AXIS2_PLACEMENT_3D('',#5017,#4103,#4104);
#3578=AXIS2_PLACEMENT_3D('',#5023,#4108,#4109);
#3579=AXIS2_PLACEMENT_3D('',#5024,#4110,#4111);
#3580=AXIS2_PLACEMENT_3D('',#5025,#4112,#4113);
#3581=AXIS2_PLACEMENT_3D('',#5026,#4114,#4115);
#3582=AXIS2_PLACEMENT_3D('',#5027,#4116,#4117);
#3583=AXIS2_PLACEMENT_3D('',#5028,#4118,#4119);
#3584=AXIS2_PLACEMENT_3D('',#5029,#4120,#4121);
#3585=AXIS2_PLACEMENT_3D('',#5030,#4122,#4123);
#3586=AXIS2_PLACEMENT_3D('',#5031,#4124,#4125);
#3587=AXIS2_PLACEMENT_3D('',#5034,#4126,#4127);
#3588=AXIS2_PLACEMENT_3D('',#5038,#4129,#4130);
#3589=AXIS2_PLACEMENT_3D('',#5040,#4132,#4133);
#3590=AXIS2_PLACEMENT_3D('',#5046,#4137,#4138);
#3591=AXIS2_PLACEMENT_3D('',#5048,#4139,#4140);
#3592=AXIS2_PLACEMENT_3D('',#5050,#4141,#4142);
#3593=AXIS2_PLACEMENT_3D('',#5052,#4144,#4145);
#3594=AXIS2_PLACEMENT_3D('',#5055,#4146,#4147);
#3595=AXIS2_PLACEMENT_3D('',#5059,#4149,#4150);
#3596=AXIS2_PLACEMENT_3D('',#5061,#4152,#4153);
#3597=AXIS2_PLACEMENT_3D('',#5067,#4157,#4158);
#3598=AXIS2_PLACEMENT_3D('',#5069,#4159,#4160);
#3599=AXIS2_PLACEMENT_3D('',#5071,#4161,#4162);
#3600=AXIS2_PLACEMENT_3D('',#5073,#4164,#4165);
#3601=AXIS2_PLACEMENT_3D('',#5100,#4172,#4173);
#3602=AXIS2_PLACEMENT_3D('',#5127,#4180,#4181);
#3603=AXIS2_PLACEMENT_3D('',#5140,#4188,#4189);
#3604=AXIS2_PLACEMENT_3D('',#5142,#4191,#4192);
#3605=AXIS2_PLACEMENT_3D('',#5146,#4195,#4196);
#3606=AXIS2_PLACEMENT_3D('',#5148,#4197,#4198);
#3607=AXIS2_PLACEMENT_3D('',#5226,#4204,#4205);
#3608=AXIS2_PLACEMENT_3D('',#5244,#4212,#4213);
#3609=AXIS2_PLACEMENT_3D('',#5246,#4215,#4216);
#3610=AXIS2_PLACEMENT_3D('',#5248,#4218,#4219);
#3611=AXIS2_PLACEMENT_3D('',#5271,#4224,#4225);
#3612=AXIS2_PLACEMENT_3D('',#5294,#4230,#4231);
#3613=AXIS2_PLACEMENT_3D('',#5303,#4237,#4238);
#3614=AXIS2_PLACEMENT_3D('',#5307,#4241,#4242);
#3615=AXIS2_PLACEMENT_3D('',#5314,#4247,#4248);
#3616=AXIS2_PLACEMENT_3D('',#5351,#4257,#4258);
#3617=AXIS2_PLACEMENT_3D('',#5355,#4261,#4262);
#3618=AXIS2_PLACEMENT_3D('',#5412,#4269,#4270);
#3619=AXIS2_PLACEMENT_3D('',#5421,#4275,#4276);
#3620=AXIS2_PLACEMENT_3D('',#5423,#4277,#4278);
#3621=AXIS2_PLACEMENT_3D('',#5426,#4280,#4281);
#3622=AXIS2_PLACEMENT_3D('',#5427,#4282,#4283);
#3623=AXIS2_PLACEMENT_3D('',#5430,#4284,#4285);
#3624=AXIS2_PLACEMENT_3D('',#5433,#4288,#4289);
#3625=AXIS2_PLACEMENT_3D('',#5441,#4294,#4295);
#3626=AXIS2_PLACEMENT_3D('',#5444,#4297,#4298);
#3627=AXIS2_PLACEMENT_3D('',#5445,#4299,#4300);
#3628=AXIS2_PLACEMENT_3D('',#5451,#4304,#4305);
#3629=AXIS2_PLACEMENT_3D('',#5456,#4308,#4309);
#3630=AXIS2_PLACEMENT_3D('',#5457,#4310,#4311);
#3631=AXIS2_PLACEMENT_3D('',#5464,#4315,#4316);
#3632=AXIS2_PLACEMENT_3D('',#5467,#4319,#4320);
#3633=AXIS2_PLACEMENT_3D('',#5469,#4322,#4323);
#3634=AXIS2_PLACEMENT_3D('',#5471,#4325,#4326);
#3635=AXIS2_PLACEMENT_3D('',#5472,#4327,#4328);
#3636=AXIS2_PLACEMENT_3D('',#5477,#4330,#4331);
#3637=AXIS2_PLACEMENT_3D('',#5481,#4333,#4334);
#3638=AXIS2_PLACEMENT_3D('',#5484,#4336,#4337);
#3639=AXIS2_PLACEMENT_3D('',#5485,#4338,#4339);
#3640=AXIS2_PLACEMENT_3D('',#5486,#4340,#4341);
#3641=AXIS2_PLACEMENT_3D('',#5501,#4343,#4344);
#3642=AXIS2_PLACEMENT_3D('',#5507,#4348,#4349);
#3643=AXIS2_PLACEMENT_3D('',#5509,#4351,#4352);
#3644=AXIS2_PLACEMENT_3D('',#5581,#4357,#4358);
#3645=AXIS2_PLACEMENT_3D('',#5582,#4359,#4360);
#3646=AXIS2_PLACEMENT_3D('',#5638,#4366,#4367);
#3647=AXIS2_PLACEMENT_3D('',#5640,#4369,#4370);
#3648=AXIS2_PLACEMENT_3D('',#5641,#4371,#4372);
#3649=AXIS2_PLACEMENT_3D('',#5649,#4376,#4377);
#3650=AXIS2_PLACEMENT_3D('',#5659,#4383,#4384);
#3651=AXIS2_PLACEMENT_3D('',#5678,#4395,#4396);
#3652=AXIS2_PLACEMENT_3D('',#5680,#4398,#4399);
#3653=AXIS2_PLACEMENT_3D('',#5681,#4400,#4401);
#3654=AXIS2_PLACEMENT_3D('',#5683,#4403,#4404);
#3655=AXIS2_PLACEMENT_3D('',#5693,#4410,#4411);
#3656=AXIS2_PLACEMENT_3D('',#5695,#4413,#4414);
#3657=AXIS2_PLACEMENT_3D('',#5698,#4417,#4418);
#3658=AXIS2_PLACEMENT_3D('',#5716,#4428,#4429);
#3659=AXIS2_PLACEMENT_3D('',#5717,#4430,#4431);
#3660=AXIS2_PLACEMENT_3D('',#5718,#4432,#4433);
#3661=AXIS2_PLACEMENT_3D('',#5720,#4434,#4435);
#3662=AXIS2_PLACEMENT_3D('',#5723,#4437,#4438);
#3663=AXIS2_PLACEMENT_3D('',#5724,#4439,#4440);
#3664=AXIS2_PLACEMENT_3D('',#5726,#4441,#4442);
#3665=AXIS2_PLACEMENT_3D('',#5729,#4444,#4445);
#3666=AXIS2_PLACEMENT_3D('',#5730,#4446,#4447);
#3667=AXIS2_PLACEMENT_3D('',#5739,#4452,#4453);
#3668=AXIS2_PLACEMENT_3D('',#5740,#4454,#4455);
#3669=AXIS2_PLACEMENT_3D('',#5741,#4456,#4457);
#3670=AXIS2_PLACEMENT_3D('',#5742,#4458,#4459);
#3671=AXIS2_PLACEMENT_3D('',#5751,#4464,#4465);
#3672=AXIS2_PLACEMENT_3D('',#5753,#4466,#4467);
#3673=AXIS2_PLACEMENT_3D('',#5755,#4468,#4469);
#3674=AXIS2_PLACEMENT_3D('',#5757,#4471,#4472);
#3675=AXIS2_PLACEMENT_3D('',#5763,#4476,#4477);
#3676=AXIS2_PLACEMENT_3D('',#5765,#4478,#4479);
#3677=AXIS2_PLACEMENT_3D('',#5773,#4484,#4485);
#3678=AXIS2_PLACEMENT_3D('',#5774,#4486,#4487);
#3679=AXIS2_PLACEMENT_3D('',#5780,#4491,#4492);
#3680=AXIS2_PLACEMENT_3D('',#5781,#4493,#4494);
#3681=AXIS2_PLACEMENT_3D('',#5787,#4497,#4498);
#3682=AXIS2_PLACEMENT_3D('',#5791,#4501,#4502);
#3683=AXIS2_PLACEMENT_3D('',#5800,#4508,#4509);
#3684=AXIS2_PLACEMENT_3D('',#5808,#4514,#4515);
#3685=AXIS2_PLACEMENT_3D('',#5810,#4517,#4518);
#3686=AXIS2_PLACEMENT_3D('',#5816,#4522,#4523);
#3687=AXIS2_PLACEMENT_3D('',#5820,#4526,#4527);
#3688=AXIS2_PLACEMENT_3D('',#5825,#4531,#4532);
#3689=AXIS2_PLACEMENT_3D('',#5827,#4534,#4535);
#3690=AXIS2_PLACEMENT_3D('',#5830,#4537,#4538);
#3691=AXIS2_PLACEMENT_3D('',#5831,#4539,#4540);
#3692=AXIS2_PLACEMENT_3D('',#5833,#4542,#4543);
#3693=AXIS2_PLACEMENT_3D('',#5834,#4544,#4545);
#3694=AXIS2_PLACEMENT_3D('',#5838,#4549,#4550);
#3695=AXIS2_PLACEMENT_3D('',#5839,#4551,#4552);
#3696=AXIS2_PLACEMENT_3D('',#5840,#4553,#4554);
#3697=AXIS2_PLACEMENT_3D('',#5841,#4555,#4556);
#3698=AXIS2_PLACEMENT_3D('',#5842,#4557,#4558);
#3699=AXIS2_PLACEMENT_3D('',#5844,#4559,#4560);
#3700=AXIS2_PLACEMENT_3D('',#5852,#4565,#4566);
#3701=AXIS2_PLACEMENT_3D('',#5853,#4567,#4568);
#3702=AXIS2_PLACEMENT_3D('',#5855,#4570,#4571);
#3703=AXIS2_PLACEMENT_3D('',#5859,#4574,#4575);
#3704=AXIS2_PLACEMENT_3D('',#5862,#4578,#4579);
#3705=AXIS2_PLACEMENT_3D('',#5864,#4581,#4582);
#3706=AXIS2_PLACEMENT_3D('',#5865,#4583,#4584);
#3707=AXIS2_PLACEMENT_3D('',#5866,#4585,#4586);
#3708=AXIS2_PLACEMENT_3D('',#5867,#4587,#4588);
#3709=AXIS2_PLACEMENT_3D('',#5869,#4590,#4591);
#3710=AXIS2_PLACEMENT_3D('',#5870,#4592,#4593);
#3711=AXIS2_PLACEMENT_3D('',#5871,#4594,#4595);
#3712=AXIS2_PLACEMENT_3D('',#5872,#4596,#4597);
#3713=DIRECTION('axis',(0.,0.,1.));
#3714=DIRECTION('refdir',(1.,0.,0.));
#3715=DIRECTION('axis',(0.,0.,1.));
#3716=DIRECTION('refdir',(1.,0.,0.));
#3717=DIRECTION('center_axis',(1.,0.,0.));
#3718=DIRECTION('ref_axis',(0.,0.,-1.));
#3719=DIRECTION('',(0.,-0.124034734589208,0.992277876713668));
#3720=DIRECTION('',(0.,1.,-2.22044604925031E-16));
#3721=DIRECTION('',(0.,0.,1.));
#3722=DIRECTION('',(0.,-1.,0.));
#3723=DIRECTION('center_axis',(0.,0.,1.));
#3724=DIRECTION('ref_axis',(1.,0.,0.));
#3725=DIRECTION('center_axis',(0.992277876713668,2.7541243638842E-17,0.124034734589209));
#3726=DIRECTION('ref_axis',(0.124034734589209,0.,-0.992277876713668));
#3727=DIRECTION('',(0.,0.,1.));
#3728=DIRECTION('center_axis',(0.,0.,1.));
#3729=DIRECTION('ref_axis',(1.,0.,0.));
#3730=DIRECTION('',(0.,0.,-1.));
#3731=DIRECTION('center_axis',(0.,0.,-1.));
#3732=DIRECTION('ref_axis',(1.,0.,0.));
#3733=DIRECTION('center_axis',(0.,0.,1.));
#3734=DIRECTION('ref_axis',(1.,0.,0.));
#3735=DIRECTION('',(0.,-1.,0.));
#3736=DIRECTION('',(-1.,0.,0.));
#3737=DIRECTION('',(0.,1.,0.));
#3738=DIRECTION('center_axis',(0.,0.,1.));
#3739=DIRECTION('ref_axis',(1.,0.,0.));
#3740=DIRECTION('',(1.,-1.40929601402591E-16,0.));
#3741=DIRECTION('',(0.,-1.,0.));
#3742=DIRECTION('',(0.707106781186545,-0.70710678118655,0.));
#3743=DIRECTION('',(0.384166228646006,-0.923263943175463,0.));
#3744=DIRECTION('',(2.7755575615629E-17,-1.,0.));
#3745=DIRECTION('center_axis',(0.,0.258819045102521,0.965925826289068));
#3746=DIRECTION('ref_axis',(1.,0.,0.));
#3747=DIRECTION('',(0.,-0.965925826289068,0.258819045102521));
#3748=DIRECTION('',(-1.,0.,0.));
#3749=DIRECTION('',(0.,0.965925826289068,-0.258819045102521));
#3750=DIRECTION('',(1.,0.,0.));
#3751=DIRECTION('center_axis',(0.,0.258819045102521,0.965925826289068));
#3752=DIRECTION('ref_axis',(1.,0.,0.));
#3753=DIRECTION('',(0.,0.965925826289068,-0.258819045102521));
#3754=DIRECTION('',(1.,0.,0.));
#3755=DIRECTION('',(0.,-0.965925826289068,0.258819045102521));
#3756=DIRECTION('center_axis',(0.,0.258819045102521,0.965925826289068));
#3757=DIRECTION('ref_axis',(0.,0.965925826289068,-0.258819045102521));
#3758=DIRECTION('center_axis',(0.,0.,1.));
#3759=DIRECTION('ref_axis',(1.,0.,0.));
#3760=DIRECTION('',(0.,-1.,0.));
#3761=DIRECTION('center_axis',(0.,0.,-1.));
#3762=DIRECTION('ref_axis',(1.,0.,0.));
#3763=DIRECTION('',(0.,-1.,0.));
#3764=DIRECTION('',(-0.704360725060498,0.709842214152025,0.));
#3765=DIRECTION('',(0.,1.,0.));
#3766=DIRECTION('',(-1.,0.,0.));
#3767=DIRECTION('center_axis',(1.,0.,0.));
#3768=DIRECTION('ref_axis',(0.,0.,-1.));
#3769=DIRECTION('',(0.,0.124034734589208,-0.992277876713668));
#3770=DIRECTION('',(0.,0.,-1.));
#3771=DIRECTION('',(0.,1.,-2.22044604925031E-16));
#3772=DIRECTION('center_axis',(0.,0.,1.));
#3773=DIRECTION('ref_axis',(1.,0.,0.));
#3774=DIRECTION('',(0.,0.,1.));
#3775=DIRECTION('',(0.,0.,-1.));
#3776=DIRECTION('center_axis',(0.992277876713668,2.7541243638842E-17,0.124034734589209));
#3777=DIRECTION('ref_axis',(0.124034734589209,0.,-0.992277876713668));
#3778=DIRECTION('center_axis',(-0.992277876713668,-2.7541243638842E-17,
-0.124034734589209));
#3779=DIRECTION('ref_axis',(0.,1.,-2.22044604925031E-16));
#3780=DIRECTION('',(0.123091490979333,-0.123091490979333,-0.984731927834662));
#3781=DIRECTION('',(0.123091490979333,0.123091490979332,-0.984731927834662));
#3782=DIRECTION('center_axis',(-0.9211747680513,-0.38329693169754,-0.0672347295442205));
#3783=DIRECTION('ref_axis',(-0.384166228646006,0.923263943175463,-2.05005777503922E-16));
#3784=DIRECTION('',(-0.123091490979333,0.123091490979333,0.984731927834662));
#3785=DIRECTION('',(0.,-0.17277368511627,0.984961549366951));
#3786=DIRECTION('',(0.382574867083404,-0.923617432735828,0.0238182497802238));
#3787=DIRECTION('',(-0.020809568704828,-0.124007875795191,0.992063006361533));
#3788=DIRECTION('center_axis',(-0.70710678118655,-0.707106781186545,-1.10389504049684E-15));
#3789=DIRECTION('ref_axis',(-0.707106781186545,0.70710678118655,-1.57009245868378E-16));
#3790=DIRECTION('',(0.,1.56114333770703E-15,-1.));
#3791=DIRECTION('',(-0.123091490979333,0.123091490979333,0.984731927834662));
#3792=DIRECTION('',(0.,2.22044604925031E-16,1.));
#3793=DIRECTION('',(0.707106781186545,-0.70710678118655,1.57009245868378E-16));
#3794=DIRECTION('',(0.,2.22044604925031E-16,1.));
#3795=DIRECTION('center_axis',(0.,1.,-2.22044604925031E-16));
#3796=DIRECTION('ref_axis',(0.,2.22044604925031E-16,1.));
#3797=DIRECTION('',(0.,2.22044604925031E-16,1.));
#3798=DIRECTION('',(1.,0.,0.));
#3799=DIRECTION('',(0.,2.22044604925031E-16,1.));
#3800=DIRECTION('center_axis',(1.,0.,0.));
#3801=DIRECTION('ref_axis',(0.,-2.22044604925031E-16,-1.));
#3802=DIRECTION('',(0.,-2.22044604925031E-16,-1.));
#3803=DIRECTION('center_axis',(1.,0.,0.));
#3804=DIRECTION('ref_axis',(0.,-0.707106781186548,-0.707106781186547));
#3805=DIRECTION('',(0.,-2.22044604925031E-16,-1.));
#3806=DIRECTION('center_axis',(-1.,0.,0.));
#3807=DIRECTION('ref_axis',(0.,-2.22044604925031E-16,-1.));
#3808=DIRECTION('',(-2.20329949110735E-15,0.124034734589208,0.992277876713668));
#3809=DIRECTION('',(-2.20329949110735E-15,0.124034734589208,0.992277876713668));
#3810=DIRECTION('',(0.,2.22044604925031E-16,1.));
#3811=DIRECTION('',(0.,-1.,2.22044604925031E-16));
#3812=DIRECTION('',(0.,2.22044604925031E-16,1.));
#3813=DIRECTION('',(-2.20329949110735E-15,0.124034734589208,0.992277876713668));
#3814=DIRECTION('center_axis',(0.,-0.992277876713668,0.124034734589208));
#3815=DIRECTION('ref_axis',(-1.,0.,0.));
#3816=DIRECTION('',(-1.10164974555367E-15,0.124034734589208,0.992277876713668));
#3817=DIRECTION('',(-1.,0.,0.));
#3818=DIRECTION('center_axis',(-1.,0.,0.));
#3819=DIRECTION('ref_axis',(0.,2.22044604925031E-16,1.));
#3820=DIRECTION('',(0.,0.124034734589208,-0.992277876713668));
#3821=DIRECTION('',(0.,-1.,2.22044604925031E-16));
#3822=DIRECTION('',(1.68676773461644E-15,1.,-2.22044604925031E-16));
#3823=DIRECTION('',(0.,2.22044604925031E-16,1.));
#3824=DIRECTION('center_axis',(0.707106781186549,0.701646415445622,0.0877058019307026));
#3825=DIRECTION('ref_axis',(0.704360725060498,-0.709842214152025,1.57616634000496E-16));
#3826=DIRECTION('',(0.124034676805354,-0.000965264961106128,-0.992277414442829));
#3827=DIRECTION('',(0.,-0.124034734589208,0.992277876713668));
#3828=DIRECTION('',(-0.124034676805354,0.000965264961106108,0.992277414442829));
#3829=DIRECTION('',(-0.700957072506658,0.711867074753711,-0.0436400089881968));
#3830=DIRECTION('center_axis',(0.,0.42288548188977,-0.906183132267897));
#3831=DIRECTION('ref_axis',(0.,-0.906183132267897,-0.42288548188977));
#3832=DIRECTION('',(0.,-0.906183132267897,-0.42288548188977));
#3833=DIRECTION('',(-1.,0.,0.));
#3834=DIRECTION('',(0.,-0.906183132267897,-0.42288548188977));
#3835=DIRECTION('',(-1.,0.,0.));
#3836=DIRECTION('center_axis',(-1.,0.,0.));
#3837=DIRECTION('ref_axis',(0.,-2.22044604925031E-16,-1.));
#3838=DIRECTION('center_axis',(1.,0.,0.));
#3839=DIRECTION('ref_axis',(0.,-2.22044604925031E-16,-1.));
#3840=DIRECTION('',(1.,0.,0.));
#3841=DIRECTION('center_axis',(1.,0.,0.));
#3842=DIRECTION('ref_axis',(0.,-2.22044604925031E-16,-1.));
#3843=DIRECTION('center_axis',(1.,0.,0.));
#3844=DIRECTION('ref_axis',(0.,-2.22044604925031E-16,-1.));
#3845=DIRECTION('center_axis',(-1.,0.,0.));
#3846=DIRECTION('ref_axis',(0.,2.22044604925031E-16,1.));
#3847=DIRECTION('',(0.,2.22044604925031E-16,1.));
#3848=DIRECTION('',(0.,0.576145985172512,-0.817346807523951));
#3849=DIRECTION('center_axis',(0.,-1.,2.22044604925031E-16));
#3850=DIRECTION('ref_axis',(-1.,0.,0.));
#3851=DIRECTION('',(-1.,0.,0.));
#3852=DIRECTION('',(0.,-2.22044604925031E-16,-1.));
#3853=DIRECTION('',(1.,0.,0.));
#3854=DIRECTION('',(0.,-2.22044604925031E-16,-1.));
#3855=DIRECTION('',(-1.,0.,0.));
#3856=DIRECTION('',(0.,2.22044604925031E-16,1.));
#3857=DIRECTION('',(1.,0.,0.));
#3858=DIRECTION('',(0.,2.22044604925031E-16,1.));
#3859=DIRECTION('',(-1.,0.,0.));
#3860=DIRECTION('',(0.,2.22044604925031E-16,1.));
#3861=DIRECTION('',(1.,0.,0.));
#3862=DIRECTION('',(-1.,0.,0.));
#3863=DIRECTION('',(0.,2.22044604925031E-16,1.));
#3864=DIRECTION('',(1.,0.,0.));
#3865=DIRECTION('',(0.,2.22044604925031E-16,1.));
#3866=DIRECTION('',(-1.,0.,0.));
#3867=DIRECTION('',(0.,2.22044604925031E-16,1.));
#3868=DIRECTION('',(1.,0.,0.));
#3869=DIRECTION('',(0.,2.22044604925031E-16,1.));
#3870=DIRECTION('center_axis',(1.,0.,0.));
#3871=DIRECTION('ref_axis',(0.,2.22044604925031E-16,1.));
#3872=DIRECTION('',(1.,0.,0.));
#3873=DIRECTION('center_axis',(1.,0.,0.));
#3874=DIRECTION('ref_axis',(0.,2.22044604925031E-16,1.));
#3875=DIRECTION('center_axis',(0.,-0.817346807523952,-0.576145985172512));
#3876=DIRECTION('ref_axis',(0.,0.576145985172512,-0.817346807523951));
#3877=DIRECTION('',(0.,-0.576145985172512,0.817346807523951));
#3878=DIRECTION('',(1.,0.,0.));
#3879=DIRECTION('',(0.,0.576145985172512,-0.817346807523951));
#3880=DIRECTION('center_axis',(-1.40929601402591E-16,-1.,2.22044604925031E-16));
#3881=DIRECTION('ref_axis',(1.,-1.40929601402591E-16,3.12926576656805E-32));
#3882=DIRECTION('',(1.,-1.40929601402591E-16,3.12926576656805E-32));
#3883=DIRECTION('',(0.,2.22044604925031E-16,1.));
#3884=DIRECTION('',(1.,-1.40929601402591E-16,3.12926576656805E-32));
#3885=DIRECTION('',(0.,2.22044604925031E-16,1.));
#3886=DIRECTION('center_axis',(1.,0.,0.));
#3887=DIRECTION('ref_axis',(0.,1.,-2.22044604925031E-16));
#3888=DIRECTION('',(0.,1.,-2.22044604925031E-16));
#3889=DIRECTION('',(0.,1.,-2.22044604925031E-16));
#3890=DIRECTION('',(0.,2.22044604925031E-16,1.));
#3891=DIRECTION('center_axis',(0.,1.,-2.22044604925031E-16));
#3892=DIRECTION('ref_axis',(-1.,0.,0.));
#3893=DIRECTION('',(-1.,0.,0.));
#3894=DIRECTION('',(-1.,0.,0.));
#3895=DIRECTION('',(0.,2.22044604925031E-16,1.));
#3896=DIRECTION('center_axis',(-1.,0.,0.));
#3897=DIRECTION('ref_axis',(0.,-1.,2.22044604925031E-16));
#3898=DIRECTION('',(0.,-1.,2.22044604925031E-16));
#3899=DIRECTION('',(0.,-1.,2.22044604925031E-16));
#3900=DIRECTION('center_axis',(0.,1.,-2.22044604925031E-16));
#3901=DIRECTION('ref_axis',(-1.,0.,0.));
#3902=DIRECTION('',(-1.,0.,0.));
#3903=DIRECTION('center_axis',(0.,-1.,2.22044604925031E-16));
#3904=DIRECTION('ref_axis',(1.,0.,0.));
#3905=DIRECTION('',(1.,0.,0.));
#3906=DIRECTION('',(1.,0.,0.));
#3907=DIRECTION('center_axis',(0.,2.22044604925031E-16,1.));
#3908=DIRECTION('ref_axis',(0.,-1.,2.22044604925031E-16));
#3909=DIRECTION('',(0.,1.,-2.22044604925031E-16));
#3910=DIRECTION('',(-1.,0.,0.));
#3911=DIRECTION('',(0.,-1.,2.22044604925031E-16));
#3912=DIRECTION('center_axis',(0.,0.8173468105653,-0.576145980857917));
#3913=DIRECTION('ref_axis',(0.,0.576145980857917,0.8173468105653));
#3914=DIRECTION('',(0.,-0.576145980857917,-0.8173468105653));
#3915=DIRECTION('',(-1.,0.,0.));
#3916=DIRECTION('',(0.,0.576145980857917,0.8173468105653));
#3917=DIRECTION('',(1.,0.,0.));
#3918=DIRECTION('center_axis',(1.,0.,0.));
#3919=DIRECTION('ref_axis',(0.,-9.43842238843737E-9,-1.));
#3920=DIRECTION('center_axis',(-1.,0.,0.));
#3921=DIRECTION('ref_axis',(0.,2.22044604925031E-16,1.));
#3922=DIRECTION('center_axis',(1.,0.,0.));
#3923=DIRECTION('ref_axis',(0.,2.22044604925031E-16,1.));
#3924=DIRECTION('center_axis',(-1.,0.,0.));
#3925=DIRECTION('ref_axis',(0.,-2.22044604925031E-16,-1.));
#3926=DIRECTION('',(0.,-2.22044604925031E-16,-1.));
#3927=DIRECTION('center_axis',(-1.,0.,0.));
#3928=DIRECTION('ref_axis',(0.,2.22044604925031E-16,1.));
#3929=DIRECTION('center_axis',(1.,0.,0.));
#3930=DIRECTION('ref_axis',(0.,2.22044604925031E-16,1.));
#3931=DIRECTION('center_axis',(1.,0.,0.));
#3932=DIRECTION('ref_axis',(0.,2.22044604925031E-16,1.));
#3933=DIRECTION('',(-1.,0.,0.));
#3934=DIRECTION('center_axis',(1.,0.,0.));
#3935=DIRECTION('ref_axis',(0.,2.22044604925031E-16,1.));
#3936=DIRECTION('center_axis',(-1.,0.,0.));
#3937=DIRECTION('ref_axis',(0.,2.22044604925031E-16,1.));
#3938=DIRECTION('center_axis',(-1.,0.,0.));
#3939=DIRECTION('ref_axis',(0.,2.22044604925031E-16,1.));
#3940=DIRECTION('center_axis',(-1.,0.,0.));
#3941=DIRECTION('ref_axis',(0.,2.22044604925031E-16,1.));
#3942=DIRECTION('',(-1.,0.,0.));
#3943=DIRECTION('center_axis',(-1.,0.,0.));
#3944=DIRECTION('ref_axis',(0.,2.22044604925031E-16,1.));
#3945=DIRECTION('',(1.,0.,0.));
#3946=DIRECTION('center_axis',(1.,0.,0.));
#3947=DIRECTION('ref_axis',(0.,2.22044604925031E-16,1.));
#3948=DIRECTION('',(0.,2.22044604925031E-16,1.));
#3949=DIRECTION('center_axis',(-1.,0.,0.));
#3950=DIRECTION('ref_axis',(0.,-2.22044604925031E-16,-1.));
#3951=DIRECTION('center_axis',(1.,0.,0.));
#3952=DIRECTION('ref_axis',(0.,-0.707106781186548,-0.707106781186547));
#3953=DIRECTION('',(0.,-1.,7.40148712494302E-17));
#3954=DIRECTION('center_axis',(-1.,0.,0.));
#3955=DIRECTION('ref_axis',(0.,2.22044604925031E-16,1.));
#3956=DIRECTION('',(0.,2.22044604925031E-16,1.));
#3957=DIRECTION('',(0.,-1.,2.22044604925031E-16));
#3958=DIRECTION('',(0.,-2.22044604925031E-16,-1.));
#3959=DIRECTION('center_axis',(-1.,0.,0.));
#3960=DIRECTION('ref_axis',(0.,2.22044604925031E-16,1.));
#3961=DIRECTION('center_axis',(-1.,0.,0.));
#3962=DIRECTION('ref_axis',(0.,-2.22044604925031E-16,-1.));
#3963=DIRECTION('center_axis',(-1.,0.,0.));
#3964=DIRECTION('ref_axis',(0.,-2.22044604925031E-16,-1.));
#3965=DIRECTION('',(1.,0.,0.));
#3966=DIRECTION('',(1.,0.,0.));
#3967=DIRECTION('center_axis',(-1.,0.,0.));
#3968=DIRECTION('ref_axis',(0.,2.82412128161533E-9,-1.));
#3969=DIRECTION('center_axis',(-1.,0.,0.));
#3970=DIRECTION('ref_axis',(0.,2.22044604925031E-16,1.));
#3971=DIRECTION('',(-1.,0.,0.));
#3972=DIRECTION('center_axis',(1.,0.,0.));
#3973=DIRECTION('ref_axis',(0.,2.22044604925031E-16,1.));
#3974=DIRECTION('',(-1.,0.,0.));
#3975=DIRECTION('center_axis',(0.,1.,-2.22044604925031E-16));
#3976=DIRECTION('ref_axis',(0.,2.22044604925031E-16,1.));
#3977=DIRECTION('',(0.,-2.22044604925031E-16,-1.));
#3978=DIRECTION('',(1.,0.,0.));
#3979=DIRECTION('',(1.,0.,0.));
#3980=DIRECTION('center_axis',(0.,-1.,2.22044604925031E-16));
#3981=DIRECTION('ref_axis',(0.,-2.22044604925031E-16,-1.));
#3982=DIRECTION('',(0.,2.22044604925031E-16,1.));
#3983=DIRECTION('',(1.,0.,0.));
#3984=DIRECTION('',(1.,0.,0.));
#3985=DIRECTION('center_axis',(-1.,0.,0.));
#3986=DIRECTION('ref_axis',(0.,-0.707106781186548,-0.707106781186547));
#3987=DIRECTION('center_axis',(-1.,0.,0.));
#3988=DIRECTION('ref_axis',(0.,-0.707106781186548,-0.707106781186547));
#3989=DIRECTION('center_axis',(-1.,0.,0.));
#3990=DIRECTION('ref_axis',(0.,-2.22044604925031E-16,-1.));
#3991=DIRECTION('',(0.,-1.,2.22044604925031E-16));
#3992=DIRECTION('',(0.,-2.22044604925031E-16,-1.));
#3993=DIRECTION('',(0.,1.,-2.22044604925031E-16));
#3994=DIRECTION('center_axis',(-1.,0.,0.));
#3995=DIRECTION('ref_axis',(0.,2.22044604925031E-16,1.));
#3996=DIRECTION('center_axis',(-1.,0.,0.));
#3997=DIRECTION('ref_axis',(0.,2.22044604925031E-16,1.));
#3998=DIRECTION('center_axis',(0.,2.22044604925031E-16,1.));
#3999=DIRECTION('ref_axis',(0.,-1.,2.22044604925031E-16));
#4000=DIRECTION('',(0.,-1.,2.22044604925031E-16));
#4001=DIRECTION('',(-1.,0.,0.));
#4002=DIRECTION('center_axis',(-1.,0.,0.));
#4003=DIRECTION('ref_axis',(0.,-0.707106781186548,-0.707106781186547));
#4004=DIRECTION('',(-1.,0.,0.));
#4005=DIRECTION('center_axis',(-1.,0.,0.));
#4006=DIRECTION('ref_axis',(0.,-0.707106781186548,-0.707106781186547));
#4007=DIRECTION('center_axis',(-1.,0.,0.));
#4008=DIRECTION('ref_axis',(0.,-2.22044604925031E-16,-1.));
#4009=DIRECTION('',(-1.,0.,0.));
#4010=DIRECTION('',(1.,0.,0.));
#4011=DIRECTION('center_axis',(-1.,0.,0.));
#4012=DIRECTION('ref_axis',(0.,-0.707106781186548,-0.707106781186547));
#4013=DIRECTION('center_axis',(-1.,0.,0.));
#4014=DIRECTION('ref_axis',(0.,-2.22044604925031E-16,-1.));
#4015=DIRECTION('',(0.,-2.22044604925031E-16,-1.));
#4016=DIRECTION('center_axis',(-1.,0.,0.));
#4017=DIRECTION('ref_axis',(0.,-2.22044604925031E-16,-1.));
#4018=DIRECTION('',(0.,1.,-1.49011617267547E-8));
#4019=DIRECTION('center_axis',(1.,0.,0.));
#4020=DIRECTION('ref_axis',(0.,-2.22044604925031E-16,-1.));
#4021=DIRECTION('center_axis',(1.,0.,0.));
#4022=DIRECTION('ref_axis',(0.,2.22044604925031E-16,1.));
#4023=DIRECTION('center_axis',(1.,0.,0.));
#4024=DIRECTION('ref_axis',(0.,-2.22044604925031E-16,-1.));
#4025=DIRECTION('center_axis',(0.,7.40148712494302E-17,1.));
#4026=DIRECTION('ref_axis',(0.,-1.,7.40148712494302E-17));
#4027=DIRECTION('',(0.,1.,-7.40148712494302E-17));
#4028=DIRECTION('center_axis',(-1.,0.,0.));
#4029=DIRECTION('ref_axis',(0.,1.,-2.22044604925031E-16));
#4030=DIRECTION('',(0.,2.22044604925031E-16,1.));
#4031=DIRECTION('center_axis',(0.,1.49011617267547E-8,1.));
#4032=DIRECTION('ref_axis',(0.,1.,-1.49011617267547E-8));
#4033=DIRECTION('',(0.,-1.,1.49011617267547E-8));
#4034=DIRECTION('',(-1.,0.,0.));
#4035=DIRECTION('center_axis',(1.,0.,0.));
#4036=DIRECTION('ref_axis',(0.,-2.22044604925031E-16,-1.));
#4037=DIRECTION('center_axis',(1.,0.,0.));
#4038=DIRECTION('ref_axis',(0.,-2.22044604925031E-16,-1.));
#4039=DIRECTION('',(-1.,0.,0.));
#4040=DIRECTION('center_axis',(1.,0.,0.));
#4041=DIRECTION('ref_axis',(0.,2.22044604925031E-16,1.));
#4042=DIRECTION('',(0.,-2.22044604925031E-16,-1.));
#4043=DIRECTION('center_axis',(-1.,0.,0.));
#4044=DIRECTION('ref_axis',(0.,2.22044604925031E-16,1.));
#4045=DIRECTION('center_axis',(1.,0.,0.));
#4046=DIRECTION('ref_axis',(0.,2.22044604925031E-16,1.));
#4047=DIRECTION('center_axis',(0.,1.,-2.22044604925031E-16));
#4048=DIRECTION('ref_axis',(1.,0.,0.));
#4049=DIRECTION('',(0.,2.22044604925031E-16,1.));
#4050=DIRECTION('center_axis',(0.,-0.992277876713668,0.124034734589208));
#4051=DIRECTION('ref_axis',(-1.,0.,0.));
#4052=DIRECTION('',(-1.10164974555367E-15,0.124034734589208,0.992277876713668));
#4053=DIRECTION('center_axis',(0.,0.992277876713668,-0.124034734589208));
#4054=DIRECTION('ref_axis',(1.,0.,0.));
#4055=DIRECTION('center_axis',(0.992277876713668,2.7541243638842E-17,0.124034734589209));
#4056=DIRECTION('ref_axis',(0.,-1.,2.22044604925031E-16));
#4057=DIRECTION('',(0.123091490979333,0.123091490979332,-0.984731927834662));
#4058=DIRECTION('',(0.123091490979333,0.123091490979332,-0.984731927834662));
#4059=DIRECTION('',(0.,1.,-2.22044604925031E-16));
#4060=DIRECTION('center_axis',(-1.39841325645867E-16,-0.992277876713668,
-0.124034734589208));
#4061=DIRECTION('ref_axis',(-1.,1.40929601402591E-16,-3.12926576656805E-32));
#4062=DIRECTION('',(-0.998037497205549,0.00776694591169033,-0.0621355672935217));
#4063=DIRECTION('',(0.123091490979333,0.123091490979332,-0.984731927834662));
#4064=DIRECTION('center_axis',(-1.,0.,0.));
#4065=DIRECTION('ref_axis',(0.,2.22044604925031E-16,1.));
#4066=DIRECTION('center_axis',(1.,0.,0.));
#4067=DIRECTION('ref_axis',(0.,-2.22044604925031E-16,-1.));
#4068=DIRECTION('center_axis',(1.,0.,0.));
#4069=DIRECTION('ref_axis',(0.,-2.22044604925031E-16,-1.));
#4070=DIRECTION('center_axis',(0.062137441556313,-2.21615526396233E-16,
-0.998067602097591));
#4071=DIRECTION('ref_axis',(0.,1.,-2.22044604925031E-16));
#4072=DIRECTION('',(0.,1.,-2.22044604925031E-16));
#4073=DIRECTION('center_axis',(-0.992277876713668,-2.7541243638842E-17,
-0.124034734589209));
#4074=DIRECTION('ref_axis',(0.,1.,-2.22044604925031E-16));
#4075=DIRECTION('center_axis',(0.,0.992277876713668,0.124034734589208));
#4076=DIRECTION('ref_axis',(1.,0.,0.));
#4077=DIRECTION('center_axis',(1.,0.,0.));
#4078=DIRECTION('ref_axis',(0.,2.22044604925031E-16,1.));
#4079=DIRECTION('',(1.,0.,0.));
#4080=DIRECTION('center_axis',(-1.,0.,0.));
#4081=DIRECTION('ref_axis',(0.,-2.22044604925031E-16,-1.));
#4082=DIRECTION('',(-1.,0.,0.));
#4083=DIRECTION('center_axis',(1.,0.,0.));
#4084=DIRECTION('ref_axis',(0.,-1.,2.22044604925031E-16));
#4085=DIRECTION('',(0.,-2.22044604925031E-16,-1.));
#4086=DIRECTION('center_axis',(-1.,0.,0.));
#4087=DIRECTION('ref_axis',(0.,2.22044604925031E-16,1.));
#4088=DIRECTION('',(0.,-0.576145980857917,-0.8173468105653));
#4089=DIRECTION('center_axis',(-1.,0.,0.));
#4090=DIRECTION('ref_axis',(0.,2.22044604925031E-16,1.));
#4091=DIRECTION('',(0.,-0.576145985172512,0.817346807523951));
#4092=DIRECTION('center_axis',(-1.,0.,0.));
#4093=DIRECTION('ref_axis',(0.,2.22044604925031E-16,1.));
#4094=DIRECTION('center_axis',(0.,1.,-2.22044604925031E-16));
#4095=DIRECTION('ref_axis',(1.,0.,0.));
#4096=DIRECTION('',(0.,-2.22044604925031E-16,-1.));
#4097=DIRECTION('',(-1.,0.,0.));
#4098=DIRECTION('center_axis',(0.,-0.817346807523952,-0.576145985172512));
#4099=DIRECTION('ref_axis',(0.,0.576145985172512,-0.817346807523951));
#4100=DIRECTION('',(0.,0.576145985172512,-0.817346807523951));
#4101=DIRECTION('',(1.,0.,0.));
#4102=DIRECTION('',(1.,0.,0.));
#4103=DIRECTION('center_axis',(0.,0.8173468105653,-0.576145980857917));
#4104=DIRECTION('ref_axis',(0.,0.576145980857917,0.8173468105653));
#4105=DIRECTION('',(0.,0.576145980857917,0.8173468105653));
#4106=DIRECTION('',(1.,0.,0.));
#4107=DIRECTION('',(-1.,0.,0.));
#4108=DIRECTION('center_axis',(1.,0.,0.));
#4109=DIRECTION('ref_axis',(0.,-9.43842238843737E-9,-1.));
#4110=DIRECTION('center_axis',(1.,0.,0.));
#4111=DIRECTION('ref_axis',(0.,2.22044604925031E-16,1.));
#4112=DIRECTION('center_axis',(1.,0.,0.));
#4113=DIRECTION('ref_axis',(0.,2.22044604925031E-16,1.));
#4114=DIRECTION('center_axis',(-1.,0.,0.));
#4115=DIRECTION('ref_axis',(0.,2.22044604925031E-16,1.));
#4116=DIRECTION('center_axis',(1.,0.,0.));
#4117=DIRECTION('ref_axis',(0.,2.22044604925031E-16,1.));
#4118=DIRECTION('center_axis',(-1.,0.,0.));
#4119=DIRECTION('ref_axis',(0.,2.22044604925031E-16,1.));
#4120=DIRECTION('center_axis',(1.,0.,0.));
#4121=DIRECTION('ref_axis',(0.,2.22044604925031E-16,1.));
#4122=DIRECTION('axis',(0.,0.,1.));
#4123=DIRECTION('refdir',(1.,0.,0.));
#4124=DIRECTION('center_axis',(0.,1.,0.));
#4125=DIRECTION('ref_axis',(0.70710678118654,0.,0.707106781186555));
#4126=DIRECTION('center_axis',(0.,-0.992566817951393,-0.121700911672207));
#4127=DIRECTION('ref_axis',(-2.06619475269105E-15,-0.121700911672207,0.992566817951393));
#4128=DIRECTION('',(0.,1.,0.));
#4129=DIRECTION('center_axis',(1.62811726038521E-16,0.993255658847342,-0.11594479793304));
#4130=DIRECTION('ref_axis',(-1.11996554088204E-15,0.11594479793304,0.993255658847342));
#4131=DIRECTION('',(0.,-1.,0.));
#4132=DIRECTION('center_axis',(-1.,0.,0.));
#4133=DIRECTION('ref_axis',(0.,0.,1.));
#4134=DIRECTION('',(0.,-0.121700911672207,0.992566817951393));
#4135=DIRECTION('',(0.,-1.,0.));
#4136=DIRECTION('',(0.,-0.11594479793304,-0.993255658847342));
#4137=DIRECTION('center_axis',(0.,-1.,0.));
#4138=DIRECTION('ref_axis',(0.70710678118654,0.,-0.707106781186555));
#4139=DIRECTION('center_axis',(1.62811726038521E-16,0.993255658847342,-0.11594479793304));
#4140=DIRECTION('ref_axis',(-1.11996554088204E-15,-0.11594479793304,-0.993255658847342));
#4141=DIRECTION('center_axis',(0.,-0.992566817951393,-0.121700911672207));
#4142=DIRECTION('ref_axis',(-2.06619475269105E-15,0.121700911672207,-0.992566817951393));
#4143=DIRECTION('',(0.,1.,0.));
#4144=DIRECTION('center_axis',(0.,1.,0.));
#4145=DIRECTION('ref_axis',(-0.70710678118654,0.,-0.707106781186555));
#4146=DIRECTION('center_axis',(0.,-0.992566817951393,-0.121700911672207));
#4147=DIRECTION('ref_axis',(2.06619475269105E-15,0.121700911672207,-0.992566817951393));
#4148=DIRECTION('',(0.,1.,0.));
#4149=DIRECTION('center_axis',(1.62811726038521E-16,0.993255658847342,-0.11594479793304));
#4150=DIRECTION('ref_axis',(1.11996554088204E-15,-0.11594479793304,-0.993255658847342));
#4151=DIRECTION('',(0.,-1.,0.));
#4152=DIRECTION('center_axis',(1.,0.,0.));
#4153=DIRECTION('ref_axis',(0.,0.,-1.));
#4154=DIRECTION('',(0.,0.121700911672207,-0.992566817951393));
#4155=DIRECTION('',(0.,-1.,0.));
#4156=DIRECTION('',(0.,0.11594479793304,0.993255658847342));
#4157=DIRECTION('center_axis',(0.,-1.,0.));
#4158=DIRECTION('ref_axis',(-0.70710678118654,0.,0.707106781186555));
#4159=DIRECTION('center_axis',(1.62811726038521E-16,0.993255658847342,-0.11594479793304));
#4160=DIRECTION('ref_axis',(1.11996554088204E-15,0.11594479793304,0.993255658847342));
#4161=DIRECTION('center_axis',(0.,-0.992566817951393,-0.121700911672207));
#4162=DIRECTION('ref_axis',(2.06619475269105E-15,-0.121700911672207,0.992566817951393));
#4163=DIRECTION('',(0.,1.,0.));
#4164=DIRECTION('center_axis',(0.,0.,1.));
#4165=DIRECTION('ref_axis',(1.,0.,0.));
#4166=DIRECTION('',(-1.,0.,0.));
#4167=DIRECTION('',(-0.0282978837099258,-0.999599534702543,0.));
#4168=DIRECTION('',(-1.,0.,0.));
#4169=DIRECTION('',(-0.0134419825558309,-0.999909652471146,0.));
#4170=DIRECTION('',(2.59197264094976E-17,-1.,0.));
#4171=DIRECTION('',(1.,-1.63917239824701E-16,0.));
#4172=DIRECTION('center_axis',(0.,0.,1.));
#4173=DIRECTION('ref_axis',(1.,0.,0.));
#4174=DIRECTION('',(-1.,1.63917239824701E-16,0.));
#4175=DIRECTION('',(-2.59197264094976E-17,1.,0.));
#4176=DIRECTION('',(0.0134419825558309,0.999909652471146,0.));
#4177=DIRECTION('',(1.,0.,0.));
#4178=DIRECTION('',(0.0282978837099258,0.999599534702543,0.));
#4179=DIRECTION('',(1.,0.,0.));
#4180=DIRECTION('center_axis',(0.,-0.992566817951393,-0.121700911672207));
#4181=DIRECTION('ref_axis',(-1.,0.,0.));
#4182=DIRECTION('',(-0.226564235253043,-0.118536228609672,0.966756334249328));
#4183=DIRECTION('',(1.,-1.22464679914735E-16,2.71926214689378E-32));
#4184=DIRECTION('',(-0.115807241644211,0.120882072210066,-0.985888537006572));
#4185=DIRECTION('',(1.,0.,0.));
#4186=DIRECTION('',(-1.,0.,0.));
#4187=DIRECTION('',(-0.115807241644211,0.120882072210066,-0.985888537006572));
#4188=DIRECTION('center_axis',(0.,-0.992566817951393,-0.121700911672207));
#4189=DIRECTION('ref_axis',(-4.19270940445397E-17,-0.121700911672207,0.992566817951393));
#4190=DIRECTION('',(-0.226564235253043,-0.118536228609672,0.966756334249328));
#4191=DIRECTION('center_axis',(0.973996225508192,-0.0275730739826118,0.224880142046704));
#4192=DIRECTION('ref_axis',(-0.226564235253043,-0.118536228609672,0.966756334249328));
#4193=DIRECTION('',(-0.226564235253043,-0.118536228609672,0.966756334249328));
#4194=DIRECTION('',(0.00134848988096137,0.993254753776811,0.115944709559377));
#4195=DIRECTION('center_axis',(0.973996225508192,-0.0275730739826118,0.224880142046704));
#4196=DIRECTION('ref_axis',(-0.226564235253043,-0.118536228609672,0.966756334249328));
#4197=DIRECTION('center_axis',(0.973996225508192,-0.0275730739826118,0.224880142046704));
#4198=DIRECTION('ref_axis',(0.0268662848010046,0.999619790515949,0.00620299523149026));
#4199=DIRECTION('',(0.224965676130355,-2.93855630700347E-16,-0.974366688964279));
#4200=DIRECTION('',(0.,-0.992566817951393,-0.121700911672207));
#4201=DIRECTION('',(-0.226564235253043,-0.118536228609672,0.966756334249328));
#4202=DIRECTION('',(-0.225895740412429,-0.112947814636252,0.967581472348667));
#4203=DIRECTION('',(-0.0135332388144422,0.993164696024571,0.115934196929171));
#4204=DIRECTION('center_axis',(0.993255659842183,2.57449149577944E-17,0.115944789410608));
#4205=DIRECTION('ref_axis',(0.,-1.,2.22044604925031E-16));
#4206=DIRECTION('',(0.115173225689867,-0.115173234270943,-0.986645961929487));
#4207=DIRECTION('',(0.,-1.,2.22044604925031E-16));
#4208=DIRECTION('',(-0.0135332388144422,0.993164696024571,0.115934196929171));
#4209=DIRECTION('',(-0.013533238814444,0.99316469602457,0.115934196929186));
#4210=DIRECTION('',(-0.115944752983191,0.000792690278850344,0.993255347782124));
#4211=DIRECTION('',(-0.115173225462213,-0.115173251205434,0.986645959979263));
#4212=DIRECTION('center_axis',(0.,0.99325565685766,0.115944814977897));
#4213=DIRECTION('ref_axis',(1.,0.,0.));
#4214=DIRECTION('',(-0.115173225462213,-0.115173251205434,0.986645959979262));
#4215=DIRECTION('center_axis',(0.993345422366576,-0.0133537383166239,0.114396457708886));
#4216=DIRECTION('ref_axis',(-0.115173225462213,-0.115173251205434,0.986645959979263));
#4217=DIRECTION('',(0.,-0.99325565685766,-0.115944814977897));
#4218=DIRECTION('center_axis',(0.,0.,1.));
#4219=DIRECTION('ref_axis',(1.,0.,0.));
#4220=DIRECTION('',(0.0141878885757245,-0.999899346843353,0.));
#4221=DIRECTION('',(-1.,0.,0.));
#4222=DIRECTION('',(-5.18394605436772E-17,-1.,0.));
#4223=DIRECTION('',(-1.,1.63917239824701E-16,0.));
#4224=DIRECTION('center_axis',(0.,0.,1.));
#4225=DIRECTION('ref_axis',(1.,0.,0.));
#4226=DIRECTION('',(1.,-1.63917239824701E-16,0.));
#4227=DIRECTION('',(5.18394605436772E-17,1.,0.));
#4228=DIRECTION('',(1.,0.,0.));
#4229=DIRECTION('',(-0.0141878885757245,0.999899346843353,0.));
#4230=DIRECTION('center_axis',(1.62811726038521E-16,0.993255658847342,-0.11594479793304));
#4231=DIRECTION('ref_axis',(1.,-1.63917239824701E-16,3.63969387572774E-32));
#4232=DIRECTION('',(0.115173225689867,-0.115173234270943,-0.986645961929487));
#4233=DIRECTION('',(1.,-3.44509284839767E-16,-1.54706441213187E-15));
#4234=DIRECTION('',(-0.225895617460531,-0.112947800314998,-0.967581502725289));
#4235=DIRECTION('',(-0.225895617460531,-0.112947800314998,-0.967581502725289));
#4236=DIRECTION('',(-1.,1.22464679914735E-16,-2.71926214689378E-32));
#4237=DIRECTION('center_axis',(-0.993271706424158,-0.0140938468863441,0.114946425334523));
#4238=DIRECTION('ref_axis',(-0.115807241644211,0.120882072210066,-0.985888537006572));
#4239=DIRECTION('',(0.000675898619957948,-0.993255429978701,-0.115944788493841));
#4240=DIRECTION('',(0.115807241644211,-0.120882072210066,0.985888537006572));
#4241=DIRECTION('center_axis',(-0.973813007034294,5.0481940955074E-17,0.227350450474211));
#4242=DIRECTION('ref_axis',(0.,1.,-2.22044604925031E-16));
#4243=DIRECTION('',(-0.227350381814493,-0.000777173636864568,-0.973812712943275));
#4244=DIRECTION('',(-0.0270590489415026,-0.992891963284749,-0.115902360264739));
#4245=DIRECTION('',(-0.0270590489414991,-0.992891963284751,-0.115902360264724));
#4246=DIRECTION('',(-1.22464679914735E-16,-1.,2.22044604925031E-16));
#4247=DIRECTION('center_axis',(-0.973813007034294,5.0481940955074E-17,0.227350450474211));
#4248=DIRECTION('ref_axis',(0.,1.,-2.22044604925031E-16));
#4249=DIRECTION('',(-0.227350450474211,-1.37905583316917E-16,-0.973813007034294));
#4250=DIRECTION('',(-0.162879561580888,-0.697664048242139,-0.697664048242138));
#4251=DIRECTION('',(-0.225895617460531,-0.112947800314998,-0.967581502725289));
#4252=DIRECTION('',(0.,1.,-2.22044604925031E-16));
#4253=DIRECTION('',(-0.22589561703111,0.112947816930823,-0.967581500885944));
#4254=DIRECTION('',(-0.227350381814493,-0.000777173636864568,-0.973812712943275));
#4255=DIRECTION('',(-0.0270590489414991,-0.992891963284751,-0.115902360264724));
#4256=DIRECTION('',(0.115173111549696,-0.115173253778884,0.986645972976095));
#4257=DIRECTION('center_axis',(0.,-0.999999681539893,0.000798072749550394));
#4258=DIRECTION('ref_axis',(-1.,0.,0.));
#4259=DIRECTION('',(0.117513598020577,0.000792543121753448,0.993070957261191));
#4260=DIRECTION('',(1.,6.53316654993906E-32,-5.59671826131875E-31));
#4261=DIRECTION('center_axis',(0.,-0.999999681539893,0.000798072749550394));
#4262=DIRECTION('ref_axis',(-1.,0.,0.));
#4263=DIRECTION('',(-0.230305406940388,0.000776619276763366,0.973118089646124));
#4264=DIRECTION('',(1.,0.,0.));
#4265=DIRECTION('',(0.117513598020577,0.000792543121753448,0.993070957261191));
#4266=DIRECTION('',(0.,0.99325565685766,0.115944814977897));
#4267=DIRECTION('',(0.115173111549696,-0.115173253778884,0.986645972976095));
#4268=DIRECTION('',(0.115173111549696,-0.115173253778884,0.986645972976095));
#4269=DIRECTION('center_axis',(0.,0.422618261740699,-0.90630778703665));
#4270=DIRECTION('ref_axis',(0.,-0.90630778703665,-0.422618261740699));
#4271=DIRECTION('',(-1.10990693043675E-16,-0.90630778703665,-0.422618261740699));
#4272=DIRECTION('',(-1.,0.,0.));
#4273=DIRECTION('',(0.,-0.90630778703665,-0.422618261740699));
#4274=DIRECTION('',(-1.,1.22464679914735E-16,5.71062180977416E-17));
#4275=DIRECTION('center_axis',(-1.,0.,0.));
#4276=DIRECTION('ref_axis',(0.,-2.22044604925031E-16,-1.));
#4277=DIRECTION('center_axis',(1.,-1.22464679914735E-16,2.71926214689378E-32));
#4278=DIRECTION('ref_axis',(0.,-2.22044604925031E-16,-1.));
#4279=DIRECTION('',(1.,0.,0.));
#4280=DIRECTION('center_axis',(1.,0.,0.));
#4281=DIRECTION('ref_axis',(0.,-2.22044604925031E-16,-1.));
#4282=DIRECTION('center_axis',(1.,0.,0.));
#4283=DIRECTION('ref_axis',(0.,-2.22044604925031E-16,-1.));
#4284=DIRECTION('center_axis',(-1.,0.,0.));
#4285=DIRECTION('ref_axis',(0.,2.22044604925031E-16,1.));
#4286=DIRECTION('',(0.,2.22044604925031E-16,1.));
#4287=DIRECTION('',(0.,0.576145984672736,-0.817346807876243));
#4288=DIRECTION('center_axis',(-1.22464679914735E-16,-1.,2.22044604925031E-16));
#4289=DIRECTION('ref_axis',(-1.,1.22464679914735E-16,-2.71926214689378E-32));
#4290=DIRECTION('',(1.,-1.22464679914735E-16,2.71926214689378E-32));
#4291=DIRECTION('',(0.,-2.22044604925031E-16,-1.));
#4292=DIRECTION('',(-1.,1.22464679914735E-16,-2.71926214689378E-32));
#4293=DIRECTION('',(0.,-2.22044604925031E-16,-1.));
#4294=DIRECTION('center_axis',(-1.,1.22464679914735E-16,-2.71926214689378E-32));
#4295=DIRECTION('ref_axis',(0.,2.22044604925031E-16,1.));
#4296=DIRECTION('',(1.,-1.22464679914735E-16,2.71926214689378E-32));
#4297=DIRECTION('center_axis',(1.,-1.22464679914735E-16,2.71926214689378E-32));
#4298=DIRECTION('ref_axis',(0.,2.22044604925031E-16,1.));
#4299=DIRECTION('center_axis',(-1.00096115205895E-16,-0.817346807876243,
-0.576145984672736));
#4300=DIRECTION('ref_axis',(-7.05575335971066E-17,-0.576145984672736,0.817346807876243));
#4301=DIRECTION('',(-7.05575335971066E-17,-0.576145984672736,0.817346807876243));
#4302=DIRECTION('',(-1.,1.22464679914735E-16,-2.71926214689378E-32));
#4303=DIRECTION('',(7.05575335971066E-17,0.576145984672736,-0.817346807876243));
#4304=DIRECTION('center_axis',(-0.993271706424158,-0.0140938468863441,0.114946425334523));
#4305=DIRECTION('ref_axis',(-0.115807241644211,0.120882072210066,-0.985888537006572));
#4306=DIRECTION('',(0.115807241644211,-0.120882072210066,0.985888537006572));
#4307=DIRECTION('',(0.114957843314532,1.80968487217186E-16,0.993370371140831));
#4308=DIRECTION('center_axis',(-0.993271706424158,-0.0140938468863441,0.114946425334523));
#4309=DIRECTION('ref_axis',(-0.0140004099122897,0.999900676807424,0.00162019824205918));
#4310=DIRECTION('center_axis',(0.974185977397165,0.0274736085462856,-0.224068923048638));
#4311=DIRECTION('ref_axis',(0.225746941159191,-0.118559321587551,0.966944675677967));
#4312=DIRECTION('',(-0.224153534468308,-1.39171449202157E-16,-0.974553843040683));
#4313=DIRECTION('',(0.00134336371826093,-0.993254760629725,-0.115944710359332));
#4314=DIRECTION('',(0.,-0.992566817951393,-0.121700911672207));
#4315=DIRECTION('center_axis',(-1.91038643697999E-15,-0.121700911672207,
0.992566817951393));
#4316=DIRECTION('ref_axis',(-1.,2.32495771026755E-16,-1.89618618681072E-15));
#4317=DIRECTION('',(1.,-3.44509284839766E-16,1.88245195098488E-15));
#4318=DIRECTION('',(-1.,2.32495771026755E-16,-1.89618618681072E-15));
#4319=DIRECTION('center_axis',(-1.22464679914735E-16,-1.,2.22044604925031E-16));
#4320=DIRECTION('ref_axis',(-1.,1.22464679914735E-16,-2.71926214689378E-32));
#4321=DIRECTION('',(1.,-1.22464679914735E-16,2.71926214689378E-32));
#4322=DIRECTION('center_axis',(-1.22464679914735E-16,-1.,2.22044604925031E-16));
#4323=DIRECTION('ref_axis',(0.707106781186547,-4.00614097360304E-16,-0.707106781186547));
#4324=DIRECTION('',(1.,-1.22464679914735E-16,2.71926214689378E-32));
#4325=DIRECTION('center_axis',(1.41991446540414E-17,0.115944814977897,-0.99325565685766));
#4326=DIRECTION('ref_axis',(-1.,1.22464679914735E-16,-2.71926214689378E-32));
#4327=DIRECTION('center_axis',(3.44509284839767E-16,1.,-2.22044604925031E-16));
#4328=DIRECTION('ref_axis',(0.,2.22044604925031E-16,1.));
#4329=DIRECTION('',(3.44509284839767E-16,1.,-2.22044604925031E-16));
#4330=DIRECTION('center_axis',(-3.44509284839767E-16,-1.,2.22044604925031E-16));
#4331=DIRECTION('ref_axis',(0.,2.22044604925031E-16,1.));
#4332=DIRECTION('',(3.44509284839767E-16,1.,-2.22044604925031E-16));
#4333=DIRECTION('center_axis',(3.44509284839767E-16,1.,-2.22044604925031E-16));
#4334=DIRECTION('ref_axis',(0.,2.22044604925031E-16,1.));
#4335=DIRECTION('',(3.44509284839767E-16,1.,-2.22044604925031E-16));
#4336=DIRECTION('center_axis',(-3.44509284839767E-16,-1.,2.22044604925031E-16));
#4337=DIRECTION('ref_axis',(0.,2.22044604925031E-16,1.));
#4338=DIRECTION('center_axis',(-3.44509284839767E-16,-1.,2.22044604925031E-16));
#4339=DIRECTION('ref_axis',(0.,2.22044604925031E-16,1.));
#4340=DIRECTION('center_axis',(3.44509284839767E-16,1.,-2.22044604925031E-16));
#4341=DIRECTION('ref_axis',(0.,2.22044604925031E-16,1.));
#4342=DIRECTION('',(0.,0.99325565685766,0.115944814977897));
#4343=DIRECTION('center_axis',(0.993345422366576,-0.0133537383166239,0.114396457708886));
#4344=DIRECTION('ref_axis',(-0.115173225462213,-0.115173251205434,0.986645959979263));
#4345=DIRECTION('',(-0.115173225462213,-0.115173251205434,0.986645959979262));
#4346=DIRECTION('',(2.96878592557936E-17,-0.99325565685766,-0.115944814977897));
#4347=DIRECTION('',(-0.115173225462213,-0.115173251205434,0.986645959979263));
#4348=DIRECTION('center_axis',(0.,0.99325565685766,0.115944814977897));
#4349=DIRECTION('ref_axis',(1.,0.,0.));
#4350=DIRECTION('',(-1.,3.44509284839766E-16,-1.8831106145304E-15));
#4351=DIRECTION('center_axis',(-1.91035433565994E-15,-0.115944814977897,
0.99325565685766));
#4352=DIRECTION('ref_axis',(1.,-3.44509284839766E-16,1.8831106145304E-15));
#4353=DIRECTION('',(-1.,3.44509284839766E-16,-1.8831106145304E-15));
#4354=DIRECTION('',(-0.230305406940388,0.000776619276763366,0.973118089646124));
#4355=DIRECTION('',(0.,-0.993255656857658,-0.115944814977915));
#4356=DIRECTION('',(0.115807241644211,-0.120882072210066,0.985888537006572));
#4357=DIRECTION('center_axis',(-1.43670077368809E-15,0.115944814977913,
-0.993255656857658));
#4358=DIRECTION('ref_axis',(0.,0.993255656857658,0.115944814977913));
#4359=DIRECTION('center_axis',(0.,0.992566817951388,0.121700911672244));
#4360=DIRECTION('ref_axis',(1.,0.,0.));
#4361=DIRECTION('',(1.,0.,0.));
#4362=DIRECTION('',(-1.,0.,0.));
#4363=DIRECTION('',(-0.226564235253043,-0.118536228609672,0.966756334249328));
#4364=DIRECTION('',(0.225746941159191,-0.118559321587551,0.966944675677967));
#4365=DIRECTION('',(-0.225895740412429,-0.112947814636252,0.967581472348667));
#4366=DIRECTION('center_axis',(-1.43670077368809E-15,0.115944814977913,
-0.993255656857658));
#4367=DIRECTION('ref_axis',(0.,0.993255656857658,0.115944814977913));
#4368=DIRECTION('',(1.,6.53316654993906E-32,-5.59671826131875E-31));
#4369=DIRECTION('center_axis',(0.,-0.999999681539893,0.000798072749550394));
#4370=DIRECTION('ref_axis',(-1.,0.,0.));
#4371=DIRECTION('center_axis',(3.44509284839767E-16,1.,-2.22044604925031E-16));
#4372=DIRECTION('ref_axis',(0.,2.22044604925031E-16,1.));
#4373=DIRECTION('',(1.,-3.44509284839767E-16,7.6496428045251E-32));
#4374=DIRECTION('',(0.707106781186548,-8.65956056235493E-17,0.707106781186548));
#4375=DIRECTION('',(0.,-2.22044604925031E-16,-1.));
#4376=DIRECTION('center_axis',(-3.44509284839767E-16,-1.,2.22044604925031E-16));
#4377=DIRECTION('ref_axis',(0.,-2.22044604925031E-16,-1.));
#4378=DIRECTION('',(0.,2.22044604925031E-16,1.));
#4379=DIRECTION('',(0.707106781186547,-4.00614097360304E-16,-0.707106781186547));
#4380=DIRECTION('',(1.,-3.44509284839767E-16,7.6496428045251E-32));
#4381=DIRECTION('',(0.115944789410608,-2.60491117059955E-16,-0.993255659842183));
#4382=DIRECTION('',(-1.,3.44509284839766E-16,-1.8831106145304E-15));
#4383=DIRECTION('center_axis',(0.,2.22044604925031E-16,1.));
#4384=DIRECTION('ref_axis',(1.,-3.44509284839767E-16,7.6496428045251E-32));
#4385=DIRECTION('',(0.,-1.,2.22044604925031E-16));
#4386=DIRECTION('',(1.,-1.2468983525777E-16,2.76867052079787E-32));
#4387=DIRECTION('',(0.,1.,-2.22044604925031E-16));
#4388=DIRECTION('',(3.44509284839767E-16,1.,-2.22044604925031E-16));
#4389=DIRECTION('',(-1.,3.44509284839767E-16,-7.6496428045251E-32));
#4390=DIRECTION('',(3.44509284839767E-16,1.,-2.22044604925031E-16));
#4391=DIRECTION('',(1.,-3.44509284839767E-16,7.6496428045251E-32));
#4392=DIRECTION('',(-1.22464679914735E-16,-1.,2.22044604925031E-16));
#4393=DIRECTION('',(-1.,3.44509284839767E-16,-7.6496428045251E-32));
#4394=DIRECTION('',(-3.44509284839767E-16,-1.,2.22044604925031E-16));
#4395=DIRECTION('center_axis',(-0.973813007034294,5.0481940955074E-17,0.227350450474211));
#4396=DIRECTION('ref_axis',(0.,1.,-2.22044604925031E-16));
#4397=DIRECTION('',(-0.22589561703111,0.112947816930823,-0.967581500885944));
#4398=DIRECTION('center_axis',(1.41991446540414E-17,0.115944814977897,-0.99325565685766));
#4399=DIRECTION('ref_axis',(-1.,1.22464679914735E-16,-2.71926214689378E-32));
#4400=DIRECTION('center_axis',(-1.91035433565994E-15,-0.115944814977897,
0.99325565685766));
#4401=DIRECTION('ref_axis',(1.,-3.44509284839766E-16,1.8831106145304E-15));
#4402=DIRECTION('',(0.0135332388144422,-0.993164696024571,-0.115934196929171));
#4403=DIRECTION('center_axis',(0.993255659842183,2.57449149577944E-17,0.115944789410608));
#4404=DIRECTION('ref_axis',(0.,-1.,2.22044604925031E-16));
#4405=DIRECTION('',(0.115173225462213,0.115173251205441,-0.986645959979262));
#4406=DIRECTION('',(0.,-1.,2.22044604925031E-16));
#4407=DIRECTION('',(0.115173225689867,-0.115173234270943,-0.986645961929487));
#4408=DIRECTION('',(-0.0822622799292138,0.704710194796715,0.704710194796715));
#4409=DIRECTION('',(-0.115944789410608,2.60491117059955E-16,0.993255659842183));
#4410=DIRECTION('center_axis',(-1.23848884222429E-16,-0.993255656857659,
-0.115944814977904));
#4411=DIRECTION('ref_axis',(-1.,1.2468983525777E-16,-2.76867052079787E-32));
#4412=DIRECTION('',(-1.,1.2468983525777E-16,-2.76867052079787E-32));
#4413=DIRECTION('center_axis',(1.62811726038521E-16,0.993255658847342,-0.11594479793304));
#4414=DIRECTION('ref_axis',(1.,-1.63917239824701E-16,3.63969387572774E-32));
#4415=DIRECTION('',(-1.,1.69395581535369E-16,4.69309016206333E-17));
#4416=DIRECTION('',(1.,-1.63917239824701E-16,3.63969387572774E-32));
#4417=DIRECTION('center_axis',(8.65956056235493E-17,0.707106781186547,-0.707106781186548));
#4418=DIRECTION('ref_axis',(1.,-1.22464679914735E-16,2.71926214689378E-32));
#4419=DIRECTION('',(1.,-3.44509284839767E-16,7.6496428045251E-32));
#4420=DIRECTION('',(8.65956056235495E-17,0.707106781186549,0.707106781186546));
#4421=DIRECTION('',(1.,-1.22464679914735E-16,2.71926214689378E-32));
#4422=DIRECTION('',(-8.65956056235493E-17,-0.707106781186548,-0.707106781186547));
#4423=DIRECTION('',(1.,-1.22464679914735E-16,2.71926214689378E-32));
#4424=DIRECTION('',(8.65956056235493E-17,0.707106781186548,0.707106781186547));
#4425=DIRECTION('',(1.,-1.22464679914735E-16,2.71926214689378E-32));
#4426=DIRECTION('',(-8.65956056235495E-17,-0.707106781186549,-0.707106781186546));
#4427=DIRECTION('',(1.,-3.44509284839767E-16,7.6496428045251E-32));
#4428=DIRECTION('center_axis',(1.22464679914735E-16,1.,-2.22044604925031E-16));
#4429=DIRECTION('ref_axis',(1.,-1.22464679914735E-16,2.71926214689378E-32));
#4430=DIRECTION('center_axis',(1.22464679914735E-16,1.,-2.22044604925031E-16));
#4431=DIRECTION('ref_axis',(0.707106781186547,-4.00614097360304E-16,-0.707106781186547));
#4432=DIRECTION('center_axis',(-1.22464679914735E-16,-1.,2.22044604925031E-16));
#4433=DIRECTION('ref_axis',(-1.,1.22464679914735E-16,-2.71926214689378E-32));
#4434=DIRECTION('center_axis',(3.44509284839767E-16,1.,-2.22044604925031E-16));
#4435=DIRECTION('ref_axis',(-1.,1.22464679914735E-16,-2.71926214689378E-32));
#4436=DIRECTION('',(-1.22464679914735E-16,-1.,2.22044604925031E-16));
#4437=DIRECTION('center_axis',(1.22464679914735E-16,1.,-2.22044604925031E-16));
#4438=DIRECTION('ref_axis',(-1.,1.22464679914735E-16,-2.71926214689378E-32));
#4439=DIRECTION('center_axis',(1.22464679914735E-16,1.,-2.22044604925031E-16));
#4440=DIRECTION('ref_axis',(1.,-1.22464679914735E-16,2.71926214689378E-32));
#4441=DIRECTION('center_axis',(-3.44509284839767E-16,-1.,2.22044604925031E-16));
#4442=DIRECTION('ref_axis',(1.,-1.22464679914735E-16,2.71926214689378E-32));
#4443=DIRECTION('',(1.22464679914735E-16,1.,-2.22044604925031E-16));
#4444=DIRECTION('center_axis',(-1.22464679914735E-16,-1.,2.22044604925031E-16));
#4445=DIRECTION('ref_axis',(1.,-1.22464679914735E-16,2.71926214689378E-32));
#4446=DIRECTION('center_axis',(1.00096115492066E-16,0.81734681021301,-0.576145981357693));
#4447=DIRECTION('ref_axis',(-7.05575331911308E-17,-0.576145981357693,-0.81734681021301));
#4448=DIRECTION('',(7.05575331911308E-17,0.576145981357693,0.81734681021301));
#4449=DIRECTION('',(-1.,1.22464679914735E-16,-2.71926214689378E-32));
#4450=DIRECTION('',(-7.05575331911308E-17,-0.576145981357693,-0.81734681021301));
#4451=DIRECTION('',(-1.,1.22464679914735E-16,-2.71926214689378E-32));
#4452=DIRECTION('center_axis',(-1.,1.22464679914735E-16,-2.71926214689378E-32));
#4453=DIRECTION('ref_axis',(4.96699459814843E-25,4.05585866037492E-9,-1.));
#4454=DIRECTION('center_axis',(1.,-1.22464679914735E-16,2.71926214689378E-32));
#4455=DIRECTION('ref_axis',(0.,2.22044604925031E-16,1.));
#4456=DIRECTION('center_axis',(-1.,1.22464679914735E-16,-2.71926214689378E-32));
#4457=DIRECTION('ref_axis',(0.,2.22044604925031E-16,1.));
#4458=DIRECTION('center_axis',(-1.00096115205895E-16,-0.817346807876243,
-0.576145984672736));
#4459=DIRECTION('ref_axis',(-7.05575335971066E-17,-0.576145984672736,0.817346807876243));
#4460=DIRECTION('',(7.05575335971066E-17,0.576145984672736,-0.817346807876243));
#4461=DIRECTION('',(1.,-1.22464679914735E-16,2.71926214689378E-32));
#4462=DIRECTION('',(-7.05575335971066E-17,-0.576145984672736,0.817346807876243));
#4463=DIRECTION('',(-1.,1.22464679914735E-16,-2.71926214689378E-32));
#4464=DIRECTION('center_axis',(-1.,1.22464679914735E-16,-2.71926214689378E-32));
#4465=DIRECTION('ref_axis',(4.96699459814843E-25,4.05585866037492E-9,-1.));
#4466=DIRECTION('center_axis',(1.,-1.22464679914735E-16,2.71926214689378E-32));
#4467=DIRECTION('ref_axis',(0.,2.22044604925031E-16,1.));
#4468=DIRECTION('center_axis',(-1.,1.22464679914735E-16,-2.71926214689378E-32));
#4469=DIRECTION('ref_axis',(0.,2.22044604925031E-16,1.));
#4470=DIRECTION('',(-1.,1.22464679914735E-16,-2.71926214689378E-32));
#4471=DIRECTION('center_axis',(1.00096115492066E-16,0.81734681021301,-0.576145981357693));
#4472=DIRECTION('ref_axis',(-7.05575331911308E-17,-0.576145981357693,-0.81734681021301));
#4473=DIRECTION('',(7.05575331911308E-17,0.576145981357693,0.81734681021301));
#4474=DIRECTION('',(-7.05575331911308E-17,-0.576145981357693,-0.81734681021301));
#4475=DIRECTION('',(-1.,1.22464679914735E-16,-2.71926214689378E-32));
#4476=DIRECTION('center_axis',(1.,-1.22464679914735E-16,2.71926214689378E-32));
#4477=DIRECTION('ref_axis',(-1.22464679914735E-16,-1.,2.22044604925031E-16));
#4478=DIRECTION('center_axis',(-1.,1.22464679914735E-16,-2.71926214689378E-32));
#4479=DIRECTION('ref_axis',(0.,2.22044604925031E-16,1.));
#4480=DIRECTION('',(0.,2.22044604925031E-16,1.));
#4481=DIRECTION('',(-8.65956056235495E-17,-0.707106781186549,0.707106781186546));
#4482=DIRECTION('',(-3.44509284839767E-16,-1.,2.22044604925031E-16));
#4483=DIRECTION('',(0.,-2.22044604925031E-16,-1.));
#4484=DIRECTION('center_axis',(-1.,1.22464679914735E-16,-2.71926214689378E-32));
#4485=DIRECTION('ref_axis',(0.,2.22044604925031E-16,1.));
#4486=DIRECTION('center_axis',(-1.,1.22464679914735E-16,-2.71926214689378E-32));
#4487=DIRECTION('ref_axis',(0.,2.22044604925031E-16,1.));
#4488=DIRECTION('',(-8.65956056235493E-17,-0.707106781186548,0.707106781186547));
#4489=DIRECTION('',(-1.22464679914735E-16,-1.,2.22044604925031E-16));
#4490=DIRECTION('',(0.,2.22044604925031E-16,1.));
#4491=DIRECTION('center_axis',(1.,-1.22464679914735E-16,2.71926214689378E-32));
#4492=DIRECTION('ref_axis',(0.,2.22044604925031E-16,1.));
#4493=DIRECTION('center_axis',(-3.44509284839767E-16,-1.,2.22044604925031E-16));
#4494=DIRECTION('ref_axis',(0.,-2.22044604925031E-16,-1.));
#4495=DIRECTION('',(-0.707106781186548,4.00614097360304E-16,0.707106781186548));
#4496=DIRECTION('',(0.,-2.22044604925031E-16,-1.));
#4497=DIRECTION('center_axis',(3.44509284839767E-16,1.,-2.22044604925031E-16));
#4498=DIRECTION('ref_axis',(0.707106781186547,-4.00614097360304E-16,-0.707106781186547));
#4499=DIRECTION('',(0.,2.22044604925031E-16,1.));
#4500=DIRECTION('',(-0.707106781186548,8.65956056235493E-17,-0.707106781186548));
#4501=DIRECTION('center_axis',(-0.707106781186548,4.00614097360304E-16,
0.707106781186548));
#4502=DIRECTION('ref_axis',(3.44509284839767E-16,1.,-2.22044604925031E-16));
#4503=DIRECTION('',(-0.707106781186548,8.65956056235493E-17,-0.707106781186548));
#4504=DIRECTION('',(-3.44509284839767E-16,-1.,2.22044604925031E-16));
#4505=DIRECTION('',(0.707106781186548,-8.65956056235493E-17,0.707106781186548));
#4506=DIRECTION('',(3.44509284839767E-16,1.,-2.22044604925031E-16));
#4507=DIRECTION('',(-3.44509284839767E-16,-1.,2.22044604925031E-16));
#4508=DIRECTION('center_axis',(-3.44509284839767E-16,-1.,2.22044604925031E-16));
#4509=DIRECTION('ref_axis',(0.,-2.22044604925031E-16,-1.));
#4510=DIRECTION('',(0.,2.22044604925031E-16,1.));
#4511=DIRECTION('',(0.,-2.22044604925031E-16,-1.));
#4512=DIRECTION('',(-0.707106781186548,4.00614097360304E-16,0.707106781186548));
#4513=DIRECTION('',(0.,2.22044604925031E-16,1.));
#4514=DIRECTION('center_axis',(3.44509284839767E-16,1.,-2.22044604925031E-16));
#4515=DIRECTION('ref_axis',(0.707106781186547,-4.00614097360304E-16,-0.707106781186547));
#4516=DIRECTION('',(0.,-2.22044604925031E-16,-1.));
#4517=DIRECTION('center_axis',(-1.,3.44509284839767E-16,-7.6496428045251E-32));
#4518=DIRECTION('ref_axis',(3.44509284839767E-16,1.,-2.22044604925031E-16));
#4519=DIRECTION('',(1.22464679914735E-16,1.,-2.22044604925031E-16));
#4520=DIRECTION('',(3.44509284839767E-16,1.,-2.22044604925031E-16));
#4521=DIRECTION('',(-3.44509284839767E-16,-1.,2.22044604925031E-16));
#4522=DIRECTION('center_axis',(-1.,3.44509284839767E-16,-7.6496428045251E-32));
#4523=DIRECTION('ref_axis',(3.44509284839767E-16,1.,-2.22044604925031E-16));
#4524=DIRECTION('',(-1.22464679914735E-16,-1.,2.22044604925031E-16));
#4525=DIRECTION('',(0.,-2.22044604925031E-16,-1.));
#4526=DIRECTION('center_axis',(0.707106781186548,-8.65956056235493E-17,
0.707106781186548));
#4527=DIRECTION('ref_axis',(-3.44509284839767E-16,-1.,2.22044604925031E-16));
#4528=DIRECTION('',(3.44509284839767E-16,1.,-2.22044604925031E-16));
#4529=DIRECTION('',(0.707106781186548,-4.00614097360304E-16,-0.707106781186548));
#4530=DIRECTION('',(3.44509284839767E-16,1.,-2.22044604925031E-16));
#4531=DIRECTION('center_axis',(1.,-3.44509284839767E-16,7.6496428045251E-32));
#4532=DIRECTION('ref_axis',(-3.44509284839767E-16,-1.,2.22044604925031E-16));
#4533=DIRECTION('',(-3.44509284839767E-16,-1.,2.22044604925031E-16));
#4534=DIRECTION('center_axis',(-3.44509284839767E-16,-1.,2.22044604925031E-16));
#4535=DIRECTION('ref_axis',(0.,-2.22044604925031E-16,-1.));
#4536=DIRECTION('',(-1.22464679914735E-16,-1.,2.22044604925031E-16));
#4537=DIRECTION('center_axis',(-3.44509284839767E-16,-1.,2.22044604925031E-16));
#4538=DIRECTION('ref_axis',(0.,-2.22044604925031E-16,-1.));
#4539=DIRECTION('center_axis',(1.,-3.44509284839767E-16,7.6496428045251E-32));
#4540=DIRECTION('ref_axis',(-3.44509284839767E-16,-1.,2.22044604925031E-16));
#4541=DIRECTION('',(0.,2.22044604925031E-16,1.));
#4542=DIRECTION('center_axis',(3.44509284839767E-16,1.,-2.22044604925031E-16));
#4543=DIRECTION('ref_axis',(0.,2.22044604925031E-16,1.));
#4544=DIRECTION('center_axis',(3.44509284839767E-16,1.,-2.22044604925031E-16));
#4545=DIRECTION('ref_axis',(0.,2.22044604925031E-16,1.));
#4546=DIRECTION('',(-1.,3.44509284839767E-16,-7.6496428045251E-32));
#4547=DIRECTION('',(0.,2.22044604925031E-16,1.));
#4548=DIRECTION('',(0.,-2.22044604925031E-16,-1.));
#4549=DIRECTION('center_axis',(3.44509284839767E-16,1.,-2.22044604925031E-16));
#4550=DIRECTION('ref_axis',(0.,2.22044604925031E-16,1.));
#4551=DIRECTION('center_axis',(-3.44509284839767E-16,-1.,2.22044604925031E-16));
#4552=DIRECTION('ref_axis',(0.707106781186547,-4.00614097360304E-16,-0.707106781186547));
#4553=DIRECTION('center_axis',(1.,-3.44509284839767E-16,7.6496428045251E-32));
#4554=DIRECTION('ref_axis',(0.,-2.22044604925031E-16,-1.));
#4555=DIRECTION('center_axis',(-1.,3.44509284839767E-16,-7.6496428045251E-32));
#4556=DIRECTION('ref_axis',(0.,2.22044604925031E-16,1.));
#4557=DIRECTION('center_axis',(1.,-1.22464679914735E-16,2.71926214689378E-32));
#4558=DIRECTION('ref_axis',(0.,-2.22044604925031E-16,-1.));
#4559=DIRECTION('center_axis',(1.,-1.22464679914735E-16,2.71926214689378E-32));
#4560=DIRECTION('ref_axis',(0.,2.22044604925031E-16,1.));
#4561=DIRECTION('',(0.,2.22044604925031E-16,1.));
#4562=DIRECTION('',(1.22464679914735E-16,1.,-2.22044604925031E-16));
#4563=DIRECTION('',(8.65956056235493E-17,0.707106781186548,-0.707106781186547));
#4564=DIRECTION('',(0.,-2.22044604925031E-16,-1.));
#4565=DIRECTION('center_axis',(1.,-1.22464679914735E-16,2.71926214689378E-32));
#4566=DIRECTION('ref_axis',(0.,2.22044604925031E-16,1.));
#4567=DIRECTION('center_axis',(0.,-2.22044604925031E-16,-1.));
#4568=DIRECTION('ref_axis',(-1.,1.22464679914735E-16,-2.71926214689378E-32));
#4569=DIRECTION('',(-1.,1.22464679914735E-16,-2.71926214689378E-32));
#4570=DIRECTION('center_axis',(1.22464679914735E-16,1.,-2.22044604925031E-16));
#4571=DIRECTION('ref_axis',(1.,-1.22464679914735E-16,2.71926214689378E-32));
#4572=DIRECTION('',(0.,2.22044604925031E-16,1.));
#4573=DIRECTION('',(1.,-1.22464679914735E-16,2.71926214689378E-32));
#4574=DIRECTION('center_axis',(-8.65956056235493E-17,-0.707106781186547,
-0.707106781186548));
#4575=DIRECTION('ref_axis',(-1.,1.22464679914735E-16,-2.71926214689378E-32));
#4576=DIRECTION('',(-1.,1.22464679914735E-16,-2.71926214689378E-32));
#4577=DIRECTION('',(8.65956056235495E-17,0.707106781186549,-0.707106781186546));
#4578=DIRECTION('center_axis',(-1.22464679914735E-16,-1.,2.22044604925031E-16));
#4579=DIRECTION('ref_axis',(-1.,1.22464679914735E-16,-2.71926214689378E-32));
#4580=DIRECTION('',(1.,-1.22464679914735E-16,2.71926214689378E-32));
#4581=DIRECTION('center_axis',(-1.,1.22464679914735E-16,-2.71926214689378E-32));
#4582=DIRECTION('ref_axis',(0.,2.22044604925031E-16,1.));
#4583=DIRECTION('center_axis',(1.,-1.22464679914735E-16,2.71926214689378E-32));
#4584=DIRECTION('ref_axis',(0.,2.22044604925031E-16,1.));
#4585=DIRECTION('center_axis',(-1.,1.22464679914735E-16,-2.71926214689378E-32));
#4586=DIRECTION('ref_axis',(0.,2.22044604925031E-16,1.));
#4587=DIRECTION('center_axis',(1.22464679914735E-16,1.,-2.22044604925031E-16));
#4588=DIRECTION('ref_axis',(1.,-1.22464679914735E-16,2.71926214689378E-32));
#4589=DIRECTION('',(1.,-1.22464679914735E-16,2.71926214689378E-32));
#4590=DIRECTION('center_axis',(-1.,1.22464679914735E-16,-2.71926214689378E-32));
#4591=DIRECTION('ref_axis',(0.,2.22044604925031E-16,1.));
#4592=DIRECTION('center_axis',(-1.,1.22464679914735E-16,-2.71926214689378E-32));
#4593=DIRECTION('ref_axis',(1.22464679914735E-16,1.,-2.22044604925031E-16));
#4594=DIRECTION('',(0.,0.,1.));
#4595=DIRECTION('',(1.,0.,0.));
#4596=DIRECTION('',(0.,0.,1.));
#4597=DIRECTION('',(1.,0.,0.));
#4598=CARTESIAN_POINT('',(0.,0.,0.));
#4599=CARTESIAN_POINT('',(0.,0.,0.));
#4600=CARTESIAN_POINT('Origin',(-8.13,17.448,80.7264));
#4601=CARTESIAN_POINT('',(-8.13,22.9235961824656,80.271766160838));
#4602=CARTESIAN_POINT('',(-8.13,22.2730169525704,85.4764));
#4603=CARTESIAN_POINT('',(-8.13,21.9032089970909,88.4348636438357));
#4604=CARTESIAN_POINT('',(-8.13,19.3917478813498,80.271766160838));
#4605=CARTESIAN_POINT('',(-8.13,19.2355083435178,80.271766160838));
#4606=CARTESIAN_POINT('',(-8.13,19.3917478813498,85.4764));
#4607=CARTESIAN_POINT('',(-8.13,19.3917478813498,83.2264));
#4608=CARTESIAN_POINT('',(-8.13,17.448,85.4764));
#4609=CARTESIAN_POINT('Origin',(-7.535,19.023,83.2264));
#4610=CARTESIAN_POINT('',(-8.03057949543,19.517369258459,79.4764021242781));
#4611=CARTESIAN_POINT('Origin',(-7.535,19.023,75.511766160838));
#4612=CARTESIAN_POINT('',(-8.03057949543,19.517369258459,78.9764));
#4613=CARTESIAN_POINT('',(-8.03057949543,19.517369258459,83.2264));
#4614=CARTESIAN_POINT('',(-7.03057949543002,19.5083451911468,78.9764));
#4615=CARTESIAN_POINT('Origin',(-7.535,19.023,78.9764));
#4616=CARTESIAN_POINT('',(-7.03057949543002,19.5083451911468,85.4764));
#4617=CARTESIAN_POINT('',(-7.03057949543002,19.5083451911468,83.2264));
#4618=CARTESIAN_POINT('Origin',(-7.535,19.023,85.4764));
#4619=CARTESIAN_POINT('Origin',(0.,0.,78.9764));
#4620=CARTESIAN_POINT('',(-8.03057949543,23.0230166870356,78.9764));
#4621=CARTESIAN_POINT('',(-8.03057949543,5.7615083435178,78.9764));
#4622=CARTESIAN_POINT('',(-7.03057949543002,23.0230166870356,78.9764));
#4623=CARTESIAN_POINT('',(-3.76528974771501,23.0230166870356,78.9764));
#4624=CARTESIAN_POINT('',(-7.03057949543002,5.7615083435178,78.9764));
#4625=CARTESIAN_POINT('Origin',(-7.535,17.448,85.4764));
#4626=CARTESIAN_POINT('',(-7.78057922989524,22.2730169525704,85.4764));
#4627=CARTESIAN_POINT('',(-8.28278974771501,22.2730169525704,85.4764));
#4628=CARTESIAN_POINT('',(-7.03057949543002,20.0306796343471,85.4764));
#4629=CARTESIAN_POINT('',(-7.03057949543002,14.4855083435178,85.4764));
#4630=CARTESIAN_POINT('',(-7.06250889907802,20.0626090379951,85.4764));
#4631=CARTESIAN_POINT('',(-6.74394746100631,19.7440475999235,85.4764));
#4632=CARTESIAN_POINT('',(-7.78057922989528,21.7883423161239,85.4764));
#4633=CARTESIAN_POINT('',(-6.98712601038517,19.8814418820278,85.4764));
#4634=CARTESIAN_POINT('',(-7.78057922989524,17.2355083435178,85.4764));
#4635=CARTESIAN_POINT('Origin',(-8.,19.023,78.9764));
#4636=CARTESIAN_POINT('',(-8.03057949543,15.0230166870356,80.0481922984468));
#4637=CARTESIAN_POINT('',(-8.03057949543,12.4137291869078,80.7473487769266));
#4638=CARTESIAN_POINT('',(-8.03057949543,15.5242098869775,79.9138979852704));
#4639=CARTESIAN_POINT('',(-7.03057949543002,15.0230166870356,80.0481922984468));
#4640=CARTESIAN_POINT('',(-8.015289747715,15.0230166870356,80.0481922984468));
#4641=CARTESIAN_POINT('',(-7.03057949543002,12.4137291869078,80.7473487769266));
#4642=CARTESIAN_POINT('',(-7.03057949543002,15.4617098869775,79.9306448097973));
#4643=CARTESIAN_POINT('',(-8.03057949543,12.4137291869078,80.7473487769266));
#4644=CARTESIAN_POINT('Origin',(-8.,19.023,78.9764));
#4645=CARTESIAN_POINT('',(-7.03057949543002,15.0921741238873,80.0296616190917));
#4646=CARTESIAN_POINT('',(-7.03057949543002,18.5376548088532,79.1064478520181));
#4647=CARTESIAN_POINT('',(-7.03057949543002,15.4617098869775,79.9306448097973));
#4648=CARTESIAN_POINT('',(-8.03057949543,15.0921741238873,80.0296616190917));
#4649=CARTESIAN_POINT('',(-8.015289747715,15.0921741238873,80.0296616190917));
#4650=CARTESIAN_POINT('',(-8.03057949543,18.528630741541,79.1088658435669));
#4651=CARTESIAN_POINT('',(-8.03057949543,15.5242098869775,79.9138979852704));
#4652=CARTESIAN_POINT('Origin',(-7.535,19.023,78.9764));
#4653=CARTESIAN_POINT('Origin',(-7.535,17.448,85.4764));
#4654=CARTESIAN_POINT('',(-7.03057949543002,18.5376548088532,85.4764));
#4655=CARTESIAN_POINT('',(-7.03057949543003,15.7730164215008,85.4764));
#4656=CARTESIAN_POINT('',(-7.03057949543002,14.4855083435178,85.4764));
#4657=CARTESIAN_POINT('',(-8.13,18.6542521186502,85.4764));
#4658=CARTESIAN_POINT('Origin',(-7.535,19.023,85.4764));
#4659=CARTESIAN_POINT('',(-8.13,17.3654289506967,85.4764));
#4660=CARTESIAN_POINT('',(-8.13,17.448,85.4764));
#4661=CARTESIAN_POINT('',(-8.03057949543,17.265234734033,85.4764));
#4662=CARTESIAN_POINT('',(-8.13604421961005,17.3715202077446,85.4764));
#4663=CARTESIAN_POINT('',(-8.03057949543,15.7730164215008,85.4764));
#4664=CARTESIAN_POINT('',(-8.03057949543,14.4855083435178,85.4764));
#4665=CARTESIAN_POINT('',(-7.782789747715,15.7730164215008,85.4764));
#4666=CARTESIAN_POINT('Origin',(-8.13,17.448,80.7264));
#4667=CARTESIAN_POINT('',(-8.13,18.0160081805919,80.2717661608379));
#4668=CARTESIAN_POINT('',(-8.13,17.5268915798614,84.184698966682));
#4669=CARTESIAN_POINT('',(-8.13,18.6542521186502,80.271766160838));
#4670=CARTESIAN_POINT('',(-8.13,18.6542521186502,83.2264));
#4671=CARTESIAN_POINT('',(-8.13,19.2355083435178,80.271766160838));
#4672=CARTESIAN_POINT('Origin',(-7.535,19.023,83.2264));
#4673=CARTESIAN_POINT('',(-7.03057949543002,18.5376548088532,83.2264));
#4674=CARTESIAN_POINT('',(-8.03057949543,18.528630741541,79.4764021242781));
#4675=CARTESIAN_POINT('',(-8.03057949543,18.528630741541,83.2264));
#4676=CARTESIAN_POINT('Origin',(-7.535,19.023,75.511766160838));
#4677=CARTESIAN_POINT('Origin',(-9.03057949543001,17.0230166870356,95.4764021242781));
#4678=CARTESIAN_POINT('',(-8.02291654811849,22.0306796343472,87.4150985457857));
#4679=CARTESIAN_POINT('',(-8.45458970914787,22.4623527953765,90.8684838340207));
#4680=CARTESIAN_POINT('',(-9.03057949543001,21.0230166870356,95.4764021242781));
#4681=CARTESIAN_POINT('Origin',(-8.11406820744335,21.6179998200163,91.0165931436539));
#4682=CARTESIAN_POINT('',(-8.03057949543,21.0306796343471,93.2209647708161));
#4683=CARTESIAN_POINT('',(-7.77354670573889,20.773646844656,91.1647024532869));
#4684=CARTESIAN_POINT('',(-8.03057949543,21.5121077700745,90.476402124278));
#4685=CARTESIAN_POINT('',(-8.03057949543,22.297142475811,86.0010157276246));
#4686=CARTESIAN_POINT('',(-8.08705686691592,21.6484562062829,90.4728859702995));
#4687=CARTESIAN_POINT('',(-6.78762857605207,18.5113588031482,90.5537854497641));
#4688=CARTESIAN_POINT('',(-8.14537285001304,21.3009410178924,93.2530074774237));
#4689=CARTESIAN_POINT('Origin',(-7.4964449914712,20.4965451303884,87.2339778818538));
#4690=CARTESIAN_POINT('',(-7.03057949543005,20.0306796343472,87.5377057027706));
#4691=CARTESIAN_POINT('',(-7.03057949543002,20.0306796343472,83.355190003066));
#4692=CARTESIAN_POINT('',(-8.02291654811849,21.0230166870356,95.4764021242781));
#4693=CARTESIAN_POINT('',(-7.00788113822927,20.0079812771464,87.3561188451643));
#4694=CARTESIAN_POINT('',(-8.02291654811849,21.0230166870356,110.476402124278));
#4695=CARTESIAN_POINT('',(-8.02291654811849,21.0230166870356,95.4764021242781));
#4696=CARTESIAN_POINT('',(-8.03057949543,21.0306796343471,110.476402124278));
#4697=CARTESIAN_POINT('',(-9.88659654387565,22.8866966827928,110.476402124278));
#4698=CARTESIAN_POINT('',(-8.03057949543,21.0306796343471,95.4764021242781));
#4699=CARTESIAN_POINT('Origin',(-8.03057949543,15.0230166870356,72.6321133540533));
#4700=CARTESIAN_POINT('',(-8.03057949543,15.0230166870356,79.4764021242781));
#4701=CARTESIAN_POINT('',(-8.03057949543,15.0230166870356,72.6321133540533));
#4702=CARTESIAN_POINT('',(-7.03057949543002,15.0230166870356,79.4764021242781));
#4703=CARTESIAN_POINT('',(-8.03057949543,15.0230166870356,79.4764021242781));
#4704=CARTESIAN_POINT('',(-7.03057949543002,15.0230166870356,72.6321133540533));
#4705=CARTESIAN_POINT('Origin',(-7.03057949543002,11.5230166870356,79.4764021242781));
#4706=CARTESIAN_POINT('',(-7.03057949543002,23.0230166870356,72.6321133540533));
#4707=CARTESIAN_POINT('',(-7.03057949543002,23.0230166870356,78.9764021242781));
#4708=CARTESIAN_POINT('',(-7.03057949543002,11.5230166870356,78.9764021242781));
#4709=CARTESIAN_POINT('Origin',(-7.03057949543002,19.0230166870356,78.9764021242781));
#4710=CARTESIAN_POINT('',(-7.03057949543002,11.5230166870356,80.6321133540533));
#4711=CARTESIAN_POINT('',(-7.03057949543002,11.5230166870356,89.9292577391657));
#4712=CARTESIAN_POINT('Origin',(-7.03057949543002,11.5230166870356,84.1321133540533));
#4713=CARTESIAN_POINT('',(-7.03057949543002,15.0230166870356,79.4764021242781));
#4714=CARTESIAN_POINT('',(-7.03057949543005,17.0230166870356,95.4764021242781));
#4715=CARTESIAN_POINT('',(-7.03057949543002,15.0230166870356,79.4764021242781));
#4716=CARTESIAN_POINT('',(-7.03057949543005,17.0230166870356,110.476402124278));
#4717=CARTESIAN_POINT('',(-7.03057949543005,17.0230166870356,95.4764021242781));
#4718=CARTESIAN_POINT('',(-7.03057949543005,21.0230166870356,110.476402124278));
#4719=CARTESIAN_POINT('',(-7.03057949543005,20.7730166870356,110.476402124278));
#4720=CARTESIAN_POINT('',(-7.03057949543005,21.0230166870356,95.4764021242781));
#4721=CARTESIAN_POINT('',(-7.03057949543005,21.0230166870356,95.4764021242781));
#4722=CARTESIAN_POINT('',(-7.03057949543002,19.0230166870356,79.4764021242781));
#4723=CARTESIAN_POINT('Origin',(-8.03057949543,15.0230166870356,79.4764021242781));
#4724=CARTESIAN_POINT('',(-8.03057949543003,17.0230166870356,95.4764021242781));
#4725=CARTESIAN_POINT('',(-8.03057949543,15.0230166870356,79.4764021242781));
#4726=CARTESIAN_POINT('',(-9.53057956993582,17.0230166870356,95.4764021242781));
#4727=CARTESIAN_POINT('Origin',(-8.03057949543,11.5230166870356,78.9764021242781));
#4728=CARTESIAN_POINT('',(-8.03057949543,16.6402344684983,90.476402124278));
#4729=CARTESIAN_POINT('',(-8.03057949543,17.0038157333989,87.5677520050735));
#4730=CARTESIAN_POINT('',(-8.03057949543,12.8980166870356,90.476402124278));
#4731=CARTESIAN_POINT('',(-8.03057949543003,17.0230166870356,110.476402124278));
#4732=CARTESIAN_POINT('',(-8.03057949543003,22.7730166870356,110.476402124278));
#4733=CARTESIAN_POINT('',(-8.03057949543003,17.0230166870356,95.4764021242781));
#4734=CARTESIAN_POINT('Origin',(-8.53057949543,17.4999546717557,87.6297693723681));
#4735=CARTESIAN_POINT('',(-9.03057949543001,18.0230166870356,87.476402124278));
#4736=CARTESIAN_POINT('',(-9.53631913234755,18.0269524634131,91.5223192196182));
#4737=CARTESIAN_POINT('',(-9.03057949543001,17.0230166870356,95.4764021242781));
#4738=CARTESIAN_POINT('',(-9.03057949543001,17.9960936101125,87.6917867396627));
#4739=CARTESIAN_POINT('',(-8.40268369919766,17.0181302647307,90.453235754419));
#4740=CARTESIAN_POINT('',(-8.5438926382816,17.019229183554,91.5829072670907));
#4741=CARTESIAN_POINT('',(-7.86672648668567,16.4738311799099,90.4866032436544));
#4742=CARTESIAN_POINT('Origin',(-11.1305796444417,14.0390093999575,116.650531973884));
#4743=CARTESIAN_POINT('',(-11.1305796444417,14.0390093999575,116.650531973884));
#4744=CARTESIAN_POINT('',(-11.1305796444417,11.523016538024,115.476401915662));
#4745=CARTESIAN_POINT('',(-11.1305796444417,20.0894071609045,119.474051063629));
#4746=CARTESIAN_POINT('',(-12.6305796444417,14.0390093999575,116.650531973884));
#4747=CARTESIAN_POINT('',(-11.1305796444417,14.0390093999575,116.650531973884));
#4748=CARTESIAN_POINT('',(-12.6305796444417,11.523016538024,115.476401915662));
#4749=CARTESIAN_POINT('',(-12.6305796444417,19.0230166274309,118.976402124278));
#4750=CARTESIAN_POINT('',(-4.33057964444165,11.5230166870356,115.476401985201));
#4751=CARTESIAN_POINT('Origin',(-11.1305796444417,19.0230166274309,118.976402124278));
#4752=CARTESIAN_POINT('',(-11.1305796444417,14.2463371849679,121.702816161792));
#4753=CARTESIAN_POINT('Origin',(-11.1305796444417,19.0230166274309,118.976402124278));
#4754=CARTESIAN_POINT('',(-12.6305796444417,14.2463371849679,121.702816161792));
#4755=CARTESIAN_POINT('',(-11.1305796444417,14.2463371849679,121.702816161792));
#4756=CARTESIAN_POINT('Origin',(-12.6305796444417,19.0230166274309,118.976402124278));
#4757=CARTESIAN_POINT('Origin',(-12.6305796444417,12.884676861496,119.467150260354));
#4758=CARTESIAN_POINT('',(-12.6305796444417,11.5230165678263,118.976402124278));
#4759=CARTESIAN_POINT('',(-12.6305796444417,13.0091833917201,123.457898605045));
#4760=CARTESIAN_POINT('Origin',(-12.6305796444417,19.023016627431,118.976402124278));
#4761=CARTESIAN_POINT('',(-12.6305796444417,11.5230166870356,117.971776192316));
#4762=CARTESIAN_POINT('',(-12.6305796444416,13.9281625914626,122.154193060928));
#4763=CARTESIAN_POINT('Origin',(2.46942035555836,11.5230166870356,116.476402124278));
#4764=CARTESIAN_POINT('',(-14.0305796444416,11.5230166075627,118.977174164741));
#4765=CARTESIAN_POINT('',(-15.5305796444416,11.5230166870356,118.976402124278));
#4766=CARTESIAN_POINT('',(-14.0305796444416,11.523016538024,87.4764019901676));
#4767=CARTESIAN_POINT('',(-14.0305796444416,11.5230166870356,115.726402124278));
#4768=CARTESIAN_POINT('',(-11.0305796444417,11.523016538024,87.4764019901676));
#4769=CARTESIAN_POINT('',(-6.53057964444162,11.5230166870356,87.4764019901676));
#4770=CARTESIAN_POINT('',(-11.0305796444417,11.5230166870356,78.9764019901676));
#4771=CARTESIAN_POINT('',(-11.0305796444417,11.5230166870356,93.4764021242781));
#4772=CARTESIAN_POINT('',(-10.0305795252324,11.5230166870356,78.9764019901676));
#4773=CARTESIAN_POINT('',(-2.03057964444163,11.5230166870356,78.9764019901676));
#4774=CARTESIAN_POINT('',(-10.0305795252324,11.5230166870356,85.8924818973027));
#4775=CARTESIAN_POINT('',(-10.0305795252323,11.5230166870356,92.7264020572229));
#4776=CARTESIAN_POINT('',(-9.03057952523234,11.5230166870356,85.8924818973027));
#4777=CARTESIAN_POINT('',(-9.03057952523234,11.5230166870356,85.8924818973027));
#4778=CARTESIAN_POINT('',(-9.03057949543001,11.5230166870356,78.9764021242781));
#4779=CARTESIAN_POINT('',(-9.03057949543001,11.5230166870356,86.9764020572229));
#4780=CARTESIAN_POINT('',(-8.03057949543,11.5230166870356,78.9764021242781));
#4781=CARTESIAN_POINT('',(-3.53057949543004,11.5230166870356,78.9764021242781));
#4782=CARTESIAN_POINT('',(-8.03057949543,11.5230166870356,80.6321133540533));
#4783=CARTESIAN_POINT('',(-8.03057949543,11.5230166870356,89.9292577391657));
#4784=CARTESIAN_POINT('',(-8.03057949543,11.5230166870356,80.6321133540533));
#4785=CARTESIAN_POINT('',(-6.03057964444162,11.5230166870356,78.9764021242781));
#4786=CARTESIAN_POINT('',(-3.53057949543004,11.5230166870356,78.9764021242781));
#4787=CARTESIAN_POINT('',(-6.03057964444162,11.5230166870356,87.4764022360368));
#4788=CARTESIAN_POINT('',(-6.03057964444158,11.5230166870356,93.4764021242781));
#4789=CARTESIAN_POINT('',(-3.03057964444164,11.5230166870356,87.4764022360368));
#4790=CARTESIAN_POINT('',(2.46942035555836,11.5230166870356,87.4764022360368));
#4791=CARTESIAN_POINT('',(-3.03057964444164,11.5230166075627,118.977174164741));
#4792=CARTESIAN_POINT('',(-3.03057964444161,11.5230166870356,100.726402124278));
#4793=CARTESIAN_POINT('',(-5.9305796444416,11.5230166870356,118.976402124278));
#4794=CARTESIAN_POINT('',(-15.5305796444416,11.5230166870356,118.976402124278));
#4795=CARTESIAN_POINT('',(-5.9305796444416,11.5230166870356,110.476402124278));
#4796=CARTESIAN_POINT('',(-5.9305796444416,11.5230166870356,113.476402124278));
#4797=CARTESIAN_POINT('',(-11.1305796444417,11.5230166870356,110.476402124278));
#4798=CARTESIAN_POINT('',(-3.03057964444163,11.5230166870356,110.476402124278));
#4799=CARTESIAN_POINT('',(-11.1305796444416,11.5230166870356,118.976402124278));
#4800=CARTESIAN_POINT('Origin',(-15.5305796444416,19.023016627431,118.976402124278));
#4801=CARTESIAN_POINT('',(-14.0305796444416,13.0091833917201,123.457898605045));
#4802=CARTESIAN_POINT('',(-15.5305796444416,13.0091833917201,123.457898605045));
#4803=CARTESIAN_POINT('Origin',(-14.0305796444416,19.023016627431,118.976402124278));
#4804=CARTESIAN_POINT('Origin',(-14.0305796444416,13.0091833917201,123.457898605045));
#4805=CARTESIAN_POINT('',(-11.1305796444417,15.2086368861119,120.337654190949));
#4806=CARTESIAN_POINT('',(-11.1305796444417,15.718656982843,119.614116565825));
#4807=CARTESIAN_POINT('',(-14.0305796444416,15.2086368861119,120.337654190949));
#4808=CARTESIAN_POINT('',(-14.0305796444416,15.2086368861119,120.337654190949));
#4809=CARTESIAN_POINT('',(-14.0305796444416,16.0043272623366,119.208851759756));
#4810=CARTESIAN_POINT('Origin',(-10.03057949543,21.0230166870356,95.4764021242781));
#4811=CARTESIAN_POINT('',(-10.03057949543,21.0230166870356,95.4764021242781));
#4812=CARTESIAN_POINT('',(-9.03057949543001,21.0230166870356,95.4764021242781));
#4813=CARTESIAN_POINT('',(-10.0305795699358,21.0230166870356,95.4764021242781));
#4814=CARTESIAN_POINT('',(-9.03057949543001,21.0230166870356,110.476402124278));
#4815=CARTESIAN_POINT('',(-9.03057949543001,21.0230166870356,95.4764021242781));
#4816=CARTESIAN_POINT('',(-10.03057949543,21.0230166870356,110.476402124278));
#4817=CARTESIAN_POINT('',(-10.0305795699358,21.0230166870356,110.476402124278));
#4818=CARTESIAN_POINT('',(-10.03057949543,21.0230166870356,95.4764021242781));
#4819=CARTESIAN_POINT('Origin',(-10.03057949543,17.0230166870356,95.4764021242781));
#4820=CARTESIAN_POINT('',(-10.03057949543,17.0230166870356,95.4764021242781));
#4821=CARTESIAN_POINT('',(-10.03057949543,23.7730166870356,95.4764021242781));
#4822=CARTESIAN_POINT('',(-10.03057949543,17.0230166870356,110.476402124278));
#4823=CARTESIAN_POINT('',(-10.03057949543,23.7730166870356,110.476402124278));
#4824=CARTESIAN_POINT('',(-10.03057949543,17.0230166870356,95.4764021242781));
#4825=CARTESIAN_POINT('Origin',(-9.03057949543001,17.0230166870356,95.4764021242781));
#4826=CARTESIAN_POINT('',(-10.5305795699358,17.0230166870356,95.4764021242781));
#4827=CARTESIAN_POINT('',(-9.03057949543001,17.0230166870356,110.476402124278));
#4828=CARTESIAN_POINT('',(-10.5305795699358,17.0230166870356,110.476402124278));
#4829=CARTESIAN_POINT('',(-9.03057949543001,17.0230166870356,95.4764021242781));
#4830=CARTESIAN_POINT('Origin',(-9.03057949543001,21.0230166870356,95.4764021242781));
#4831=CARTESIAN_POINT('',(-9.03057949543001,21.7730166870356,95.4764021242781));
#4832=CARTESIAN_POINT('',(-9.03057949543001,21.7730166870356,110.476402124278));
#4833=CARTESIAN_POINT('Origin',(-7.03057949543005,17.0230166870356,95.4764021242781));
#4834=CARTESIAN_POINT('',(-9.53057956993582,17.0230166870356,110.476402124278));
#4835=CARTESIAN_POINT('Origin',(-8.02291654811846,21.0230166870356,95.4764021242781));
#4836=CARTESIAN_POINT('',(-9.03057956993582,21.0230166870356,95.4764021242781));
#4837=CARTESIAN_POINT('',(-9.03057956993582,21.0230166870356,110.476402124278));
#4838=CARTESIAN_POINT('Origin',(-11.0305796444417,26.5230166870356,110.476402124278));
#4839=CARTESIAN_POINT('',(-5.9305796444416,26.5230166870356,110.476402124278));
#4840=CARTESIAN_POINT('',(-5.9305796444416,26.5230166870356,110.476402124278));
#4841=CARTESIAN_POINT('',(-11.1305796444417,26.5230166870356,110.476402124278));
#4842=CARTESIAN_POINT('',(-12.0305796444416,26.5230166870356,110.476402124278));
#4843=CARTESIAN_POINT('',(-11.1305796444417,26.5230166870356,110.476402124278));
#4844=CARTESIAN_POINT('Origin',(-14.0305796444416,22.8373963944461,120.337654118945));
#4845=CARTESIAN_POINT('',(-11.1305796444417,25.0368498897596,123.457898569326));
#4846=CARTESIAN_POINT('',(-11.1305796444417,22.8373963944461,120.337654118945));
#4847=CARTESIAN_POINT('',(-11.1305796444417,23.7172310445492,121.585827444768));
#4848=CARTESIAN_POINT('',(-14.0305796444416,25.0368498897596,123.457898569326));
#4849=CARTESIAN_POINT('',(-15.5305796444416,25.0368498897596,123.457898569326));
#4850=CARTESIAN_POINT('',(-14.0305796444416,22.8373963944461,120.337654118945));
#4851=CARTESIAN_POINT('',(-14.0305796444416,20.9419793177377,117.64872951683));
#4852=CARTESIAN_POINT('',(-14.0305796444416,22.8373963944461,120.337654118945));
#4853=CARTESIAN_POINT('Origin',(-14.0305796444416,19.0230166274309,118.976402124278));
#4854=CARTESIAN_POINT('Origin',(-11.1305796444417,19.0230166274309,118.976402124278));
#4855=CARTESIAN_POINT('Origin',(-14.0305796444416,19.0230166274309,118.976402124278));
#4856=CARTESIAN_POINT('Origin',(-11.1305796444417,26.5230166870356,121.476402124278));
#4857=CARTESIAN_POINT('',(-11.1305796444417,26.5230166870356,118.976402124278));
#4858=CARTESIAN_POINT('',(-11.1305796444417,26.5230166870356,118.976402124278));
#4859=CARTESIAN_POINT('Origin',(-11.1305796444417,19.023016627431,118.976402124278));
#4860=CARTESIAN_POINT('Origin',(-15.5305796444416,19.023016627431,118.976402124278));
#4861=CARTESIAN_POINT('',(-14.0305796444416,26.5230166870356,118.976402124278));
#4862=CARTESIAN_POINT('Origin',(-14.0305796444416,19.023016627431,118.976402124278));
#4863=CARTESIAN_POINT('',(-15.5305796444416,26.5230166870356,118.976402124278));
#4864=CARTESIAN_POINT('Origin',(-14.0305796444416,26.5230166870356,74.4764021242781));
#4865=CARTESIAN_POINT('',(-14.0305796444416,19.023016627431,76.9964021242781));
#4866=CARTESIAN_POINT('Origin',(-14.0305796444416,19.023016627431,78.9764021242781));
#4867=CARTESIAN_POINT('Origin',(-11.0305796444417,19.0230166870356,78.9764019901676));
#4868=CARTESIAN_POINT('',(-14.0305796444416,19.0230166870356,87.4764019901676));
#4869=CARTESIAN_POINT('',(-14.0305796444416,26.5230166870356,82.9764019901676));
#4870=CARTESIAN_POINT('Origin',(-14.0305796444416,19.0230166870356,78.9764019901676));
#4871=CARTESIAN_POINT('',(-11.0305796444417,26.5230166870356,82.9764019901676));
#4872=CARTESIAN_POINT('',(-11.0305796444417,26.5230166870356,82.9764019901676));
#4873=CARTESIAN_POINT('',(-11.0305796444417,19.0230166870356,87.4764019901676));
#4874=CARTESIAN_POINT('Origin',(-11.0305796444417,19.0230166870356,78.9764019901676));
#4875=CARTESIAN_POINT('',(-11.0305796444417,19.0230166870356,87.4764019901676));
#4876=CARTESIAN_POINT('Origin',(-11.0305796444417,26.5230166870356,74.4764021242781));
#4877=CARTESIAN_POINT('',(-11.0305796444417,26.5230166870356,78.9764021242781));
#4878=CARTESIAN_POINT('',(-11.0305796444417,26.5230166870356,93.4764021242781));
#4879=CARTESIAN_POINT('',(-11.0305796444417,19.0230166870356,71.4764021242781));
#4880=CARTESIAN_POINT('Origin',(-11.0305796444417,19.0230166870356,78.9764021242781));
#4881=CARTESIAN_POINT('Origin',(-11.0305796444417,19.0230166870356,78.9764019901676));
#4882=CARTESIAN_POINT('',(-11.0305796444417,19.0230166870356,87.4764019901676));
#4883=CARTESIAN_POINT('',(-11.0305796444416,19.023016627431,76.9964021242781));
#4884=CARTESIAN_POINT('Origin',(-11.0305796444416,19.023016627431,78.9764021242781));
#4885=CARTESIAN_POINT('',(-11.0305796444417,20.0230166870356,84.8924818973027));
#4886=CARTESIAN_POINT('',(-11.0305796444417,20.0230166870356,85.8924818973027));
#4887=CARTESIAN_POINT('',(-11.0305796444417,20.0230166870356,79.6844420107904));
#4888=CARTESIAN_POINT('',(-11.0305796444417,18.0230166162551,85.8924818973027));
#4889=CARTESIAN_POINT('',(-11.0305796444417,23.2730166870356,85.8924818973027));
#4890=CARTESIAN_POINT('',(-11.0305796444417,18.0230166162551,84.8924818973027));
#4891=CARTESIAN_POINT('',(-11.0305796444417,18.0230166162551,80.1844420107904));
#4892=CARTESIAN_POINT('Origin',(-11.0305796444417,19.023016627431,78.9764021242781));
#4893=CARTESIAN_POINT('Origin',(-2.03057964444163,19.0230166870356,78.9764021242781));
#4894=CARTESIAN_POINT('',(-10.0305795252324,26.5230166870356,78.9764022034965));
#4895=CARTESIAN_POINT('',(-10.0305795252324,19.0230166870356,71.4764019901676));
#4896=CARTESIAN_POINT('Origin',(-10.0305795252324,19.0230166870356,78.9764021242781));
#4897=CARTESIAN_POINT('',(-2.03057964444163,19.0230166870356,71.4764019901676));
#4898=CARTESIAN_POINT('',(-2.03057964444163,26.5230166870356,78.9764021242781));
#4899=CARTESIAN_POINT('Origin',(-7.03057949543002,19.0230166870356,78.9764021242781));
#4900=CARTESIAN_POINT('',(-9.03057952523234,21.0230166870356,84.6332563737705));
#4901=CARTESIAN_POINT('',(-9.03057952523234,17.0230166162551,84.6332563487458));
#4902=CARTESIAN_POINT('Origin',(-9.03057949543001,19.0230166870356,78.9764021242781));
#4903=CARTESIAN_POINT('',(-10.0305795252324,17.0230166162551,84.6332563487458));
#4904=CARTESIAN_POINT('',(-9.03057952523234,17.0230166162551,84.6332563487458));
#4905=CARTESIAN_POINT('',(-10.0305795252324,21.0230166870356,84.6332563737705));
#4906=CARTESIAN_POINT('Origin',(-10.0305795252324,19.0230166870356,78.9764021242781));
#4907=CARTESIAN_POINT('',(-9.03057952523234,21.0230166870356,84.6332563737705));
#4908=CARTESIAN_POINT('Origin',(-11.0305796444417,20.0230166870356,84.8924818973027));
#4909=CARTESIAN_POINT('',(-10.0305795252324,20.0230166870356,85.8924818973027));
#4910=CARTESIAN_POINT('',(-10.0305795252324,20.0230166870356,84.8924818973027));
#4911=CARTESIAN_POINT('',(-10.0305795252324,20.0230166870356,84.4344419437352));
#4912=CARTESIAN_POINT('',(-11.0305796444417,20.0230166870356,85.8924818973027));
#4913=CARTESIAN_POINT('',(-11.0305796444417,20.0230166870356,84.8924818973027));
#4914=CARTESIAN_POINT('Origin',(-11.0305796444417,18.0230166162551,85.8924818973027));
#4915=CARTESIAN_POINT('',(-10.0305795252324,18.0230166162551,84.8924818973027));
#4916=CARTESIAN_POINT('',(-10.0305795252324,18.0230166162551,85.8924818973027));
#4917=CARTESIAN_POINT('',(-10.0305795252324,18.0230166162551,84.9344419437352));
#4918=CARTESIAN_POINT('',(-11.0305796444417,18.0230166162551,84.8924818973027));
#4919=CARTESIAN_POINT('',(-11.0305796444417,18.0230166162551,85.8924818973027));
#4920=CARTESIAN_POINT('Origin',(-2.03057964444163,19.0230166870356,78.9764019901676));
#4921=CARTESIAN_POINT('Origin',(-10.0305795252324,19.0230166870356,78.9764019901676));
#4922=CARTESIAN_POINT('Origin',(-10.0305795252324,26.5230166870356,83.9764019901676));
#4923=CARTESIAN_POINT('',(-10.0305796444416,22.7984691037987,85.8924818973027));
#4924=CARTESIAN_POINT('',(-10.0305795252324,26.5230166870356,85.8924818973027));
#4925=CARTESIAN_POINT('',(-10.0305795252324,26.5230166870356,92.7264020572229));
#4926=CARTESIAN_POINT('',(-10.0305795252324,19.0230166870356,85.8924818973027));
#4927=CARTESIAN_POINT('Origin',(-10.0305796444416,19.023016627431,78.9764021242781));
#4928=CARTESIAN_POINT('Origin',(-10.0305796444416,19.023016627431,78.9764021242781));
#4929=CARTESIAN_POINT('Origin',(-11.0305796444417,20.0230166870356,85.8924818973027));
#4930=CARTESIAN_POINT('',(-9.03057952523234,26.5230166870356,85.8924818973027));
#4931=CARTESIAN_POINT('',(-9.03057949543001,23.2730166870356,85.8924818973027));
#4932=CARTESIAN_POINT('',(-12.280579584837,26.5230166870356,85.8924818973027));
#4933=CARTESIAN_POINT('Origin',(-2.03057964444163,19.0230166870356,78.9764021242781));
#4934=CARTESIAN_POINT('',(-8.03057949543,23.0230166870356,72.6321133540533));
#4935=CARTESIAN_POINT('',(-2.03057964444163,23.0230166870356,72.6321133540533));
#4936=CARTESIAN_POINT('Origin',(-8.03057949543,19.0230166870356,78.9764021242781));
#4937=CARTESIAN_POINT('',(-9.03057949543001,26.5230166870356,78.9764022034965));
#4938=CARTESIAN_POINT('Origin',(-9.03057949543001,19.0230166870356,78.9764021242781));
#4939=CARTESIAN_POINT('',(-7.03057949543002,26.5230166870356,78.9764022034965));
#4940=CARTESIAN_POINT('',(-7.03057949543002,26.5230166870356,78.9764022034965));
#4941=CARTESIAN_POINT('',(-6.03057964444162,26.5230166870356,78.9764022034965));
#4942=CARTESIAN_POINT('',(-2.03057964444163,26.5230166870356,78.9764021242781));
#4943=CARTESIAN_POINT('Origin',(-6.03057964444162,19.0230166870356,78.9764021242781));
#4944=CARTESIAN_POINT('Origin',(-6.03057964444162,26.5230166870356,85.4764021242781));
#4945=CARTESIAN_POINT('',(-6.03057964444162,26.5230166870356,82.9764020125194));
#4946=CARTESIAN_POINT('',(-6.03057964444162,26.5230166870356,93.4764021242781));
#4947=CARTESIAN_POINT('',(-6.03057964444162,19.0230167540908,87.4764021242781));
#4948=CARTESIAN_POINT('Origin',(-6.03057964444162,19.023016627431,78.9764021242781));
#4949=CARTESIAN_POINT('',(-6.03057964444162,19.0230167540908,87.4764021242781));
#4950=CARTESIAN_POINT('',(-6.03057964444162,19.023016627431,80.9564021242781));
#4951=CARTESIAN_POINT('Origin',(-6.03057964444162,19.023016627431,78.9764021242781));
#4952=CARTESIAN_POINT('Origin',(-3.03057964444161,26.5230166870356,74.4764021242781));
#4953=CARTESIAN_POINT('',(-3.03057964444161,19.023016627431,80.9564021242781));
#4954=CARTESIAN_POINT('Origin',(-3.03057964444161,19.023016627431,78.9764021242781));
#4955=CARTESIAN_POINT('Origin',(-15.5305796444416,19.0230166870356,87.4764019901676));
#4956=CARTESIAN_POINT('',(-14.0305796444416,19.0230166870356,87.4764019901676));
#4957=CARTESIAN_POINT('Origin',(-14.0305796444416,19.0230166870356,99.9764021242781));
#4958=CARTESIAN_POINT('',(-14.0305796444416,26.5230166870356,100.726402124278));
#4959=CARTESIAN_POINT('Origin',(2.46942035555836,11.5230166870356,87.4764022360368));
#4960=CARTESIAN_POINT('',(-3.03057964444164,19.0230167540908,87.4764021242781));
#4961=CARTESIAN_POINT('',(-3.03057964444161,15.2730165939033,87.4764021801574));
#4962=CARTESIAN_POINT('',(-2.03057964444167,19.0230167540908,87.4764021242781));
#4963=CARTESIAN_POINT('Origin',(-2.03057964444163,19.023016627431,78.9764021242781));
#4964=CARTESIAN_POINT('',(-3.03057964444164,26.5230166870356,82.9764020125194));
#4965=CARTESIAN_POINT('Origin',(-3.03057964444164,19.023016627431,78.9764021242781));
#4966=CARTESIAN_POINT('',(-2.03057964444163,26.5230166870356,82.9764020125194));
#4967=CARTESIAN_POINT('Origin',(-9.03057949543001,26.5230166870356,72.4764019901676));
#4968=CARTESIAN_POINT('',(-9.03057949543001,26.5230166870356,93.6849020572229));
#4969=CARTESIAN_POINT('Origin',(-9.03057952523234,19.0230166870356,78.9764021242781));
#4970=CARTESIAN_POINT('Origin',(-11.0305796444417,19.023016627431,78.9764021242781));
#4971=CARTESIAN_POINT('Origin',(-7.53057949543003,23.0230166870356,79.2264021242781));
#4972=CARTESIAN_POINT('',(-8.03057949543,23.0230166870356,78.9764021242781));
#4973=CARTESIAN_POINT('Origin',(-8.03057949543,15.0230166870356,79.4764021242781));
#4974=CARTESIAN_POINT('',(-8.03057949543,15.0230166870356,79.4764021242781));
#4975=CARTESIAN_POINT('Origin',(-7.03057949543002,19.0230166870356,79.4764021242781));
#4976=CARTESIAN_POINT('Origin',(-10.03057949543,21.0230166870356,95.4764021242781));
#4977=CARTESIAN_POINT('',(-10.03057949543,21.0230166870356,95.4764021242781));
#4978=CARTESIAN_POINT('',(-10.03057949543,17.0230166870356,95.4764021242781));
#4979=CARTESIAN_POINT('',(-8.03057949543,11.5230166870356,79.4764021242781));
#4980=CARTESIAN_POINT('Origin',(-9.03057949543001,21.0230166870356,95.4764021242781));
#4981=CARTESIAN_POINT('',(-8.40268369919766,21.650912483268,90.453235754419));
#4982=CARTESIAN_POINT('',(-8.43559847924059,21.6511686332794,90.4511865543278));
#4983=CARTESIAN_POINT('',(-9.03057949543001,21.0230166870356,95.4764021242781));
#4984=CARTESIAN_POINT('Origin',(-8.03057949543,11.5230166870356,78.9764021242781));
#4985=CARTESIAN_POINT('Origin',(-8.03057949543,11.5230166870356,84.1321133540533));
#4986=CARTESIAN_POINT('Origin',(-8.03057949543,11.5230166870356,84.1321133540533));
#4987=CARTESIAN_POINT('Origin',(-8.21663159731383,14.2730166870356,90.4648189393485));
#4988=CARTESIAN_POINT('',(-8.40268369919766,15.6480166870356,90.453235754419));
#4989=CARTESIAN_POINT('Origin',(-9.03057949543001,17.0230166870356,95.4764021242781));
#4990=CARTESIAN_POINT('Origin',(-10.03057949543,17.0230166870356,95.4764021242781));
#4991=CARTESIAN_POINT('Origin',(-14.0305796444416,19.023016627431,78.9764021242781));
#4992=CARTESIAN_POINT('',(-14.0305796444416,19.023016627431,76.9964021242781));
#4993=CARTESIAN_POINT('Origin',(-3.03057964444161,19.023016627431,78.9764021242781));
#4994=CARTESIAN_POINT('',(-3.03057964444161,19.023016627431,80.9564021242781));
#4995=CARTESIAN_POINT('Origin',(-3.03057964444164,19.0230166870356,114.976402124278));
#4996=CARTESIAN_POINT('',(-3.03057964444164,26.5230166870356,118.976402124278));
#4997=CARTESIAN_POINT('',(-3.03057964444164,26.5230166870356,115.726402124278));
#4998=CARTESIAN_POINT('',(-3.03057964444164,25.0368498897596,123.457898569326));
#4999=CARTESIAN_POINT('Origin',(-3.03057964444164,19.023016627431,118.976402124278));
#5000=CARTESIAN_POINT('',(-3.03057964444164,22.8373963944461,120.337654118945));
#5001=CARTESIAN_POINT('',(-3.03057964444164,20.9419793177377,117.64872951683));
#5002=CARTESIAN_POINT('',(-3.03057964444164,15.2086368861119,120.337654190949));
#5003=CARTESIAN_POINT('Origin',(-3.03057964444164,19.0230166274309,118.976402124278));
#5004=CARTESIAN_POINT('',(-3.03057964444164,13.0091833917201,123.457898605045));
#5005=CARTESIAN_POINT('',(-3.03057964444164,16.0043272623366,119.208851759756));
#5006=CARTESIAN_POINT('Origin',(-3.03057964444164,19.023016627431,118.976402124278));
#5007=CARTESIAN_POINT('Origin',(-15.5305796444416,26.5230166870356,116.476402124278));
#5008=CARTESIAN_POINT('',(-5.9305796444416,26.5230166870356,118.976402124278));
#5009=CARTESIAN_POINT('',(-5.9305796444416,26.5230166870356,113.476402124278));
#5010=CARTESIAN_POINT('',(-1.93057964444161,26.5230166870356,118.976402124278));
#5011=CARTESIAN_POINT('Origin',(-14.0305796444416,13.0091833917201,123.457898605045));
#5012=CARTESIAN_POINT('',(-5.9305796444416,13.0091833917201,123.457898605045));
#5013=CARTESIAN_POINT('',(-5.9305796444416,15.2086368861119,120.337654190949));
#5014=CARTESIAN_POINT('',(-5.9305796444416,18.3086679319097,115.939809645092));
#5015=CARTESIAN_POINT('',(-15.5305796444416,13.0091833917201,123.457898605045));
#5016=CARTESIAN_POINT('',(-14.0305796444416,15.2086368861119,120.337654190949));
#5017=CARTESIAN_POINT('Origin',(-14.0305796444416,22.8373963944461,120.337654118945));
#5018=CARTESIAN_POINT('',(-5.9305796444416,22.8373963944461,120.337654118945));
#5019=CARTESIAN_POINT('',(-5.9305796444416,25.0368498897596,123.457898569326));
#5020=CARTESIAN_POINT('',(-5.9305796444416,21.1272201052409,117.911520496691));
#5021=CARTESIAN_POINT('',(-14.0305796444416,22.8373963944461,120.337654118945));
#5022=CARTESIAN_POINT('',(-1.93057964444161,25.0368498897596,123.457898569326));
#5023=CARTESIAN_POINT('Origin',(-14.0305796444416,19.0230166274309,118.976402124278));
#5024=CARTESIAN_POINT('Origin',(-5.9305796444416,19.0230166274309,118.976402124278));
#5025=CARTESIAN_POINT('Origin',(-15.5305796444416,19.023016627431,118.976402124278));
#5026=CARTESIAN_POINT('Origin',(-5.9305796444416,19.023016627431,118.976402124278));
#5027=CARTESIAN_POINT('Origin',(-5.9305796444416,26.5230166870356,110.476402124278));
#5028=CARTESIAN_POINT('Origin',(-5.9305796444416,19.023016627431,118.976402124278));
#5029=CARTESIAN_POINT('Origin',(-15.5305796444416,19.023016627431,118.976402124278));
#5030=CARTESIAN_POINT('',(0.,0.,0.));
#5031=CARTESIAN_POINT('Origin',(-9.4306,20.023,60.5764));
#5032=CARTESIAN_POINT('',(-9.4306,18.0870849008707,60.9764));
#5033=CARTESIAN_POINT('',(-9.0306,18.1361298253921,60.5764));
#5034=CARTESIAN_POINT('Origin',(-9.4306,18.1361298253921,60.5764));
#5035=CARTESIAN_POINT('',(-9.0306,21.8673687387788,60.5764));
#5036=CARTESIAN_POINT('',(-9.0306,20.023,60.5764));
#5037=CARTESIAN_POINT('',(-9.4306,21.9140615703374,60.9764));
#5038=CARTESIAN_POINT('Origin',(-9.4306,21.8673687387788,60.5764));
#5039=CARTESIAN_POINT('',(-9.4306,20.023,60.9764));
#5040=CARTESIAN_POINT('Origin',(-9.0306,20.023,60.3764));
#5041=CARTESIAN_POINT('',(-9.0306,18.1851747499135,60.1764));
#5042=CARTESIAN_POINT('',(-9.0306,18.6056606643743,56.747006083594));
#5043=CARTESIAN_POINT('',(-9.0306,21.8206759072202,60.1764));
#5044=CARTESIAN_POINT('',(-9.0306,20.023,60.1764));
#5045=CARTESIAN_POINT('',(-9.0306,22.4212792652559,65.3215440230744));
#5046=CARTESIAN_POINT('Origin',(-9.4306,20.023,60.1764));
#5047=CARTESIAN_POINT('',(-9.4306,21.7739830756615,59.7764));
#5048=CARTESIAN_POINT('Origin',(-9.4306,21.8206759072202,60.1764));
#5049=CARTESIAN_POINT('',(-9.4306,18.2342196744349,59.7764));
#5050=CARTESIAN_POINT('Origin',(-9.4306,18.1851747499135,60.1764));
#5051=CARTESIAN_POINT('',(-9.4306,20.023,59.7764));
#5052=CARTESIAN_POINT('Origin',(-7.6306,20.023,60.1764));
#5053=CARTESIAN_POINT('',(-7.6306,18.2342196744349,59.7764));
#5054=CARTESIAN_POINT('',(-8.0306,18.1851747499135,60.1764));
#5055=CARTESIAN_POINT('Origin',(-7.6306,18.1851747499135,60.1764));
#5056=CARTESIAN_POINT('',(-8.0306,21.8206759072202,60.1764));
#5057=CARTESIAN_POINT('',(-8.0306,20.023,60.1764));
#5058=CARTESIAN_POINT('',(-7.6306,21.7739830756615,59.7764));
#5059=CARTESIAN_POINT('Origin',(-7.6306,21.8206759072202,60.1764));
#5060=CARTESIAN_POINT('',(-7.6306,20.023,59.7764));
#5061=CARTESIAN_POINT('Origin',(-8.0306,20.023,60.3764));
#5062=CARTESIAN_POINT('',(-8.0306,18.1361298253921,60.5764));
#5063=CARTESIAN_POINT('',(-8.0306,18.6056606643743,56.747006083594));
#5064=CARTESIAN_POINT('',(-8.0306,21.8673687387788,60.5764));
#5065=CARTESIAN_POINT('',(-8.0306,20.023,60.5764));
#5066=CARTESIAN_POINT('',(-8.0306,22.4212792652559,65.3215440230744));
#5067=CARTESIAN_POINT('Origin',(-7.6306,20.023,60.5764));
#5068=CARTESIAN_POINT('',(-7.6306,21.9140615703374,60.9764));
#5069=CARTESIAN_POINT('Origin',(-7.6306,21.8673687387788,60.5764));
#5070=CARTESIAN_POINT('',(-7.6306,18.0870849008707,60.9764));
#5071=CARTESIAN_POINT('Origin',(-7.6306,18.1361298253921,60.5764));
#5072=CARTESIAN_POINT('',(-7.6306,20.023,60.9764));
#5073=CARTESIAN_POINT('Origin',(-6.8553,20.023,60.9764));
#5074=CARTESIAN_POINT('',(-6.8209584440415,18.0870849008709,60.9764));
#5075=CARTESIAN_POINT('',(-5.94361669514648,18.0870849008707,60.9764));
#5076=CARTESIAN_POINT('',(-6.81810632163943,18.1878337856728,60.9764));
#5077=CARTESIAN_POINT('',(-6.7782337833617,19.5962985005039,60.9764));
#5078=CARTESIAN_POINT('',(-6.81397550072283,18.1453650768925,60.9764000000001));
#5079=CARTESIAN_POINT('Ctrl Pts',(-6.81397550067245,18.1453650768311,60.976399999819));
#5080=CARTESIAN_POINT('Ctrl Pts',(-6.81444718782702,18.1502080876462,60.9763999997228));
#5081=CARTESIAN_POINT('Ctrl Pts',(-6.81491864435864,18.1550509099164,60.9763999996312));
#5082=CARTESIAN_POINT('Ctrl Pts',(-6.81538984834467,18.1598933162646,60.9763999996312));
#5083=CARTESIAN_POINT('Ctrl Pts',(-6.81629606394518,18.1692061920187,60.9763999996312));
#5084=CARTESIAN_POINT('Ctrl Pts',(-6.81720150265662,18.1785191435724,60.9764));
#5085=CARTESIAN_POINT('Ctrl Pts',(-6.81810632163943,18.1878337856728,60.9764));
#5086=CARTESIAN_POINT('',(-6.81433583341694,18.1319717305623,60.9764));
#5087=CARTESIAN_POINT('Ctrl Pts',(-6.81433583341694,18.1319717305623,60.9764));
#5088=CARTESIAN_POINT('Ctrl Pts',(-6.81424798593431,18.1352369680089,60.9764));
#5089=CARTESIAN_POINT('Ctrl Pts',(-6.81416013844875,18.1385022054554,60.9763999999984));
#5090=CARTESIAN_POINT('Ctrl Pts',(-6.81404002754846,18.142966654232,60.9763999999984));
#5091=CARTESIAN_POINT('Ctrl Pts',(-6.81400776413598,18.1441658655623,60.9763999999998));
#5092=CARTESIAN_POINT('Ctrl Pts',(-6.81397550072283,18.1453650768925,60.9764000000001));
#5093=CARTESIAN_POINT('',(-5.92297817740442,18.1319717305623,60.9764));
#5094=CARTESIAN_POINT('',(-6.9429398222208,18.1319717305623,60.9764));
#5095=CARTESIAN_POINT('',(-5.9216247295763,18.2326507443787,60.9764));
#5096=CARTESIAN_POINT('',(-5.90362699506789,19.5714494210486,60.9764));
#5097=CARTESIAN_POINT('',(-5.92162472957631,21.9140615703374,60.9764));
#5098=CARTESIAN_POINT('',(-5.92162472957631,21.5230082839131,60.9764));
#5099=CARTESIAN_POINT('',(-7.4429398222208,21.9140615703374,60.9764));
#5100=CARTESIAN_POINT('Origin',(-6.8553,20.023,59.7764));
#5101=CARTESIAN_POINT('',(-5.78154624533708,21.7739830756615,59.7764));
#5102=CARTESIAN_POINT('',(-7.4429398222208,21.7739830756615,59.7764));
#5103=CARTESIAN_POINT('',(-5.78154624533707,18.372729259928,59.7764));
#5104=CARTESIAN_POINT('',(-5.78154624533708,21.5230082839131,59.7764));
#5105=CARTESIAN_POINT('',(-5.78289969316519,18.2720502461115,59.7764));
#5106=CARTESIAN_POINT('',(-5.76545658401916,19.5695919689774,59.7764));
#5107=CARTESIAN_POINT('',(-6.53398772393946,18.2720502461115,59.7764));
#5108=CARTESIAN_POINT('',(-6.9429398222208,18.2720502461115,59.7764));
#5109=CARTESIAN_POINT('',(-6.53357632286428,18.2873407467371,59.7764000000001));
#5110=CARTESIAN_POINT('Ctrl Pts',(-6.53357632286428,18.2873407467371,59.7764000000001));
#5111=CARTESIAN_POINT('Ctrl Pts',(-6.53362560318145,18.2855091504566,59.7764000000005));
#5112=CARTESIAN_POINT('Ctrl Pts',(-6.53367488349779,18.283677554176,59.7764000000015));
#5113=CARTESIAN_POINT('Ctrl Pts',(-6.53381201719157,18.2785807206342,59.7764000000014));
#5114=CARTESIAN_POINT('Ctrl Pts',(-6.53389987056684,18.2753154833729,59.7764));
#5115=CARTESIAN_POINT('Ctrl Pts',(-6.53398772393946,18.2720502461116,59.7764));
#5116=CARTESIAN_POINT('',(-6.53688025394083,18.3349685592371,59.7764));
#5117=CARTESIAN_POINT('Ctrl Pts',(-6.53688025394083,18.3349685592371,59.7764));
#5118=CARTESIAN_POINT('Ctrl Pts',(-6.53615384551453,18.3244799140011,59.7764));
#5119=CARTESIAN_POINT('Ctrl Pts',(-6.53542651746651,18.313989304184,59.7764000004145));
#5120=CARTESIAN_POINT('Ctrl Pts',(-6.53469840844816,18.3034987501815,59.7764000004145));
#5121=CARTESIAN_POINT('Ctrl Pts',(-6.53432455529458,18.2981122948598,59.7764000004145));
#5122=CARTESIAN_POINT('Ctrl Pts',(-6.53395053309785,18.2927263846805,59.7764000003152));
#5123=CARTESIAN_POINT('Ctrl Pts',(-6.53357632292016,18.2873407468164,59.7764000002085));
#5124=CARTESIAN_POINT('',(-6.5397323763429,18.2342196744352,59.7764));
#5125=CARTESIAN_POINT('',(-6.5013948484575,19.5884614060333,59.7764));
#5126=CARTESIAN_POINT('',(-5.94361669514648,18.2342196744349,59.7764));
#5127=CARTESIAN_POINT('Origin',(-5.03193339029297,19.0230856007281,53.3425768552725));
#5128=CARTESIAN_POINT('',(-5.03206824166966,19.0230150477854,53.34315227011));
#5129=CARTESIAN_POINT('',(-5.03193339029297,19.0230856007286,53.3425768552726));
#5130=CARTESIAN_POINT('',(-12.0278051573688,19.0230150477854,53.34315227011));
#5131=CARTESIAN_POINT('',(-8.03057964444161,19.0230167168379,53.3431524649421));
#5132=CARTESIAN_POINT('',(-11.2721247265216,18.2342196744352,59.7764));
#5133=CARTESIAN_POINT('',(-12.027872748382,19.0230856007286,53.3425768552726));
#5134=CARTESIAN_POINT('',(-7.61861669514648,18.2342196744349,59.7764));
#5135=CARTESIAN_POINT('',(-11.1311669156163,18.0870849008709,60.9764));
#5136=CARTESIAN_POINT('',(-7.61861669514648,18.0870849008707,60.9764));
#5137=CARTESIAN_POINT('',(-10.5865094486041,17.5185598041469,65.6131700818922));
#5138=CARTESIAN_POINT('',(-12.027872748382,19.0230856007286,53.3425768552726));
#5139=CARTESIAN_POINT('',(-7.98695070145598,17.477048967231,65.9517236616633));
#5140=CARTESIAN_POINT('Origin',(-8.53057973384857,18.2096969517116,59.9764021242781));
#5141=CARTESIAN_POINT('',(-5.03193339029297,19.0230856007286,53.3425768552726));
#5142=CARTESIAN_POINT('Origin',(-5.03193339029297,19.1223422825237,53.3547469464398));
#5143=CARTESIAN_POINT('',(-5.03193339029297,19.1223422825237,53.3547469464398));
#5144=CARTESIAN_POINT('',(-5.03193339029297,19.1223422825237,53.3547469464398));
#5145=CARTESIAN_POINT('',(-5.03200081349489,19.0726804965884,53.3489498220621));
#5146=CARTESIAN_POINT('Origin',(-5.03193339029297,19.1223422825237,53.3547469464398));
#5147=CARTESIAN_POINT('',(-7.98562142949233,17.5230168658496,65.9516025766908));
#5148=CARTESIAN_POINT('Origin',(-8.5305797338486,-50.4596556203785,59.9764021242781));
#5149=CARTESIAN_POINT('',(-8.04134271596318,17.5230168658496,66.1929414615256));
#5150=CARTESIAN_POINT('',(-5.36656930356548,17.5230168658496,54.6080181150082));
#5151=CARTESIAN_POINT('',(-8.04134271596318,17.5478482702216,66.1959860974086));
#5152=CARTESIAN_POINT('',(-8.04134271596318,17.5478482702216,66.1959860974086));
#5153=CARTESIAN_POINT('',(-5.03193339029297,19.1223422825237,53.3547469464398));
#5154=CARTESIAN_POINT('Ctrl Pts',(-5.03057964444164,19.0230167349473,53.343152467056));
#5155=CARTESIAN_POINT('Ctrl Pts',(-5.53108717354784,18.7727630935182,55.4869813460335));
#5156=CARTESIAN_POINT('Ctrl Pts',(-6.03159470265404,18.5225094520891,57.630810225011));
#5157=CARTESIAN_POINT('Ctrl Pts',(-6.53210223176025,18.27225581066,59.7746391039885));
#5158=CARTESIAN_POINT('Ctrl Pts',(-5.03103089305875,19.0561252508061,53.3470172935173));
#5159=CARTESIAN_POINT('Ctrl Pts',(-5.53206162586195,18.8017288463952,55.4903625790875));
#5160=CARTESIAN_POINT('Ctrl Pts',(-6.03309235866515,18.5473324419843,57.6337078646577));
#5161=CARTESIAN_POINT('Ctrl Pts',(-6.53412309146835,18.2929360375733,59.7770531502279));
#5162=CARTESIAN_POINT('Ctrl Pts',(-5.03148214167586,19.0892337666649,53.3508821199786));
#5163=CARTESIAN_POINT('Ctrl Pts',(-5.53303607817606,18.8306945992722,55.4937438121414));
#5164=CARTESIAN_POINT('Ctrl Pts',(-6.03459001467626,18.5721554318794,57.6366055043044));
#5165=CARTESIAN_POINT('Ctrl Pts',(-6.53614395117646,18.3136162644867,59.7794671964673));
#5166=CARTESIAN_POINT('Ctrl Pts',(-5.03193339029297,19.1223422825237,53.3547469464398));
#5167=CARTESIAN_POINT('Ctrl Pts',(-5.53401053049017,18.8596603521491,55.4971250451954));
#5168=CARTESIAN_POINT('Ctrl Pts',(-6.03608767068737,18.5969784217746,57.639503143951));
#5169=CARTESIAN_POINT('Ctrl Pts',(-6.53816481088457,18.3342964914,59.7818812427066));
#5170=CARTESIAN_POINT('',(-5.03328350176146,19.0216666050676,53.3547183650944));
#5171=CARTESIAN_POINT('Ctrl Pts',(-6.53357632286429,18.2873407467373,59.7764000000002));
#5172=CARTESIAN_POINT('Ctrl Pts',(-6.3905992421487,18.3597086686007,59.1645316786551));
#5173=CARTESIAN_POINT('Ctrl Pts',(-6.25877940806086,18.4263783010898,58.6004379881068));
#5174=CARTESIAN_POINT('Ctrl Pts',(-5.97247887158844,18.5708213429691,57.3753085767895));
#5175=CARTESIAN_POINT('Ctrl Pts',(-5.69779460563918,18.7091269091496,56.1999608527205));
#5176=CARTESIAN_POINT('Ctrl Pts',(-5.42347434645174,18.8436873385447,55.0259432604839));
#5177=CARTESIAN_POINT('Ctrl Pts',(-5.33552208906221,18.8863249934836,54.6494943034223));
#5178=CARTESIAN_POINT('Ctrl Pts',(-5.17705385996939,18.960434455514,53.9709580100991));
#5179=CARTESIAN_POINT('Ctrl Pts',(-5.10313613994476,18.9938380828751,53.654340245165));
#5180=CARTESIAN_POINT('Ctrl Pts',(-5.03328216891217,19.0219318380445,53.3547435472649));
#5181=CARTESIAN_POINT('',(-5.03057964444164,19.0230167168379,53.3431526221925));
#5182=CARTESIAN_POINT('',(-5.03057964444164,19.0230167349473,53.343152467056));
#5183=CARTESIAN_POINT('',(-5.0710852960032,21.9955857881343,53.6901466840043));
#5184=CARTESIAN_POINT('Ctrl Pts',(-6.81266353176808,18.144598100739,60.9713530078631));
#5185=CARTESIAN_POINT('Ctrl Pts',(-7.21940896391642,17.9391879229405,62.7121393632835));
#5186=CARTESIAN_POINT('Ctrl Pts',(-7.62615439606477,17.733777745142,64.452925718704));
#5187=CARTESIAN_POINT('Ctrl Pts',(-8.03289982821311,17.5283675673436,66.1937120741244));
#5188=CARTESIAN_POINT('Ctrl Pts',(-6.81447779505853,18.1590099957169,60.9730353385754));
#5189=CARTESIAN_POINT('Ctrl Pts',(-7.22155657141562,17.9509603754678,62.7135135863455));
#5190=CARTESIAN_POINT('Ctrl Pts',(-7.62863534777271,17.7429107552187,64.4539918341157));
#5191=CARTESIAN_POINT('Ctrl Pts',(-8.0357141241298,17.5348611349696,66.1944700818858));
#5192=CARTESIAN_POINT('Ctrl Pts',(-6.81629205834898,18.1734218906949,60.9747176692877));
#5193=CARTESIAN_POINT('Ctrl Pts',(-7.22370417891482,17.9627328279951,62.7148878094075));
#5194=CARTESIAN_POINT('Ctrl Pts',(-7.63111629948065,17.7520437652953,64.4550579495274));
#5195=CARTESIAN_POINT('Ctrl Pts',(-8.03852842004649,17.5413547025956,66.1952280896472));
#5196=CARTESIAN_POINT('Ctrl Pts',(-6.81810632163943,18.1878337856728,60.9764));
#5197=CARTESIAN_POINT('Ctrl Pts',(-7.22585178641401,17.9745052805224,62.7162620324695));
#5198=CARTESIAN_POINT('Ctrl Pts',(-7.6335972511886,17.761176775372,64.4561240649391));
#5199=CARTESIAN_POINT('Ctrl Pts',(-8.04134271596318,17.5478482702216,66.1959860974086));
#5200=CARTESIAN_POINT('',(-8.03289982821315,17.5283675673437,66.1937120741244));
#5201=CARTESIAN_POINT('Ctrl Pts',(-8.03289982821312,17.5283675673437,66.1937120741244));
#5202=CARTESIAN_POINT('Ctrl Pts',(-8.03392047973141,17.5307225683289,66.1939869783262));
#5203=CARTESIAN_POINT('Ctrl Pts',(-8.0349411312497,17.5330775693141,66.194261882528));
#5204=CARTESIAN_POINT('Ctrl Pts',(-8.03775542716636,17.53957113694,66.1950198902894));
#5205=CARTESIAN_POINT('Ctrl Pts',(-8.03954907156477,17.5437097035808,66.195502993849));
#5206=CARTESIAN_POINT('Ctrl Pts',(-8.04134271596318,17.5478482702216,66.1959860974086));
#5207=CARTESIAN_POINT('Ctrl Pts',(-8.03289982821311,17.5283675673436,66.1937120741244));
#5208=CARTESIAN_POINT('Ctrl Pts',(-7.62322463004308,17.7355242207937,64.4400062998565));
#5209=CARTESIAN_POINT('Ctrl Pts',(-7.29165393136871,17.90344526966,63.0208032379132));
#5210=CARTESIAN_POINT('Ctrl Pts',(-7.00850815828803,18.0468456453376,61.8089645093839));
#5211=CARTESIAN_POINT('Ctrl Pts',(-6.94104906362647,18.0810105894654,61.5202455833941));
#5212=CARTESIAN_POINT('Ctrl Pts',(-6.87633865463891,18.1137839182808,61.2432971850965));
#5213=CARTESIAN_POINT('Ctrl Pts',(-6.81397550121814,18.145365076593,60.9764000021393));
#5214=CARTESIAN_POINT('Ctrl Pts',(-8.03289982821313,17.6223424315353,66.2046819570202));
#5215=CARTESIAN_POINT('Ctrl Pts',(-8.03289982821313,17.5230168658496,66.1930874755224));
#5216=CARTESIAN_POINT('Ctrl Pts',(-7.15319278144666,18.0620005322725,62.4382962352977));
#5217=CARTESIAN_POINT('Ctrl Pts',(-7.15319278144666,17.9626749665868,62.4267017537999));
#5218=CARTESIAN_POINT('Ctrl Pts',(-5.96212819865528,18.6571935549556,57.3395012886249));
#5219=CARTESIAN_POINT('Ctrl Pts',(-5.96212819865528,18.5578679892699,57.3279068071271));
#5220=CARTESIAN_POINT('Ctrl Pts',(-5.03328350176148,19.1209921707533,53.3663128465922));
#5221=CARTESIAN_POINT('Ctrl Pts',(-5.03328350176148,19.0216666050676,53.3547183650944));
#5222=CARTESIAN_POINT('Ctrl Pts',(-6.5339835300322,18.2720501332713,59.7764009666598));
#5223=CARTESIAN_POINT('Ctrl Pts',(-6.01586590493907,18.5309226394113,57.5587374930718));
#5224=CARTESIAN_POINT('Ctrl Pts',(-5.49252450441427,18.7923544907171,55.3191490712711));
#5225=CARTESIAN_POINT('Ctrl Pts',(-5.03328350176148,19.0216666050676,53.3547183650944));
#5226=CARTESIAN_POINT('Origin',(-7.03057964444159,23.0230165678263,70.4764021242781));
#5227=CARTESIAN_POINT('',(-5.03057964444164,21.0230167168379,53.3431526221925));
#5228=CARTESIAN_POINT('',(-7.03057964444159,23.0230165678263,70.4764021242781));
#5229=CARTESIAN_POINT('',(-5.03057994246484,21.0230167168379,53.3431524649421));
#5230=CARTESIAN_POINT('',(-5.0710852960032,21.9955857881343,53.6901466840043));
#5231=CARTESIAN_POINT('',(-5.05764889927411,21.0095280486626,53.5750420970118));
#5232=CARTESIAN_POINT('',(-5.07836276338407,22.52965777033,53.7524900260563));
#5233=CARTESIAN_POINT('',(-5.08399516461523,21.0097081726258,53.8007407014837));
#5234=CARTESIAN_POINT('',(-6.09107538173127,21.016593371633,62.4280203804623));
#5235=CARTESIAN_POINT('',(-5.03328350176146,19.1209921707533,53.3663128465922));
#5236=CARTESIAN_POINT('Ctrl Pts',(-5.08399516461522,21.0097081726258,53.8007407014837));
#5237=CARTESIAN_POINT('Ctrl Pts',(-5.07526650028112,20.6762111807094,53.7259654977269));
#5238=CARTESIAN_POINT('Ctrl Pts',(-5.06642562229412,20.3428225607536,53.6502290015618));
#5239=CARTESIAN_POINT('Ctrl Pts',(-5.05747188989855,20.0097694112617,53.5735257238741));
#5240=CARTESIAN_POINT('Ctrl Pts',(-5.04948419717262,19.7126501651176,53.5050981468398));
#5241=CARTESIAN_POINT('Ctrl Pts',(-5.04142981353194,19.4166534066801,53.4360995752733));
#5242=CARTESIAN_POINT('Ctrl Pts',(-5.03328350176145,19.1209921707533,53.3663128465922));
#5243=CARTESIAN_POINT('',(-6.99212051447279,17.1621547202078,70.1469371374659));
#5244=CARTESIAN_POINT('Origin',(-7.03057964444159,17.0230165678263,70.4764021242781));
#5245=CARTESIAN_POINT('',(-6.99212051447279,17.062829154522,70.1353426559681));
#5246=CARTESIAN_POINT('Origin',(-5.03328350176146,19.1209921707533,53.3663128465922));
#5247=CARTESIAN_POINT('',(-5.03328350176146,19.1209921707533,53.3663128465922));
#5248=CARTESIAN_POINT('Origin',(-10.2053,20.023,59.7764));
#5249=CARTESIAN_POINT('',(-11.2735542843628,18.3349685592371,59.7764));
#5250=CARTESIAN_POINT('',(-11.2795827113943,18.7598253107653,59.7764));
#5251=CARTESIAN_POINT('',(-11.2796140939611,18.2720502575669,59.7764));
#5252=CARTESIAN_POINT('Ctrl Pts',(-11.2796140939611,18.2720502575669,59.7764));
#5253=CARTESIAN_POINT('Ctrl Pts',(-11.2786028716618,18.2825333759833,59.7764));
#5254=CARTESIAN_POINT('Ctrl Pts',(-11.2775924266866,18.2930165703369,59.7763999995846));
#5255=CARTESIAN_POINT('Ctrl Pts',(-11.2765828611239,18.3034987699738,59.7763999995846));
#5256=CARTESIAN_POINT('Ctrl Pts',(-11.275572592765,18.3139882666599,59.7763999995846));
#5257=CARTESIAN_POINT('Ctrl Pts',(-11.2745631017294,18.3244778388295,59.7764));
#5258=CARTESIAN_POINT('Ctrl Pts',(-11.2735542843628,18.3349685592371,59.7764));
#5259=CARTESIAN_POINT('',(-11.2967510348493,21.0144771849913,59.7764));
#5260=CARTESIAN_POINT('Ctrl Pts',(-11.2967510348493,21.0144771849913,59.7764));
#5261=CARTESIAN_POINT('Ctrl Pts',(-11.2938464030556,20.5588246908032,59.7764));
#5262=CARTESIAN_POINT('Ctrl Pts',(-11.2909706644323,20.1031019135743,59.7764));
#5263=CARTESIAN_POINT('Ctrl Pts',(-11.2852590341577,19.1890057475145,59.7764));
#5264=CARTESIAN_POINT('Ctrl Pts',(-11.2824226240483,18.7304939187619,59.7764));
#5265=CARTESIAN_POINT('Ctrl Pts',(-11.2796140942693,18.2720502575753,59.7764));
#5266=CARTESIAN_POINT('',(-10.5286468148917,21.0144771849913,59.7764));
#5267=CARTESIAN_POINT('',(-11.1179398222208,21.0144771849913,59.7764));
#5268=CARTESIAN_POINT('',(-10.5286468148917,21.7739830756615,59.7764));
#5269=CARTESIAN_POINT('',(-10.5286468148917,18.5230082839131,59.7764));
#5270=CARTESIAN_POINT('',(-9.11793982222081,21.7739830756615,59.7764));
#5271=CARTESIAN_POINT('Origin',(-10.2053,20.023,60.9764));
#5272=CARTESIAN_POINT('',(-10.2484898046666,21.9140615703374,60.9764));
#5273=CARTESIAN_POINT('',(-9.11793982222081,21.9140615703374,60.9764));
#5274=CARTESIAN_POINT('',(-10.2484898046666,21.0154348725958,60.9764));
#5275=CARTESIAN_POINT('',(-10.2484898046666,18.5230082839131,60.9764));
#5276=CARTESIAN_POINT('',(-11.1547507914693,21.0154348725958,60.9764));
#5277=CARTESIAN_POINT('',(-11.1179398222208,21.0154348725958,60.9764));
#5278=CARTESIAN_POINT('',(-11.1395357501123,18.131971740733,60.9764));
#5279=CARTESIAN_POINT('Ctrl Pts',(-11.1395357503859,18.1319717407405,60.9764));
#5280=CARTESIAN_POINT('Ctrl Pts',(-11.1420308348832,18.6138249352236,60.9764));
#5281=CARTESIAN_POINT('Ctrl Pts',(-11.144549475743,19.0957390434367,60.9764));
#5282=CARTESIAN_POINT('Ctrl Pts',(-11.1496206179706,20.0568522556863,60.9764));
#5283=CARTESIAN_POINT('Ctrl Pts',(-11.1521735123588,20.5361748612499,60.9764));
#5284=CARTESIAN_POINT('Ctrl Pts',(-11.1547507914693,21.0154348725958,60.9764));
#5285=CARTESIAN_POINT('',(-11.1325964734575,18.1878337856728,60.9764));
#5286=CARTESIAN_POINT('Ctrl Pts',(-11.1325964734575,18.1878337856728,60.9764));
#5287=CARTESIAN_POINT('Ctrl Pts',(-11.1337517829864,18.1785207737542,60.9764));
#5288=CARTESIAN_POINT('Ctrl Pts',(-11.1349079721902,18.1692069896941,60.976400000368));
#5289=CARTESIAN_POINT('Ctrl Pts',(-11.1360649342712,18.1598933023867,60.976400000368));
#5290=CARTESIAN_POINT('Ctrl Pts',(-11.1372211721988,18.150585444603,60.976400000368));
#5291=CARTESIAN_POINT('Ctrl Pts',(-11.1383780749963,18.1412785443543,60.9764));
#5292=CARTESIAN_POINT('Ctrl Pts',(-11.1395357501123,18.131971740733,60.9764));
#5293=CARTESIAN_POINT('',(-11.1407405964145,18.7617953855165,60.9764));
#5294=CARTESIAN_POINT('Origin',(-8.03057964444161,23.0230165678263,70.4764021242781));
#5295=CARTESIAN_POINT('',(-6.53057983070614,22.523016716838,66.1930906668395));
#5296=CARTESIAN_POINT('',(-7.03057964444159,23.0230165678263,70.4764021242781));
#5297=CARTESIAN_POINT('',(-9.0305794209241,22.523016716838,66.1930906668395));
#5298=CARTESIAN_POINT('',(-12.0305797189474,22.523016716838,66.1930906668395));
#5299=CARTESIAN_POINT('',(-8.03057964444161,23.0230165678263,70.4764021242781));
#5300=CARTESIAN_POINT('',(-12.0305796444416,21.0230167168379,53.3431524649421));
#5301=CARTESIAN_POINT('',(-8.03057964444161,23.0230165678263,70.4764021242781));
#5302=CARTESIAN_POINT('',(-12.5305796444416,21.0230167168379,53.3431524649421));
#5303=CARTESIAN_POINT('Origin',(-10.4956896743307,17.5230168658496,66.3985057637294));
#5304=CARTESIAN_POINT('',(-12.027872748382,19.1223422825237,53.3547469464398));
#5305=CARTESIAN_POINT('',(-12.0278112592365,19.0319819447246,53.344198994787));
#5306=CARTESIAN_POINT('',(-12.027872748382,19.1223422825237,53.3547469464398));
#5307=CARTESIAN_POINT('Origin',(-8.03057964444161,17.0230165678263,70.4764021242781));
#5308=CARTESIAN_POINT('',(-11.9764417227559,21.0095280486626,53.5750420970118));
#5309=CARTESIAN_POINT('',(-10.0052632108015,21.0162663174125,62.0182154891202));
#5310=CARTESIAN_POINT('',(-12.0139275058119,19.6340424277801,53.414478777068));
#5311=CARTESIAN_POINT('',(-12.0305796444416,19.0230167168379,53.3431524649421));
#5312=CARTESIAN_POINT('',(-12.0265525877287,19.1707836340926,53.3604016069556));
#5313=CARTESIAN_POINT('',(-12.0305796444416,21.0230167168379,53.3431524649421));
#5314=CARTESIAN_POINT('Origin',(-8.03057964444161,17.0230165678263,70.4764021242781));
#5315=CARTESIAN_POINT('',(-8.49750799481679,22.5230167168379,68.4764021242781));
#5316=CARTESIAN_POINT('',(-8.68012620926979,22.523016716838,67.6941912591368));
#5317=CARTESIAN_POINT('',(-8.4270576036365,22.8247776029988,68.7781631594506));
#5318=CARTESIAN_POINT('',(-8.51596175410993,22.4439733515457,68.3973589079975));
#5319=CARTESIAN_POINT('',(-8.03057964444161,23.0230165678263,70.4764021242781));
#5320=CARTESIAN_POINT('',(-8.03057964444161,23.0230165678263,70.4764021242781));
#5321=CARTESIAN_POINT('',(-8.03057964444161,17.0230165678263,70.4764021242781));
#5322=CARTESIAN_POINT('',(-8.03057964444161,14.2730165678263,70.4764021242781));
#5323=CARTESIAN_POINT('',(-8.53058065169254,17.2730170900783,68.3347416024907));
#5324=CARTESIAN_POINT('',(-8.03057964444161,17.0230165678263,70.4764021242781));
#5325=CARTESIAN_POINT('',(-8.52717396994457,21.021319011768,68.3493334847151));
#5326=CARTESIAN_POINT('Ctrl Pts',(-8.53058065163584,17.2730170923444,68.3347416027335));
#5327=CARTESIAN_POINT('Ctrl Pts',(-8.53001684387515,17.8978736458348,68.3371565675145));
#5328=CARTESIAN_POINT('Ctrl Pts',(-8.52945099512453,18.5227374819842,68.3395802744927));
#5329=CARTESIAN_POINT('Ctrl Pts',(-8.52831545298017,19.7721665640944,68.3444441562573));
#5330=CARTESIAN_POINT('Ctrl Pts',(-8.52774574811491,20.3967464893189,68.3468843801795));
#5331=CARTESIAN_POINT('Ctrl Pts',(-8.52717396994457,21.021319011768,68.3493334847151));
#5332=CARTESIAN_POINT('',(-10.0052632108015,21.0162663174125,62.0182154891202));
#5333=CARTESIAN_POINT('Ctrl Pts',(-12.027872748382,19.1223422825237,53.3547469464398));
#5334=CARTESIAN_POINT('Ctrl Pts',(-11.7761497414731,18.8595884316757,55.4977116133194));
#5335=CARTESIAN_POINT('Ctrl Pts',(-11.5244267345641,18.5968345808277,57.640676280199));
#5336=CARTESIAN_POINT('Ctrl Pts',(-11.2727037276552,18.3340807299797,59.7836409470787));
#5337=CARTESIAN_POINT('Ctrl Pts',(-12.0287750469041,19.0892337666605,53.350882119978));
#5338=CARTESIAN_POINT('Ctrl Pts',(-11.7775190922996,18.8306238130544,55.4943305126695));
#5339=CARTESIAN_POINT('Ctrl Pts',(-11.5262631376951,18.5720138594483,57.637778905361));
#5340=CARTESIAN_POINT('Ctrl Pts',(-11.2750071830905,18.3134039058421,59.7812272980524));
#5341=CARTESIAN_POINT('Ctrl Pts',(-12.0296773454263,19.0561252507973,53.3470172935162));
#5342=CARTESIAN_POINT('Ctrl Pts',(-11.7788884431261,18.801659194433,55.4909494120196));
#5343=CARTESIAN_POINT('Ctrl Pts',(-11.528099540826,18.5471931380688,57.6348815305229));
#5344=CARTESIAN_POINT('Ctrl Pts',(-11.2773106385258,18.2927270817045,59.7788136490262));
#5345=CARTESIAN_POINT('Ctrl Pts',(-12.0305796439484,19.0230167349341,53.3431524670544));
#5346=CARTESIAN_POINT('Ctrl Pts',(-11.7802577939527,18.7726945758117,55.4875683113696));
#5347=CARTESIAN_POINT('Ctrl Pts',(-11.5299359439569,18.5223724166893,57.6319841556848));
#5348=CARTESIAN_POINT('Ctrl Pts',(-11.2796140939611,18.2720502575669,59.7764));
#5349=CARTESIAN_POINT('',(-12.0265525877287,19.1707836340926,53.3604016069556));
#5350=CARTESIAN_POINT('',(-12.0305796439484,19.0230167349341,53.3431524670544));
#5351=CARTESIAN_POINT('Origin',(-12.0305796444416,21.0095280486626,53.5750420970118));
#5352=CARTESIAN_POINT('',(-12.0305796444416,21.0095280486626,53.5750420970118));
#5353=CARTESIAN_POINT('',(-12.0305796444416,21.0095280486626,53.5750420970118));
#5354=CARTESIAN_POINT('',(-12.0305796444416,21.0095280486626,53.5750420970118));
#5355=CARTESIAN_POINT('Origin',(-12.0305796444416,21.0095280486626,53.5750420970118));
#5356=CARTESIAN_POINT('',(-9.03058194667103,21.0230165678263,70.4764021242781));
#5357=CARTESIAN_POINT('',(-5.03057964444164,21.0095280486626,53.5750420970118));
#5358=CARTESIAN_POINT('',(-10.030581946671,21.0230165678263,70.4764021242781));
#5359=CARTESIAN_POINT('',(-9.03057964444159,21.0230165678263,70.4764021242781));
#5360=CARTESIAN_POINT('',(-12.0305796444416,21.0095280486626,53.5750420970118));
#5361=CARTESIAN_POINT('Ctrl Pts',(-12.0305796444416,19.0230167349473,53.343152467056));
#5362=CARTESIAN_POINT('Ctrl Pts',(-11.7802577943828,18.7726945758219,55.4875683113825));
#5363=CARTESIAN_POINT('Ctrl Pts',(-11.529935944324,18.5223724166966,57.6319841557091));
#5364=CARTESIAN_POINT('Ctrl Pts',(-11.2796140942651,18.2720502575712,59.7764000000356));
#5365=CARTESIAN_POINT('Ctrl Pts',(-12.0305796444416,19.6851871728524,53.4204490103746));
#5366=CARTESIAN_POINT('Ctrl Pts',(-11.7802577943828,19.5188684792619,55.5551903367013));
#5367=CARTESIAN_POINT('Ctrl Pts',(-11.529935944324,19.3525497856714,57.689931663028));
#5368=CARTESIAN_POINT('Ctrl Pts',(-11.2796140942651,19.1862310920808,59.8246729893547));
#5369=CARTESIAN_POINT('Ctrl Pts',(-12.0305796444416,20.3473576107575,53.4977455536932));
#5370=CARTESIAN_POINT('Ctrl Pts',(-11.7802577943828,20.2650423827018,55.6228123620201));
#5371=CARTESIAN_POINT('Ctrl Pts',(-11.529935944324,20.1827271546462,57.747879170347));
#5372=CARTESIAN_POINT('Ctrl Pts',(-11.2796140942651,20.1004119265905,59.8729459786739));
#5373=CARTESIAN_POINT('Ctrl Pts',(-12.0305796444416,21.0095280486626,53.5750420970118));
#5374=CARTESIAN_POINT('Ctrl Pts',(-11.7802577943828,21.0112162861418,55.6904343873389));
#5375=CARTESIAN_POINT('Ctrl Pts',(-11.529935944324,21.012904523621,57.805826677666));
#5376=CARTESIAN_POINT('Ctrl Pts',(-11.2796140942651,21.0145927611001,59.9212189679931));
#5377=CARTESIAN_POINT('',(-12.0305796444416,19.0230167349473,53.343152467056));
#5378=CARTESIAN_POINT('Ctrl Pts',(-11.1547507914693,18.1471868006096,60.8460583012477));
#5379=CARTESIAN_POINT('Ctrl Pts',(-10.7800278432032,17.7724633896818,64.0561729089245));
#5380=CARTESIAN_POINT('Ctrl Pts',(-10.4053048949371,17.3977399787541,67.2662875166013));
#5381=CARTESIAN_POINT('Ctrl Pts',(-10.030581946671,17.0230165678263,70.4764021242781));
#5382=CARTESIAN_POINT('Ctrl Pts',(-11.1547507914693,19.1032694912717,60.8895055341651));
#5383=CARTESIAN_POINT('Ctrl Pts',(-10.7800278432032,18.8542962945676,64.0851377308695));
#5384=CARTESIAN_POINT('Ctrl Pts',(-10.4053048949371,18.6053230978636,67.2807699275738));
#5385=CARTESIAN_POINT('Ctrl Pts',(-10.030581946671,18.3563499011596,70.4764021242781));
#5386=CARTESIAN_POINT('Ctrl Pts',(-11.1547507914693,20.0593521819337,60.9329527670826));
#5387=CARTESIAN_POINT('Ctrl Pts',(-10.7800278432032,19.9361291994535,64.1141025528144));
#5388=CARTESIAN_POINT('Ctrl Pts',(-10.4053048949371,19.8129062169732,67.2952523385462));
#5389=CARTESIAN_POINT('Ctrl Pts',(-10.030581946671,19.689683234493,70.4764021242781));
#5390=CARTESIAN_POINT('Ctrl Pts',(-11.1547507914693,21.0154348725958,60.9764));
#5391=CARTESIAN_POINT('Ctrl Pts',(-10.7800278432032,21.0179621043393,64.1430673747594));
#5392=CARTESIAN_POINT('Ctrl Pts',(-10.4053048949371,21.0204893360828,67.3097347495187));
#5393=CARTESIAN_POINT('Ctrl Pts',(-10.030581946671,21.0230165678263,70.4764021242781));
#5394=CARTESIAN_POINT('',(-10.030581946671,17.0230165678263,70.4764021242781));
#5395=CARTESIAN_POINT('Ctrl Pts',(-10.030581946671,17.0230165678263,70.4764021242781));
#5396=CARTESIAN_POINT('Ctrl Pts',(-10.030581946671,18.3563499011596,70.4764021242781));
#5397=CARTESIAN_POINT('Ctrl Pts',(-10.030581946671,19.689683234493,70.4764021242781));
#5398=CARTESIAN_POINT('Ctrl Pts',(-10.030581946671,21.0230165678263,70.4764021242781));
#5399=CARTESIAN_POINT('',(-10.4489399549053,17.4413750926978,66.8924818973027));
#5400=CARTESIAN_POINT('',(-12.0305796439484,19.0230167349341,53.3431524670544));
#5401=CARTESIAN_POINT('',(-10.4490689655203,17.5230168658496,66.8924818973027));
#5402=CARTESIAN_POINT('Ctrl Pts',(-10.4490689655203,17.5230168658496,66.8924818973027));
#5403=CARTESIAN_POINT('Ctrl Pts',(-10.4490259471874,17.4958029227822,66.8924818973027));
#5404=CARTESIAN_POINT('Ctrl Pts',(-10.4489829436857,17.4685889962457,66.8924818973027));
#5405=CARTESIAN_POINT('Ctrl Pts',(-10.4489399550085,17.4413750927006,66.8924818973027));
#5406=CARTESIAN_POINT('',(-10.5305816272364,17.5230168658496,66.1930875148062));
#5407=CARTESIAN_POINT('Ctrl Pts',(-10.5305816273564,17.5230168658496,66.193087514835));
#5408=CARTESIAN_POINT('Ctrl Pts',(-10.5034306152178,17.5230168658496,66.4261304688251));
#5409=CARTESIAN_POINT('Ctrl Pts',(-10.4762527720683,17.5230168658496,66.6593198278697));
#5410=CARTESIAN_POINT('Ctrl Pts',(-10.4490689655203,17.5230168658496,66.8924818973027));
#5411=CARTESIAN_POINT('',(-12.0305796439484,19.0230167349341,53.3431524670544));
#5412=CARTESIAN_POINT('Origin',(-11.1305796444416,14.0383237987294,76.6520016847042));
#5413=CARTESIAN_POINT('',(-11.1305796444416,14.0383237987294,76.6520016847042));
#5414=CARTESIAN_POINT('',(-11.1305796444416,11.5230165678263,75.4790946603215));
#5415=CARTESIAN_POINT('',(-11.1305796444416,11.8225989788106,75.618792232812));
#5416=CARTESIAN_POINT('',(-12.6305796444416,14.0383237987294,76.6520016847042));
#5417=CARTESIAN_POINT('',(-11.1305796444416,14.0383237987294,76.6520016847042));
#5418=CARTESIAN_POINT('',(-12.6305796444416,11.5230165678263,75.4790946603215));
#5419=CARTESIAN_POINT('',(-12.6305796444416,19.0230166274309,78.9764021242781));
#5420=CARTESIAN_POINT('',(-6.33057964444163,11.5230165678263,75.4790946603215));
#5421=CARTESIAN_POINT('Origin',(-11.1305796444416,19.0230166274309,78.9764021242781));
#5422=CARTESIAN_POINT('',(-11.1305796444416,14.2463371610741,81.7028161199296));
#5423=CARTESIAN_POINT('Origin',(-11.1305796444416,19.0230166274309,78.9764021242781));
#5424=CARTESIAN_POINT('',(-12.6305796444416,14.2463371610741,81.7028161199296));
#5425=CARTESIAN_POINT('',(-11.1305796444416,14.2463371610741,81.7028161199297));
#5426=CARTESIAN_POINT('Origin',(-12.6305796444416,19.0230166274309,78.9764021242781));
#5427=CARTESIAN_POINT('Origin',(-12.6305796444416,12.8846768644502,79.4684966148239));
#5428=CARTESIAN_POINT('',(-12.6305796444416,11.5230165678263,78.9764021242781));
#5429=CARTESIAN_POINT('',(-12.6305796444416,13.0091833651023,83.4578985693263));
#5430=CARTESIAN_POINT('Origin',(-12.6305796444416,19.023016627431,78.9764021242781));
#5431=CARTESIAN_POINT('',(-12.6305796444416,11.5230165678263,77.972449369551));
#5432=CARTESIAN_POINT('',(-12.6305796444416,15.027572305669,80.5945205340495));
#5433=CARTESIAN_POINT('Origin',(-1.53057964444159,11.5230165678263,76.4764021242781));
#5434=CARTESIAN_POINT('',(-14.0305796444416,11.5230165678263,78.9764021242781));
#5435=CARTESIAN_POINT('',(-15.1305796444416,11.5230165678263,78.9764021242781));
#5436=CARTESIAN_POINT('',(-14.0305796444416,11.5230165678263,72.4764021242781));
#5437=CARTESIAN_POINT('',(-14.0305796444416,11.5230165678263,75.7264021242781));
#5438=CARTESIAN_POINT('',(-11.1305796444416,11.5230165678263,72.4764021242781));
#5439=CARTESIAN_POINT('',(-7.78057964444159,11.5230165678263,72.4764021242781));
#5440=CARTESIAN_POINT('',(-11.1305796444416,11.5230165678263,73.4764021242781));
#5441=CARTESIAN_POINT('Origin',(-1.53057964444159,19.023016627431,78.9764021242781));
#5442=CARTESIAN_POINT('',(-14.0305796444416,13.0091833651024,83.4578985693263));
#5443=CARTESIAN_POINT('',(-15.1305796444416,13.0091833651024,83.4578985693263));
#5444=CARTESIAN_POINT('Origin',(-14.0305796444416,19.023016627431,78.9764021242781));
#5445=CARTESIAN_POINT('Origin',(-3.03057964444161,15.2086368677428,80.3376541394765));
#5446=CARTESIAN_POINT('',(-11.1305796444416,15.2086368677429,80.3376541394765));
#5447=CARTESIAN_POINT('',(-11.1305796444416,16.9188131602004,77.911520536654));
#5448=CARTESIAN_POINT('',(-14.0305796444416,15.2086368677429,80.3376541394765));
#5449=CARTESIAN_POINT('',(-3.03057964444161,15.2086368677428,80.3376541394765));
#5450=CARTESIAN_POINT('',(-14.0305796444416,17.1040539606581,77.6487295410202));
#5451=CARTESIAN_POINT('Origin',(-10.4956896743307,17.5230168658496,66.3985057637294));
#5452=CARTESIAN_POINT('',(-10.4956896743307,17.5230168658496,66.3985057637294));
#5453=CARTESIAN_POINT('',(-12.027872748382,19.1223422825237,53.3547469464398));
#5454=CARTESIAN_POINT('',(-10.5865754783684,17.5230168658496,65.613145998051));
#5455=CARTESIAN_POINT('',(-11.2700867498674,17.5230168658496,59.7068082844061));
#5456=CARTESIAN_POINT('Origin',(-8.53057973384864,-173.346515212218,59.9764021242781));
#5457=CARTESIAN_POINT('Origin',(-9.02990344161445,17.5478482702216,66.1959860974086));
#5458=CARTESIAN_POINT('',(-9.02986985747368,17.5230168658496,66.1930874755224));
#5459=CARTESIAN_POINT('',(-9.02990344161445,17.5230168658496,66.1929414615256));
#5460=CARTESIAN_POINT('',(-10.594406750692,17.5230168658496,59.3909398070435));
#5461=CARTESIAN_POINT('',(-9.02990344161445,17.5478482702216,66.1959860974086));
#5462=CARTESIAN_POINT('',(-9.02988665018498,17.5354330419188,66.1945368417829));
#5463=CARTESIAN_POINT('',(-9.02990344161445,17.5478482702216,66.1959860974086));
#5464=CARTESIAN_POINT('Origin',(-8.04134271596318,17.5478482702216,66.1959860974086));
#5465=CARTESIAN_POINT('',(-12.0359612547082,17.5230168658496,66.1929414615256));
#5466=CARTESIAN_POINT('',(-7.03125677813762,17.5478482702216,66.1959860974086));
#5467=CARTESIAN_POINT('Origin',(-4.03057964444162,19.0230167168379,68.4764021242781));
#5468=CARTESIAN_POINT('',(-8.03057964444161,19.0230167168379,53.3431524649421));
#5469=CARTESIAN_POINT('Origin',(-8.53057979345323,19.0230167168379,59.9764021242781));
#5470=CARTESIAN_POINT('',(-8.03057964444161,19.0230167168379,53.3431524649421));
#5471=CARTESIAN_POINT('Origin',(-5.03057964444164,19.0230167168379,53.3431524649421));
#5472=CARTESIAN_POINT('Origin',(-8.53057973384857,16.5230167168379,59.9764021242781));
#5473=CARTESIAN_POINT('',(-9.53057979345321,15.5230167168379,65.8924818973026));
#5474=CARTESIAN_POINT('',(-9.53057979345321,16.5230168360472,65.8924818973026));
#5475=CARTESIAN_POINT('',(-9.53057979345321,16.5230167168379,65.8924818973026));
#5476=CARTESIAN_POINT('',(-7.53057972267271,15.5230167168379,65.8924818973026));
#5477=CARTESIAN_POINT('Origin',(-8.53057973384857,15.5230167168379,59.9764021242781));
#5478=CARTESIAN_POINT('',(-7.53057972267271,16.5230168360472,65.8924818973026));
#5479=CARTESIAN_POINT('',(-7.53057972267271,16.5230167168379,65.8924818973026));
#5480=CARTESIAN_POINT('',(-8.53057973384857,16.5230167168379,53.976402124278));
#5481=CARTESIAN_POINT('Origin',(-8.53057973384857,16.5230167168379,59.976402124278));
#5482=CARTESIAN_POINT('',(-8.53057973384857,17.5230168658496,53.9764021242781));
#5483=CARTESIAN_POINT('',(-8.53057973384857,16.5230167168379,53.9764021242781));
#5484=CARTESIAN_POINT('Origin',(-8.53057973384857,17.5230168658496,59.9764021242781));
#5485=CARTESIAN_POINT('Origin',(-8.53057973384857,17.5230168658496,59.9764021242781));
#5486=CARTESIAN_POINT('Origin',(-8.53057973384857,16.5230167168379,59.976402124278));
#5487=CARTESIAN_POINT('Ctrl Pts',(-8.03289982821313,17.6223424315353,66.2046819570202));
#5488=CARTESIAN_POINT('Ctrl Pts',(-8.03289982821313,17.5230168658496,66.1930874755224));
#5489=CARTESIAN_POINT('Ctrl Pts',(-7.15319278144666,18.0620005322725,62.4382962352977));
#5490=CARTESIAN_POINT('Ctrl Pts',(-7.15319278144666,17.9626749665868,62.4267017537999));
#5491=CARTESIAN_POINT('Ctrl Pts',(-5.96212819865528,18.6571935549556,57.3395012886249));
#5492=CARTESIAN_POINT('Ctrl Pts',(-5.96212819865528,18.5578679892699,57.3279068071271));
#5493=CARTESIAN_POINT('Ctrl Pts',(-5.03328350176148,19.1209921707533,53.3663128465922));
#5494=CARTESIAN_POINT('Ctrl Pts',(-5.03328350176148,19.0216666050676,53.3547183650944));
#5495=CARTESIAN_POINT('',(-8.03289982821315,17.5230168658496,66.1930874755224));
#5496=CARTESIAN_POINT('',(-8.03289982821312,17.6223424315353,66.2046819570202));
#5497=CARTESIAN_POINT('Ctrl Pts',(-8.03289982821313,17.5230168658496,66.1930874755224));
#5498=CARTESIAN_POINT('Ctrl Pts',(-7.66684621411558,17.7059623558666,64.6258622150342));
#5499=CARTESIAN_POINT('Ctrl Pts',(-7.24688218959007,17.915838144681,62.827935205386));
#5500=CARTESIAN_POINT('Ctrl Pts',(-6.81433266614497,18.1319716453501,60.9764007299809));
#5501=CARTESIAN_POINT('Origin',(-5.03328350176146,19.1209921707533,53.3663128465922));
#5502=CARTESIAN_POINT('',(-6.53193290600523,17.5230168658496,66.1930874755224));
#5503=CARTESIAN_POINT('',(-6.99212051447279,17.062829154522,70.1353426559681));
#5504=CARTESIAN_POINT('',(-6.53193290600523,17.6223424315353,66.2046819570202));
#5505=CARTESIAN_POINT('',(-6.5319329060052,17.5726796486924,66.1988847162713));
#5506=CARTESIAN_POINT('',(-6.99212051447279,17.1621547202078,70.1469371374659));
#5507=CARTESIAN_POINT('Origin',(-7.03057964444159,17.0230165678263,70.4764021242781));
#5508=CARTESIAN_POINT('',(-11.5305797189474,17.5230168658496,66.1930874755224));
#5509=CARTESIAN_POINT('Origin',(-9.0305801659823,17.5230168658496,66.1930874755224));
#5510=CARTESIAN_POINT('',(-11.5305797189474,17.5230168658496,66.1930874755224));
#5511=CARTESIAN_POINT('Ctrl Pts',(-5.03057964444164,21.0095280486626,53.5750420970118));
#5512=CARTESIAN_POINT('Ctrl Pts',(-5.04838481783283,21.0095880899837,53.6502749651691));
#5513=CARTESIAN_POINT('Ctrl Pts',(-5.06618999122403,21.0096481313048,53.7255078333264));
#5514=CARTESIAN_POINT('Ctrl Pts',(-5.08399516461522,21.0097081726258,53.8007407014837));
#5515=CARTESIAN_POINT('Ctrl Pts',(-5.03057964444164,20.3473576107575,53.4977455536932));
#5516=CARTESIAN_POINT('Ctrl Pts',(-5.04838481783283,20.3444301108664,53.5733224912415));
#5517=CARTESIAN_POINT('Ctrl Pts',(-5.06618999122403,20.3415026109753,53.6488994287899));
#5518=CARTESIAN_POINT('Ctrl Pts',(-5.08399516461522,20.3385751110841,53.7244763663382));
#5519=CARTESIAN_POINT('Ctrl Pts',(-5.03057964444164,19.6851871728524,53.4204490103746));
#5520=CARTESIAN_POINT('Ctrl Pts',(-5.04838481783283,19.6792721317491,53.496370017314));
#5521=CARTESIAN_POINT('Ctrl Pts',(-5.06618999122403,19.6733570906457,53.5722910242534));
#5522=CARTESIAN_POINT('Ctrl Pts',(-5.08399516461522,19.6674420495424,53.6482120311928));
#5523=CARTESIAN_POINT('Ctrl Pts',(-5.03057964444164,19.0230167349473,53.343152467056));
#5524=CARTESIAN_POINT('Ctrl Pts',(-5.04838481783283,19.0141141526318,53.4194175433864));
#5525=CARTESIAN_POINT('Ctrl Pts',(-5.06618999122403,19.0052115703162,53.4956826197169));
#5526=CARTESIAN_POINT('Ctrl Pts',(-5.08399516461522,18.9963089880007,53.5719476960473));
#5527=CARTESIAN_POINT('',(-5.03057964444164,21.0095280486626,53.5750420970118));
#5528=CARTESIAN_POINT('',(-5.03057964444164,21.0095280486626,53.5750420970118));
#5529=CARTESIAN_POINT('',(-5.03057964444164,21.0095280486626,53.5750420970118));
#5530=CARTESIAN_POINT('Ctrl Pts',(-10.4376648456407,17.4624493103833,66.8924818973027));
#5531=CARTESIAN_POINT('Ctrl Pts',(-10.2973366374036,17.315971729531,68.0871219729611));
#5532=CARTESIAN_POINT('Ctrl Pts',(-10.1570084291665,17.1694941486786,69.2817620486196));
#5533=CARTESIAN_POINT('Ctrl Pts',(-10.0166802209294,17.0230165678263,70.4764021242781));
#5534=CARTESIAN_POINT('Ctrl Pts',(-10.4415176502551,17.4555190061309,66.8916729083593));
#5535=CARTESIAN_POINT('Ctrl Pts',(-10.3014498100067,17.3113515266961,68.0865826469989));
#5536=CARTESIAN_POINT('Ctrl Pts',(-10.1613819697583,17.1671840472612,69.2814923856385));
#5537=CARTESIAN_POINT('Ctrl Pts',(-10.0213141295099,17.0230165678263,70.4764021242781));
#5538=CARTESIAN_POINT('Ctrl Pts',(-10.4453704548694,17.4485887018785,66.890863919416));
#5539=CARTESIAN_POINT('Ctrl Pts',(-10.3055629826098,17.3067313238611,68.0860433210367));
#5540=CARTESIAN_POINT('Ctrl Pts',(-10.1657555103501,17.1648739458437,69.2812227226574));
#5541=CARTESIAN_POINT('Ctrl Pts',(-10.0259480380905,17.0230165678263,70.4764021242781));
#5542=CARTESIAN_POINT('Ctrl Pts',(-10.4492232594838,17.4416583976261,66.8900549304727));
#5543=CARTESIAN_POINT('Ctrl Pts',(-10.3096761552129,17.3021111210262,68.0855039950745));
#5544=CARTESIAN_POINT('Ctrl Pts',(-10.1701290509419,17.1625638444262,69.2809530596763));
#5545=CARTESIAN_POINT('Ctrl Pts',(-10.030581946671,17.0230165678263,70.4764021242781));
#5546=CARTESIAN_POINT('',(-10.4376648456407,17.4624493103833,66.8924818973027));
#5547=CARTESIAN_POINT('Ctrl Pts',(-10.4489399549053,17.4413750926978,66.8924818973027));
#5548=CARTESIAN_POINT('Ctrl Pts',(-10.4470600423812,17.4448858910571,66.8924818973027));
#5549=CARTESIAN_POINT('Ctrl Pts',(-10.4451807393722,17.4483970157934,66.8924818974415));
#5550=CARTESIAN_POINT('Ctrl Pts',(-10.4414222788002,17.4554219237748,66.8924818974415));
#5551=CARTESIAN_POINT('Ctrl Pts',(-10.4395432119317,17.4589355389919,66.8924818973027));
#5552=CARTESIAN_POINT('Ctrl Pts',(-10.4376648456407,17.4624493103833,66.8924818973027));
#5553=CARTESIAN_POINT('',(-10.0166802209294,17.0230165678263,70.4764021242781));
#5554=CARTESIAN_POINT('Ctrl Pts',(-10.0166802209294,17.0230165678263,70.4764021242781));
#5555=CARTESIAN_POINT('Ctrl Pts',(-10.0213141295099,17.0230165678263,70.4764021242781));
#5556=CARTESIAN_POINT('Ctrl Pts',(-10.0259480380905,17.0230165678263,70.4764021242781));
#5557=CARTESIAN_POINT('Ctrl Pts',(-10.030581946671,17.0230165678263,70.4764021242781));
#5558=CARTESIAN_POINT('',(-12.027872748382,19.1223422825237,53.3547469464398));
#5559=CARTESIAN_POINT('Ctrl Pts',(-11.1325964734575,18.1878337856728,60.9764));
#5560=CARTESIAN_POINT('Ctrl Pts',(-10.9202942070819,17.9662281457317,62.7837685879098));
#5561=CARTESIAN_POINT('Ctrl Pts',(-10.7079919407063,17.7446225057906,64.5911371758196));
#5562=CARTESIAN_POINT('Ctrl Pts',(-10.4956896743307,17.5230168658496,66.3985057637294));
#5563=CARTESIAN_POINT('Ctrl Pts',(-11.1351598869186,18.1694634255782,60.9742555893565));
#5564=CARTESIAN_POINT('Ctrl Pts',(-10.9232515307539,17.9513527334644,62.7820321498526));
#5565=CARTESIAN_POINT('Ctrl Pts',(-10.7113431745892,17.7332420413506,64.5898087103488));
#5566=CARTESIAN_POINT('Ctrl Pts',(-10.4994348184245,17.5151313492369,66.3975852708449));
#5567=CARTESIAN_POINT('Ctrl Pts',(-11.1377233003798,18.1510930654836,60.9721111787131));
#5568=CARTESIAN_POINT('Ctrl Pts',(-10.926208854426,17.9364773211971,62.7802957117955));
#5569=CARTESIAN_POINT('Ctrl Pts',(-10.7146944084721,17.7218615769107,64.5884802448779));
#5570=CARTESIAN_POINT('Ctrl Pts',(-10.5031799625183,17.5072458326242,66.3966647779603));
#5571=CARTESIAN_POINT('Ctrl Pts',(-11.1402867138409,18.132722705389,60.9699667680696));
#5572=CARTESIAN_POINT('Ctrl Pts',(-10.929166178098,17.9216019089299,62.7785592737383));
#5573=CARTESIAN_POINT('Ctrl Pts',(-10.7180456423551,17.7104811124707,64.5871517794071));
#5574=CARTESIAN_POINT('Ctrl Pts',(-10.5069251066121,17.4993603160115,66.3957442850758));
#5575=CARTESIAN_POINT('Ctrl Pts',(-10.4956896743307,17.5230168658496,66.3985057637294));
#5576=CARTESIAN_POINT('Ctrl Pts',(-10.5014732116608,17.5230168658496,66.3651171855744));
#5577=CARTESIAN_POINT('Ctrl Pts',(-10.5072033141969,17.5230168658496,66.3317055028513));
#5578=CARTESIAN_POINT('Ctrl Pts',(-10.5188350453187,17.5230168658496,66.2632425893677));
#5579=CARTESIAN_POINT('Ctrl Pts',(-10.5247362561511,17.5230168658496,66.228161949334));
#5580=CARTESIAN_POINT('Ctrl Pts',(-10.5305816272364,17.5230168658496,66.1930875148062));
#5581=CARTESIAN_POINT('Origin',(-8.53032107944841,20.0443086321221,53.4623700111382));
#5582=CARTESIAN_POINT('Origin',(-5.03193339029297,19.1223422825237,53.3547469464398));
#5583=CARTESIAN_POINT('',(-8.86729662417054,17.4624493103833,66.8924818973027));
#5584=CARTESIAN_POINT('',(-7.2812565918731,17.4624493103833,66.8924818973027));
#5585=CARTESIAN_POINT('',(-9.04447985542198,17.0230165678263,70.4764021242781));
#5586=CARTESIAN_POINT('',(-5.53125651736728,17.0230165678263,70.4764021242781));
#5587=CARTESIAN_POINT('',(-8.53656435068793,17.2887530743685,68.3091115502972));
#5588=CARTESIAN_POINT('',(-5.03193339029297,19.1223422825237,53.3547469464398));
#5589=CARTESIAN_POINT('',(-9.85096377993202,17.9790583508256,62.6791281569652));
#5590=CARTESIAN_POINT('Ctrl Pts',(-8.52717396994457,21.021319011768,68.3493334847151));
#5591=CARTESIAN_POINT('Ctrl Pts',(-8.69497662885339,21.0218848637875,69.0583563645694));
#5592=CARTESIAN_POINT('Ctrl Pts',(-8.86277928776221,21.0224507158069,69.7673792444238));
#5593=CARTESIAN_POINT('Ctrl Pts',(-9.03058194667103,21.0230165678263,70.4764021242781));
#5594=CARTESIAN_POINT('Ctrl Pts',(-8.52717396994457,19.7724528186294,68.3396055661941));
#5595=CARTESIAN_POINT('Ctrl Pts',(-8.69497662885339,19.7448629572506,69.0518710855554));
#5596=CARTESIAN_POINT('Ctrl Pts',(-8.86277928776221,19.7172730958718,69.7641366049168));
#5597=CARTESIAN_POINT('Ctrl Pts',(-9.03058194667103,19.689683234493,70.4764021242781));
#5598=CARTESIAN_POINT('Ctrl Pts',(-8.52717396994457,18.5235866254907,68.3298776476731));
#5599=CARTESIAN_POINT('Ctrl Pts',(-8.69497662885339,18.4678410507137,69.0453858065414));
#5600=CARTESIAN_POINT('Ctrl Pts',(-8.86277928776221,18.4120954759367,69.7608939654097));
#5601=CARTESIAN_POINT('Ctrl Pts',(-9.03058194667103,18.3563499011596,70.4764021242781));
#5602=CARTESIAN_POINT('Ctrl Pts',(-8.52717396994457,17.274720432352,68.3201497291521));
#5603=CARTESIAN_POINT('Ctrl Pts',(-8.69497662885339,17.1908191441768,69.0389005275274));
#5604=CARTESIAN_POINT('Ctrl Pts',(-8.86277928776221,17.1069178560015,69.7576513259027));
#5605=CARTESIAN_POINT('Ctrl Pts',(-9.03058194667103,17.0230165678263,70.4764021242781));
#5606=CARTESIAN_POINT('',(-9.03058194667103,17.0230165678263,70.4764021242781));
#5607=CARTESIAN_POINT('',(-5.03057964444164,19.0230167349473,53.343152467056));
#5608=CARTESIAN_POINT('Ctrl Pts',(-9.03058194667103,21.0230165678263,70.4764021242781));
#5609=CARTESIAN_POINT('Ctrl Pts',(-9.03058194667103,19.689683234493,70.4764021242781));
#5610=CARTESIAN_POINT('Ctrl Pts',(-9.03058194667103,18.3563499011596,70.4764021242781));
#5611=CARTESIAN_POINT('Ctrl Pts',(-9.03058194667103,17.0230165678263,70.4764021242781));
#5612=CARTESIAN_POINT('Ctrl Pts',(-8.52425430512708,17.2761802640425,68.3076438997915));
#5613=CARTESIAN_POINT('Ctrl Pts',(-8.69303018564173,17.1917923653038,69.0305633079537));
#5614=CARTESIAN_POINT('Ctrl Pts',(-8.86180606615638,17.107404466565,69.7534827161159));
#5615=CARTESIAN_POINT('Ctrl Pts',(-9.03058194667103,17.0230165678263,70.4764021242781));
#5616=CARTESIAN_POINT('Ctrl Pts',(-8.52835765364736,17.2803712008179,68.3081331166268));
#5617=CARTESIAN_POINT('Ctrl Pts',(-8.69730996340536,17.194586323154,69.0308894525105));
#5618=CARTESIAN_POINT('Ctrl Pts',(-8.86626227316335,17.1088014454902,69.7536457883943));
#5619=CARTESIAN_POINT('Ctrl Pts',(-9.03521458292135,17.0230165678263,70.4764021242781));
#5620=CARTESIAN_POINT('Ctrl Pts',(-8.53246100216763,17.2845621375932,68.308622333462));
#5621=CARTESIAN_POINT('Ctrl Pts',(-8.70158974116898,17.1973802810042,69.0312155970673));
#5622=CARTESIAN_POINT('Ctrl Pts',(-8.87071848017032,17.1101984244153,69.7538088606727));
#5623=CARTESIAN_POINT('Ctrl Pts',(-9.03984721917167,17.0230165678263,70.4764021242781));
#5624=CARTESIAN_POINT('Ctrl Pts',(-8.53656435068791,17.2887530743685,68.3091115502972));
#5625=CARTESIAN_POINT('Ctrl Pts',(-8.7058695189326,17.2001742388544,69.0315417416241));
#5626=CARTESIAN_POINT('Ctrl Pts',(-8.87517468717729,17.1115954033404,69.7539719329511));
#5627=CARTESIAN_POINT('Ctrl Pts',(-9.04447985542198,17.0230165678263,70.4764021242781));
#5628=CARTESIAN_POINT('Ctrl Pts',(-8.53656435068793,17.2887530743685,68.3091115502972));
#5629=CARTESIAN_POINT('Ctrl Pts',(-8.53556962048689,17.2861063594402,68.3133722905166));
#5630=CARTESIAN_POINT('Ctrl Pts',(-8.53457334509351,17.2834709193707,68.3176396492775));
#5631=CARTESIAN_POINT('Ctrl Pts',(-8.53257876905186,17.2782255474644,68.3261830415991));
#5632=CARTESIAN_POINT('Ctrl Pts',(-8.5315804798369,17.2756156126368,68.3304590261872));
#5633=CARTESIAN_POINT('Ctrl Pts',(-8.53058065163584,17.2730170923444,68.3347416027335));
#5634=CARTESIAN_POINT('Ctrl Pts',(-9.03058194667103,17.0230165678263,70.4764021242781));
#5635=CARTESIAN_POINT('Ctrl Pts',(-9.03521458292135,17.0230165678263,70.4764021242781));
#5636=CARTESIAN_POINT('Ctrl Pts',(-9.03984721917167,17.0230165678263,70.4764021242781));
#5637=CARTESIAN_POINT('Ctrl Pts',(-9.04447985542198,17.0230165678263,70.4764021242781));
#5638=CARTESIAN_POINT('Origin',(-8.53032107944841,20.0443086321221,53.4623700111382));
#5639=CARTESIAN_POINT('',(-12.0305796444416,21.0095280486626,53.5750420970118));
#5640=CARTESIAN_POINT('Origin',(-12.0305796444416,21.0095280486626,53.5750420970118));
#5641=CARTESIAN_POINT('Origin',(-16.0305797934532,17.5230168658496,53.4764019901676));
#5642=CARTESIAN_POINT('',(-15.6145000204286,17.5230168658496,66.8924818973027));
#5643=CARTESIAN_POINT('',(-12.7805797934532,17.5230168658496,66.8924818973027));
#5644=CARTESIAN_POINT('',(-16.0305797934532,17.5230168658496,66.4764021242781));
#5645=CARTESIAN_POINT('',(-18.7805798269808,17.5230168658496,63.7264020907505));
#5646=CARTESIAN_POINT('',(-16.0305797934532,17.5230168658496,59.9764022034965));
#5647=CARTESIAN_POINT('',(-16.0305797934532,17.5230168658496,74.6849020572228));
#5648=CARTESIAN_POINT('',(-1.03057979345323,17.5230168658496,59.9764021242781));
#5649=CARTESIAN_POINT('Origin',(-8.53057979345323,17.5230168658496,59.9764021242781));
#5650=CARTESIAN_POINT('',(-1.03057979345323,17.5230168658496,66.4764021242781));
#5651=CARTESIAN_POINT('',(-1.03057979345323,17.5230168658496,67.9764020572229));
#5652=CARTESIAN_POINT('',(-1.44665956647778,17.5230168658496,66.8924818973027));
#5653=CARTESIAN_POINT('',(-2.03057975992561,17.5230168658496,67.4764020907505));
#5654=CARTESIAN_POINT('',(-6.6122212169174,17.5230168658496,66.8924818973027));
#5655=CARTESIAN_POINT('',(-12.7805797934532,17.5230168658496,66.8924818973027));
#5656=CARTESIAN_POINT('',(-6.53057945817711,17.5230168658496,66.1930874755224));
#5657=CARTESIAN_POINT('',(-6.1121900559365,17.5230168658496,62.6089018997329));
#5658=CARTESIAN_POINT('',(-11.5305797189474,17.5230168658496,66.1930874755224));
#5659=CARTESIAN_POINT('Origin',(-9.53057979345321,16.5230167168379,66.8924818973027));
#5660=CARTESIAN_POINT('',(-8.86729662417057,17.4413750888609,66.8924818973027));
#5661=CARTESIAN_POINT('',(-8.86729662417054,16.7730166423321,66.8924818973027));
#5662=CARTESIAN_POINT('',(-6.6122212169174,17.4413750888609,66.8924818973027));
#5663=CARTESIAN_POINT('',(-8.2805797189474,17.4413750888609,66.8924818973027));
#5664=CARTESIAN_POINT('',(-6.6122212169174,19.7730166423321,66.8924818973027));
#5665=CARTESIAN_POINT('',(-1.44665956647778,16.5230167168379,66.8924818973027));
#5666=CARTESIAN_POINT('',(-1.44665956647778,19.1480167168379,66.8924818973027));
#5667=CARTESIAN_POINT('',(-7.53057972267271,16.5230168360472,66.8924818973027));
#5668=CARTESIAN_POINT('',(-12.3060322102164,16.5230167168379,66.8924818973027));
#5669=CARTESIAN_POINT('',(-7.53057972267271,15.5230167168379,66.8924818973027));
#5670=CARTESIAN_POINT('',(-7.53057972267271,16.5230167168379,66.8924818973027));
#5671=CARTESIAN_POINT('',(-9.53057979345321,15.5230167168379,66.8924818973027));
#5672=CARTESIAN_POINT('',(-12.7805797934532,15.5230167168379,66.8924818973027));
#5673=CARTESIAN_POINT('',(-9.53057979345321,16.5230168360472,66.8924818973027));
#5674=CARTESIAN_POINT('',(-9.53057979345321,16.5230167168379,66.8924818973027));
#5675=CARTESIAN_POINT('',(-15.6145000204286,16.5230168360472,66.8924818973027));
#5676=CARTESIAN_POINT('',(-8.53057979345323,16.5230168360472,66.8924818973027));
#5677=CARTESIAN_POINT('',(-15.6145000204286,14.6480167168379,66.8924818973027));
#5678=CARTESIAN_POINT('Origin',(-8.03057964444161,17.0230165678263,70.4764021242781));
#5679=CARTESIAN_POINT('',(-8.03057964444161,17.0230165678263,70.4764021242781));
#5680=CARTESIAN_POINT('Origin',(-5.03057964444164,19.0230167168379,53.3431524649421));
#5681=CARTESIAN_POINT('Origin',(-9.0305801659823,17.5230168658496,66.1930874755224));
#5682=CARTESIAN_POINT('',(-6.57117638612831,20.5023063146668,66.5408661783405));
#5683=CARTESIAN_POINT('Origin',(-7.03057964444159,23.0230165678263,70.4764021242781));
#5684=CARTESIAN_POINT('',(-7.03057964444159,17.0230165678263,70.4764021242781));
#5685=CARTESIAN_POINT('',(-7.03057964444159,17.0230165678263,70.4764021242781));
#5686=CARTESIAN_POINT('',(-7.03057964444159,23.0230165678263,70.4764021242781));
#5687=CARTESIAN_POINT('',(-7.03057964444159,17.2730165678263,70.4764021242781));
#5688=CARTESIAN_POINT('',(-6.83234069438406,22.8247776029988,68.7781631594506));
#5689=CARTESIAN_POINT('',(-7.03057964444159,23.0230165678263,70.4764021242781));
#5690=CARTESIAN_POINT('',(-6.79711550404289,22.5230167168379,68.4764021242781));
#5691=CARTESIAN_POINT('',(-7.04907640577165,24.6814714063162,70.634856962768));
#5692=CARTESIAN_POINT('',(-6.86074838268219,22.523016716838,69.0215212036422));
#5693=CARTESIAN_POINT('Origin',(-7.03057964444159,17.0230165678263,70.4764021242781));
#5694=CARTESIAN_POINT('',(-6.53057964444159,17.0230165678263,70.4764021242781));
#5695=CARTESIAN_POINT('Origin',(-8.03057964444161,23.0230165678263,70.4764021242781));
#5696=CARTESIAN_POINT('',(-12.4055796444416,22.8247776029988,68.7781631594506));
#5697=CARTESIAN_POINT('',(-7.03057964444159,23.0230165678263,70.4764021242781));
#5698=CARTESIAN_POINT('Origin',(-16.7805796444416,25.0230165678263,70.9764021242781));
#5699=CARTESIAN_POINT('',(-14.0305797934532,22.5230167168379,68.4764021242781));
#5700=CARTESIAN_POINT('',(-12.2805797934532,22.5230167168379,68.4764021242781));
#5701=CARTESIAN_POINT('',(-14.0305796444416,26.5230165678263,72.4764021242781));
#5702=CARTESIAN_POINT('',(-14.0305796444416,23.5230165678263,69.4764021242781));
#5703=CARTESIAN_POINT('',(-11.1305796444416,26.5230165678263,72.4764021242781));
#5704=CARTESIAN_POINT('',(-16.7805796444416,26.5230165678263,72.4764021242781));
#5705=CARTESIAN_POINT('',(-11.1305796444416,24.5230165678263,70.4764021242781));
#5706=CARTESIAN_POINT('',(-11.1305796444416,21.5230165678263,67.4764021242781));
#5707=CARTESIAN_POINT('',(-5.93057964444156,24.5230165678263,70.4764021242781));
#5708=CARTESIAN_POINT('',(-11.4055796444416,24.5230165678263,70.4764021242781));
#5709=CARTESIAN_POINT('',(-5.9305796444416,26.5230165678263,72.4764021242781));
#5710=CARTESIAN_POINT('',(-5.93057964444156,24.2730165678263,70.2264021242781));
#5711=CARTESIAN_POINT('',(-3.03057964444161,26.5230165678263,72.4764021242781));
#5712=CARTESIAN_POINT('',(-16.7805796444416,26.5230165678263,72.4764021242781));
#5713=CARTESIAN_POINT('',(-3.03057979345322,22.5230167168379,68.4764021242781));
#5714=CARTESIAN_POINT('',(-3.03057964444161,23.5230165678263,69.4764021242781));
#5715=CARTESIAN_POINT('',(-12.2805797934532,22.5230167168379,68.4764021242781));
#5716=CARTESIAN_POINT('Origin',(-13.0305796444416,21.0230167168379,68.4764021242781));
#5717=CARTESIAN_POINT('Origin',(-8.53057979345323,21.0230167168379,59.9764021242781));
#5718=CARTESIAN_POINT('Origin',(-8.53057973384857,25.523016716838,59.9764021242781));
#5719=CARTESIAN_POINT('',(-6.55057973384856,25.523016716838,59.9764021242781));
#5720=CARTESIAN_POINT('Origin',(-8.53057973384857,25.523016716838,59.9764021242781));
#5721=CARTESIAN_POINT('',(-6.55057973384856,22.523016716838,59.9764021242781));
#5722=CARTESIAN_POINT('',(-6.55057973384856,25.523016716838,59.9764021242781));
#5723=CARTESIAN_POINT('Origin',(-8.53057973384857,22.523016716838,59.9764021242781));
#5724=CARTESIAN_POINT('Origin',(-8.53057973384857,12.5230167168379,59.9764021242781));
#5725=CARTESIAN_POINT('',(-10.5105797338486,12.5230167168379,59.9764021242781));
#5726=CARTESIAN_POINT('Origin',(-8.53057973384857,12.5230167168379,59.9764021242781));
#5727=CARTESIAN_POINT('',(-10.5105797338486,15.5230167168379,59.9764021242781));
#5728=CARTESIAN_POINT('',(-10.5105797338486,12.5230167168379,59.9764021242781));
#5729=CARTESIAN_POINT('Origin',(-8.53057973384857,15.5230167168379,59.9764021242781));
#5730=CARTESIAN_POINT('Origin',(-3.03057964444161,25.0368498631419,83.4578986050452));
#5731=CARTESIAN_POINT('',(-14.0305796444416,22.837396376077,80.3376541704177));
#5732=CARTESIAN_POINT('',(-14.0305796444416,25.0368498631419,83.4578986050452));
#5733=CARTESIAN_POINT('',(-14.0305796444416,22.0417060123957,79.2088517458316));
#5734=CARTESIAN_POINT('',(-11.1305796444416,22.837396376077,80.3376541704177));
#5735=CARTESIAN_POINT('',(-3.03057964444161,22.837396376077,80.3376541704177));
#5736=CARTESIAN_POINT('',(-11.1305796444416,25.0368498631419,83.4578986050452));
#5737=CARTESIAN_POINT('',(-11.1305796444416,19.7373653628364,75.9398096271604));
#5738=CARTESIAN_POINT('',(-1.53057964444159,25.0368498631419,83.4578986050452));
#5739=CARTESIAN_POINT('Origin',(-3.03057964444161,19.023016627431,78.9764021242781));
#5740=CARTESIAN_POINT('Origin',(-14.0305796444416,19.023016627431,78.9764021242781));
#5741=CARTESIAN_POINT('Origin',(-11.1305796444416,19.023016627431,78.9764021242781));
#5742=CARTESIAN_POINT('Origin',(-3.03057964444161,15.2086368677428,80.3376541394765));
#5743=CARTESIAN_POINT('',(-5.93057964444156,13.0091833651024,83.4578985693263));
#5744=CARTESIAN_POINT('',(-5.93057964444156,15.2086368677429,80.3376541394765));
#5745=CARTESIAN_POINT('',(-5.93057964444156,14.328802212264,81.5858274605542));
#5746=CARTESIAN_POINT('',(-3.03057964444161,13.0091833651024,83.4578985693263));
#5747=CARTESIAN_POINT('',(-1.53057964444159,13.0091833651024,83.4578985693263));
#5748=CARTESIAN_POINT('',(-3.03057964444161,15.2086368677428,80.3376541394765));
#5749=CARTESIAN_POINT('',(-3.03057964444161,17.1040539606581,77.6487295410202));
#5750=CARTESIAN_POINT('',(-3.03057964444161,15.2086368677428,80.3376541394765));
#5751=CARTESIAN_POINT('Origin',(-3.03057964444161,19.023016627431,78.9764021242781));
#5752=CARTESIAN_POINT('',(-5.93057964444156,22.837396376077,80.3376541704177));
#5753=CARTESIAN_POINT('Origin',(-5.93057964444156,19.023016627431,78.9764021242781));
#5754=CARTESIAN_POINT('',(-3.03057964444161,22.837396376077,80.3376541704177));
#5755=CARTESIAN_POINT('Origin',(-3.03057964444161,19.023016627431,78.9764021242781));
#5756=CARTESIAN_POINT('',(-3.03057964444161,22.837396376077,80.3376541704177));
#5757=CARTESIAN_POINT('Origin',(-3.03057964444161,25.0368498631419,83.4578986050452));
#5758=CARTESIAN_POINT('',(-5.93057964444156,25.0368498631419,83.4578986050452));
#5759=CARTESIAN_POINT('',(-5.93057964444156,22.3273763032751,79.61411657207));
#5760=CARTESIAN_POINT('',(-3.03057964444161,25.0368498631419,83.4578986050452));
#5761=CARTESIAN_POINT('',(-3.03057964444161,22.0417060123957,79.2088517458316));
#5762=CARTESIAN_POINT('',(-1.53057964444159,25.0368498631419,83.4578986050452));
#5763=CARTESIAN_POINT('Origin',(-3.03057964444161,19.0230165678263,74.9764021242781));
#5764=CARTESIAN_POINT('',(-3.03057964444161,11.5230165678263,78.9764021242781));
#5765=CARTESIAN_POINT('Origin',(-3.03057964444161,19.023016627431,78.9764021242781));
#5766=CARTESIAN_POINT('',(-3.03057964444161,11.5230165678263,72.4764021242781));
#5767=CARTESIAN_POINT('',(-3.03057964444161,11.5230165678263,75.7264021242781));
#5768=CARTESIAN_POINT('',(-3.03057979345322,15.5230167168379,68.4764021242781));
#5769=CARTESIAN_POINT('',(-3.03057964444161,14.5230165678263,69.4764021242781));
#5770=CARTESIAN_POINT('',(-3.03057979345322,21.7730167168379,68.4764021242781));
#5771=CARTESIAN_POINT('',(-3.03057964444161,26.5230166472992,78.9771741647411));
#5772=CARTESIAN_POINT('',(-3.03057964444161,26.5230165678263,75.7264021242781));
#5773=CARTESIAN_POINT('Origin',(-3.03057964444161,19.023016627431,78.9764021242781));
#5774=CARTESIAN_POINT('Origin',(-11.1305796444416,11.5230165678263,70.4764021242781));
#5775=CARTESIAN_POINT('',(-11.1305796444416,13.5230165678263,70.4764021242781));
#5776=CARTESIAN_POINT('',(-11.1305796444416,12.7730165678263,71.2264021242781));
#5777=CARTESIAN_POINT('',(-11.1305796444416,11.5230165678263,70.4764021242781));
#5778=CARTESIAN_POINT('',(-11.1305796444416,26.5230165678263,78.9764021242781));
#5779=CARTESIAN_POINT('',(-11.1305796444416,26.5230165678263,73.4764021242781));
#5780=CARTESIAN_POINT('Origin',(-11.1305796444416,19.023016627431,78.9764021242781));
#5781=CARTESIAN_POINT('Origin',(-16.0305797934532,22.523016716838,66.4764021242781));
#5782=CARTESIAN_POINT('',(-1.03057979345323,22.523016716838,66.4764021242781));
#5783=CARTESIAN_POINT('',(-5.28057979345324,22.523016716838,70.7264021242781));
#5784=CARTESIAN_POINT('',(-1.03057979345323,22.523016716838,59.9764021242781));
#5785=CARTESIAN_POINT('',(-1.03057979345323,22.523016716838,74.4764021242781));
#5786=CARTESIAN_POINT('',(-16.0305797934532,22.523016716838,59.9764022034965));
#5787=CARTESIAN_POINT('Origin',(-8.53057979345323,22.523016716838,59.9764021242781));
#5788=CARTESIAN_POINT('',(-16.0305797934532,22.5230167168379,66.4764021242781));
#5789=CARTESIAN_POINT('',(-16.0305797934532,22.5230167168379,81.7264021242781));
#5790=CARTESIAN_POINT('',(-15.5305797934532,22.523016716838,66.9764021242781));
#5791=CARTESIAN_POINT('Origin',(-15.0305797934532,12.7730167168379,67.4764021242781));
#5792=CARTESIAN_POINT('',(-16.0305797934532,16.5230168360472,66.4764021242781));
#5793=CARTESIAN_POINT('',(-15.9055798269808,16.5230168360472,66.6014020907505));
#5794=CARTESIAN_POINT('',(-16.0305797934532,15.523016716838,66.4764021242781));
#5795=CARTESIAN_POINT('',(-16.0305797934532,12.7730167168379,66.4764021242781));
#5796=CARTESIAN_POINT('',(-14.0305797934532,15.5230167168379,68.4764021242781));
#5797=CARTESIAN_POINT('',(-18.2805797934532,15.5230167168379,64.2264021242781));
#5798=CARTESIAN_POINT('',(-14.0305797934532,12.7730167168379,68.4764021242781));
#5799=CARTESIAN_POINT('',(-16.0305797934532,12.7730167168379,66.4764021242781));
#5800=CARTESIAN_POINT('Origin',(-16.0305797934532,16.5230168360472,64.9764019901676));
#5801=CARTESIAN_POINT('',(-9.53057979345321,16.5230168360472,65.4344419437351));
#5802=CARTESIAN_POINT('',(-7.53057972267271,16.5230168360472,65.9344419437352));
#5803=CARTESIAN_POINT('',(-1.03057979345323,16.5230168360472,66.4764021242781));
#5804=CARTESIAN_POINT('',(-4.90557975992562,16.5230168360472,70.3514020907505));
#5805=CARTESIAN_POINT('',(-1.03057979345323,16.5230167168379,59.9764019901676));
#5806=CARTESIAN_POINT('',(-1.03057979345323,16.5230168360472,73.7264020572229));
#5807=CARTESIAN_POINT('',(-16.0305797934532,16.5230168360472,59.9764022034965));
#5808=CARTESIAN_POINT('Origin',(-8.53057979345323,16.5230167168379,59.9764019901676));
#5809=CARTESIAN_POINT('',(-16.0305797934532,16.5230168360472,73.7264020572229));
#5810=CARTESIAN_POINT('Origin',(-16.0305797934532,12.0230167168379,82.4764021242781));
#5811=CARTESIAN_POINT('',(-16.0305797934532,21.523016716838,59.9764022034965));
#5812=CARTESIAN_POINT('',(-16.0305797934532,21.523016716838,59.9764022034965));
#5813=CARTESIAN_POINT('',(-16.0305797934532,20.5230168658496,59.9764022034965));
#5814=CARTESIAN_POINT('',(-16.0305797934532,25.5230167168379,59.9764021242781));
#5815=CARTESIAN_POINT('',(-16.0305797934532,20.5230168658496,59.9764022034965));
#5816=CARTESIAN_POINT('Origin',(-16.0305797934532,12.0230167168379,82.4764021242781));
#5817=CARTESIAN_POINT('',(-16.0305797934532,15.5230167168379,59.9764021242781));
#5818=CARTESIAN_POINT('',(-16.0305797934532,16.5230167168379,59.9764021242781));
#5819=CARTESIAN_POINT('',(-16.0305797934532,15.523016716838,81.7264021242781));
#5820=CARTESIAN_POINT('Origin',(-2.03057979345321,21.7730167168379,67.4764021242781));
#5821=CARTESIAN_POINT('',(-1.03057979345323,21.7730167168379,66.4764021242781));
#5822=CARTESIAN_POINT('',(-1.03057979345323,15.5230167168379,66.4764021242781));
#5823=CARTESIAN_POINT('',(-2.53057979345321,15.5230167168379,67.9764021242781));
#5824=CARTESIAN_POINT('',(-1.03057979345323,21.7730167168379,66.4764021242781));
#5825=CARTESIAN_POINT('Origin',(-1.03057979345323,30.0230167168379,82.4764021242781));
#5826=CARTESIAN_POINT('',(-1.03057979345323,24.0230168658495,59.9764021242781));
#5827=CARTESIAN_POINT('Origin',(-8.53057979345323,25.5230167168379,59.9764021242781));
#5828=CARTESIAN_POINT('',(-1.03057979345323,15.5230167168379,59.9764019901676));
#5829=CARTESIAN_POINT('',(-1.03057979345323,16.5230167168379,59.9764019901676));
#5830=CARTESIAN_POINT('Origin',(-8.53057979345323,15.5230167168379,59.9764021242781));
#5831=CARTESIAN_POINT('Origin',(-1.03057979345323,30.0230167168379,82.4764021242781));
#5832=CARTESIAN_POINT('',(-1.03057979345323,15.5230167168379,74.4764021242781));
#5833=CARTESIAN_POINT('Origin',(-16.0305797934532,25.523016716838,55.4764021242781));
#5834=CARTESIAN_POINT('Origin',(-16.0305797934532,15.5230167168379,55.4764021242781));
#5835=CARTESIAN_POINT('',(-12.2805797934532,15.5230167168379,68.4764021242781));
#5836=CARTESIAN_POINT('',(-9.53057979345321,15.5230167168379,60.6844420107904));
#5837=CARTESIAN_POINT('',(-7.53057972267271,15.5230167168379,61.1844420107904));
#5838=CARTESIAN_POINT('Origin',(-16.0305797934532,12.5230167168379,55.4764021242781));
#5839=CARTESIAN_POINT('Origin',(-8.53057979345323,25.5230167168379,59.9764021242781));
#5840=CARTESIAN_POINT('Origin',(-7.53057972267271,16.5230167168379,66.8924818973027));
#5841=CARTESIAN_POINT('Origin',(-9.53057979345321,16.5230167168379,65.8924818973026));
#5842=CARTESIAN_POINT('Origin',(-5.93057964444156,11.5230165678263,81.4764021242781));
#5843=CARTESIAN_POINT('',(-5.93057964444156,26.5230165678263,78.9764021242781));
#5844=CARTESIAN_POINT('Origin',(-5.93057964444156,19.023016627431,78.9764021242781));
#5845=CARTESIAN_POINT('',(-5.9305796444416,26.5230165678263,78.9764021242781));
#5846=CARTESIAN_POINT('',(-5.93057964444156,13.5230165678263,70.4764021242781));
#5847=CARTESIAN_POINT('',(-5.93057964444156,11.5230165678263,70.4764021242781));
#5848=CARTESIAN_POINT('',(-5.93057964444156,11.5230165678263,72.4764021242781));
#5849=CARTESIAN_POINT('',(-5.93057964444156,10.0230165678263,73.9764021242781));
#5850=CARTESIAN_POINT('',(-5.93057964444156,11.5230165678263,78.9764021242781));
#5851=CARTESIAN_POINT('',(-5.93057964444156,11.5230165678263,78.9764021242781));
#5852=CARTESIAN_POINT('Origin',(-5.93057964444156,19.023016627431,78.9764021242781));
#5853=CARTESIAN_POINT('Origin',(-6.03057964444158,11.5230165678263,70.4764021242781));
#5854=CARTESIAN_POINT('',(-6.90557964444157,13.5230165678263,70.4764021242781));
#5855=CARTESIAN_POINT('Origin',(-19.5305796444416,26.5230165678263,76.4764021242781));
#5856=CARTESIAN_POINT('',(-14.0305796444416,26.5230166472992,78.9771741647411));
#5857=CARTESIAN_POINT('',(-14.0305796444416,26.5230165678263,75.7264021242781));
#5858=CARTESIAN_POINT('',(-1.53057964444159,26.5230165678263,78.9764021242781));
#5859=CARTESIAN_POINT('Origin',(-7.78057964444159,13.0230165678263,70.9764021242781));
#5860=CARTESIAN_POINT('',(-7.78057964444159,11.5230165678263,72.4764021242781));
#5861=CARTESIAN_POINT('',(-14.0305796444416,14.5230165678263,69.4764021242781));
#5862=CARTESIAN_POINT('Origin',(-1.53057964444159,11.5230165678263,76.4764021242781));
#5863=CARTESIAN_POINT('',(-1.53057964444159,11.5230165678263,78.9764021242781));
#5864=CARTESIAN_POINT('Origin',(-1.53057964444159,19.023016627431,78.9764021242781));
#5865=CARTESIAN_POINT('Origin',(-14.0305796444416,19.023016627431,78.9764021242781));
#5866=CARTESIAN_POINT('Origin',(-1.53057964444159,19.023016627431,78.9764021242781));
#5867=CARTESIAN_POINT('Origin',(-19.5305796444416,26.5230165678263,76.4764021242781));
#5868=CARTESIAN_POINT('',(-1.53057964444159,26.5230165678263,78.9764021242781));
#5869=CARTESIAN_POINT('Origin',(-1.53057964444159,19.023016627431,78.9764021242781));
#5870=CARTESIAN_POINT('Origin',(-14.0305796444416,19.0230165678263,74.9764021242781));
#5871=CARTESIAN_POINT('',(0.,0.,0.));
#5872=CARTESIAN_POINT('',(0.,0.,0.));
#5873=UNCERTAINTY_MEASURE_WITH_UNIT(LENGTH_MEASURE(0.01),#5881,
'DISTANCE_ACCURACY_VALUE',
'Maximum model space distance between geometric entities at asserted c
onnectivities');
#5874=UNCERTAINTY_MEASURE_WITH_UNIT(LENGTH_MEASURE(0.01),#5881,
'DISTANCE_ACCURACY_VALUE',
'Maximum model space distance between geometric entities at asserted c
onnectivities');
#5875=UNCERTAINTY_MEASURE_WITH_UNIT(LENGTH_MEASURE(0.01),#5881,
'DISTANCE_ACCURACY_VALUE',
'Maximum model space distance between geometric entities at asserted c
onnectivities');
#5876=UNCERTAINTY_MEASURE_WITH_UNIT(LENGTH_MEASURE(0.01),#5881,
'DISTANCE_ACCURACY_VALUE',
'Maximum model space distance between geometric entities at asserted c
onnectivities');
#5877=(
GEOMETRIC_REPRESENTATION_CONTEXT(3)
GLOBAL_UNCERTAINTY_ASSIGNED_CONTEXT((#5873))
GLOBAL_UNIT_ASSIGNED_CONTEXT((#5881,#5883,#5884))
REPRESENTATION_CONTEXT('','3D')
);
#5878=(
GEOMETRIC_REPRESENTATION_CONTEXT(3)
GLOBAL_UNCERTAINTY_ASSIGNED_CONTEXT((#5874))
GLOBAL_UNIT_ASSIGNED_CONTEXT((#5881,#5883,#5884))
REPRESENTATION_CONTEXT('','3D')
);
#5879=(
GEOMETRIC_REPRESENTATION_CONTEXT(3)
GLOBAL_UNCERTAINTY_ASSIGNED_CONTEXT((#5875))
GLOBAL_UNIT_ASSIGNED_CONTEXT((#5881,#5883,#5884))
REPRESENTATION_CONTEXT('','3D')
);
#5880=(
GEOMETRIC_REPRESENTATION_CONTEXT(3)
GLOBAL_UNCERTAINTY_ASSIGNED_CONTEXT((#5876))
GLOBAL_UNIT_ASSIGNED_CONTEXT((#5881,#5883,#5884))
REPRESENTATION_CONTEXT('','3D')
);
#5881=(
LENGTH_UNIT()
NAMED_UNIT(*)
SI_UNIT(.MILLI.,.METRE.)
);
#5882=(
LENGTH_UNIT()
NAMED_UNIT(*)
SI_UNIT($,.METRE.)
);
#5883=(
NAMED_UNIT(*)
PLANE_ANGLE_UNIT()
SI_UNIT($,.RADIAN.)
);
#5884=(
NAMED_UNIT(*)
SI_UNIT($,.STERADIAN.)
SOLID_ANGLE_UNIT()
);
#5885=SHAPE_DEFINITION_REPRESENTATION(#5888,#5893);
#5886=SHAPE_DEFINITION_REPRESENTATION(#5889,#5894);
#5887=SHAPE_DEFINITION_REPRESENTATION(#5890,#5895);
#5888=PRODUCT_DEFINITION_SHAPE('',$,#5897);
#5889=PRODUCT_DEFINITION_SHAPE('',$,#5898);
#5890=PRODUCT_DEFINITION_SHAPE('',$,#5899);
#5891=PRODUCT_DEFINITION_SHAPE($,$,#17);
#5892=PRODUCT_DEFINITION_SHAPE($,$,#18);
#5893=SHAPE_REPRESENTATION('',(#3466,#3711,#3712),#5877);
#5894=SHAPE_REPRESENTATION('',(#3467),#5878);
#5895=SHAPE_REPRESENTATION('',(#3585),#5879);
#5896=PRODUCT_DEFINITION_CONTEXT('part definition',#5907,'design');
#5897=PRODUCT_DEFINITION('2026-09-13-15-05-27-503','Hand assebly',#5900,
#5896);
#5898=PRODUCT_DEFINITION('2026-09-13-15-07-43-939','Body30 (2)',#5901,#5896);
#5899=PRODUCT_DEFINITION('2026-09-13-15-07-46-003','Body30 (1)',#5902,#5896);
#5900=PRODUCT_DEFINITION_FORMATION('',$,#5909);
#5901=PRODUCT_DEFINITION_FORMATION('',$,#5910);
#5902=PRODUCT_DEFINITION_FORMATION('',$,#5911);
#5903=PRODUCT_RELATED_PRODUCT_CATEGORY('Hand assebly','Hand assebly',(#5909));
#5904=PRODUCT_RELATED_PRODUCT_CATEGORY('Body30 (2)','Body30 (2)',(#5910));
#5905=PRODUCT_RELATED_PRODUCT_CATEGORY('Body30 (1)','Body30 (1)',(#5911));
#5906=APPLICATION_PROTOCOL_DEFINITION('international standard',
'automotive_design',2009,#5907);
#5907=APPLICATION_CONTEXT(
'Core Data for Automotive Mechanical Design Process');
#5908=PRODUCT_CONTEXT('part definition',#5907,'mechanical');
#5909=PRODUCT('2026-09-13-15-05-27-503','Hand assebly',$,(#5908));
#5910=PRODUCT('2026-09-13-15-07-43-939','Body30 (2)',$,(#5908));
#5911=PRODUCT('2026-09-13-15-07-46-003','Body30 (1)',$,(#5908));
#5912=PRESENTATION_STYLE_ASSIGNMENT((#5913));
#5913=SURFACE_STYLE_USAGE(.BOTH.,#5914);
#5914=SURFACE_SIDE_STYLE('',(#5915));
#5915=SURFACE_STYLE_FILL_AREA(#5916);
#5916=FILL_AREA_STYLE('ABS (White)',(#5917));
#5917=FILL_AREA_STYLE_COLOUR('ABS (White)',#5918);
#5918=COLOUR_RGB('ABS (White)',0.964705882352941,0.964705882352941,0.952941176470588);
ENDSEC;
END-ISO-10303-21;
